ISO-10303-21;
HEADER;
/* Generated by software containing ST-Developer
 * from STEP Tools, Inc. (www.steptools.com) 
 */

FILE_DESCRIPTION(
/* description */ (''),
/* implementation_level */ '2;1');

FILE_NAME(
/* name */ 'connecting_rod.step',
/* time_stamp */ '2026-08-18T13:53:17-04:00',
/* author */ (''),
/* organization */ (''),
/* preprocessor_version */ 'ST-DEVELOPER v20.1',
/* originating_system */ 'Autodesk Translation Framework v15.8.0.0',
/* authorisation */ '');

FILE_SCHEMA (('AUTOMOTIVE_DESIGN { 1 0 10303 214 3 1 1 }'));
ENDSEC;

DATA;
#10=MECHANICAL_DESIGN_GEOMETRIC_PRESENTATION_REPRESENTATION('',(#13),#2473);
#11=SHAPE_REPRESENTATION_RELATIONSHIP('SRR','None',#2480,#12);
#12=ADVANCED_BREP_SHAPE_REPRESENTATION('',(#14),#2472);
#13=STYLED_ITEM('',(#2489),#14);
#14=MANIFOLD_SOLID_BREP('Body1',#1241);
#15=FACE_BOUND('',#319,.T.);
#16=FACE_BOUND('',#321,.T.);
#17=FACE_BOUND('',#343,.T.);
#18=FACE_BOUND('',#384,.T.);
#19=PLANE('',#1275);
#20=PLANE('',#1281);
#21=PLANE('',#1289);
#22=PLANE('',#1307);
#23=PLANE('',#1308);
#24=PLANE('',#1336);
#25=PLANE('',#1339);
#26=PLANE('',#1354);
#27=PLANE('',#1355);
#28=PLANE('',#1383);
#29=PLANE('',#1388);
#30=PLANE('',#1417);
#31=PLANE('',#1419);
#32=PLANE('',#1421);
#33=PLANE('',#1426);
#34=LINE('',#1896,#100);
#35=LINE('',#1897,#101);
#36=LINE('',#1903,#102);
#37=LINE('',#1906,#103);
#38=LINE('',#1917,#104);
#39=LINE('',#1918,#105);
#40=LINE('',#1990,#106);
#41=LINE('',#1991,#107);
#42=LINE('',#2034,#108);
#43=LINE('',#2036,#109);
#44=LINE('',#2037,#110);
#45=LINE('',#2040,#111);
#46=LINE('',#2046,#112);
#47=LINE('',#2049,#113);
#48=LINE('',#2056,#114);
#49=LINE('',#2060,#115);
#50=LINE('',#2064,#116);
#51=LINE('',#2073,#117);
#52=LINE('',#2085,#118);
#53=LINE('',#2087,#119);
#54=LINE('',#2095,#120);
#55=LINE('',#2100,#121);
#56=LINE('',#2108,#122);
#57=LINE('',#2111,#123);
#58=LINE('',#2117,#124);
#59=LINE('',#2120,#125);
#60=LINE('',#2163,#126);
#61=LINE('',#2164,#127);
#62=LINE('',#2261,#128);
#63=LINE('',#2262,#129);
#64=LINE('',#2305,#130);
#65=LINE('',#2308,#131);
#66=LINE('',#2311,#132);
#67=LINE('',#2317,#133);
#68=LINE('',#2319,#134);
#69=LINE('',#2320,#135);
#70=LINE('',#2323,#136);
#71=LINE('',#2330,#137);
#72=LINE('',#2332,#138);
#73=LINE('',#2340,#139);
#74=LINE('',#2345,#140);
#75=LINE('',#2354,#141);
#76=LINE('',#2367,#142);
#77=LINE('',#2375,#143);
#78=LINE('',#2383,#144);
#79=LINE('',#2388,#145);
#80=LINE('',#2391,#146);
#81=LINE('',#2394,#147);
#82=LINE('',#2395,#148);
#83=LINE('',#2398,#149);
#84=LINE('',#2402,#150);
#85=LINE('',#2406,#151);
#86=LINE('',#2407,#152);
#87=LINE('',#2409,#153);
#88=LINE('',#2432,#154);
#89=LINE('',#2441,#155);
#90=LINE('',#2442,#156);
#91=LINE('',#2450,#157);
#92=LINE('',#2451,#158);
#93=LINE('',#2453,#159);
#94=LINE('',#2455,#160);
#95=LINE('',#2457,#161);
#96=LINE('',#2459,#162);
#97=LINE('',#2464,#163);
#98=LINE('',#2466,#164);
#99=LINE('',#2468,#165);
#100=VECTOR('',#1445,10.);
#101=VECTOR('',#1446,10.);
#102=VECTOR('',#1451,10.);
#103=VECTOR('',#1454,10.);
#104=VECTOR('',#1467,10.);
#105=VECTOR('',#1468,10.);
#106=VECTOR('',#1475,10.);
#107=VECTOR('',#1476,10.);
#108=VECTOR('',#1479,10.);
#109=VECTOR('',#1480,10.);
#110=VECTOR('',#1481,10.);
#111=VECTOR('',#1484,10.);
#112=VECTOR('',#1491,10.);
#113=VECTOR('',#1494,10.);
#114=VECTOR('',#1501,10.);
#115=VECTOR('',#1504,10.);
#116=VECTOR('',#1507,10.);
#117=VECTOR('',#1518,10.);
#118=VECTOR('',#1531,10.);
#119=VECTOR('',#1534,10.);
#120=VECTOR('',#1545,10.);
#121=VECTOR('',#1554,10.);
#122=VECTOR('',#1563,10.);
#123=VECTOR('',#1566,10.);
#124=VECTOR('',#1571,10.);
#125=VECTOR('',#1574,10.);
#126=VECTOR('',#1587,10.);
#127=VECTOR('',#1588,10.);
#128=VECTOR('',#1605,10.);
#129=VECTOR('',#1606,10.);
#130=VECTOR('',#1619,10.);
#131=VECTOR('',#1622,10.);
#132=VECTOR('',#1625,10.);
#133=VECTOR('',#1632,10.);
#134=VECTOR('',#1633,10.);
#135=VECTOR('',#1634,10.);
#136=VECTOR('',#1637,10.);
#137=VECTOR('',#1644,10.);
#138=VECTOR('',#1647,10.);
#139=VECTOR('',#1658,10.);
#140=VECTOR('',#1667,10.);
#141=VECTOR('',#1680,10.);
#142=VECTOR('',#1699,10.);
#143=VECTOR('',#1710,10.);
#144=VECTOR('',#1721,10.);
#145=VECTOR('',#1728,10.);
#146=VECTOR('',#1731,10.);
#147=VECTOR('',#1734,12.5);
#148=VECTOR('',#1735,10.);
#149=VECTOR('',#1738,12.5);
#150=VECTOR('',#1743,10.);
#151=VECTOR('',#1748,10.);
#152=VECTOR('',#1749,10.);
#153=VECTOR('',#1752,10.);
#154=VECTOR('',#1787,10.);
#155=VECTOR('',#1798,10.);
#156=VECTOR('',#1799,10.);
#157=VECTOR('',#1810,10.);
#158=VECTOR('',#1811,10.);
#159=VECTOR('',#1814,10.);
#160=VECTOR('',#1817,10.);
#161=VECTOR('',#1820,12.5);
#162=VECTOR('',#1823,12.5);
#163=VECTOR('',#1830,22.5);
#164=VECTOR('',#1833,5.);
#165=VECTOR('',#1836,10.);
#166=CYLINDRICAL_SURFACE('',#1261,1.5);
#167=CYLINDRICAL_SURFACE('',#1263,1.5);
#168=CYLINDRICAL_SURFACE('',#1270,1.5);
#169=CYLINDRICAL_SURFACE('',#1273,1.5);
#170=CYLINDRICAL_SURFACE('',#1276,4.75);
#171=CYLINDRICAL_SURFACE('',#1278,2.5);
#172=CYLINDRICAL_SURFACE('',#1295,1.5);
#173=CYLINDRICAL_SURFACE('',#1301,1.5);
#174=CYLINDRICAL_SURFACE('',#1306,4.75000000000001);
#175=CYLINDRICAL_SURFACE('',#1309,1.5);
#176=CYLINDRICAL_SURFACE('',#1312,1.5);
#177=CYLINDRICAL_SURFACE('',#1319,1.5);
#178=CYLINDRICAL_SURFACE('',#1327,1.5);
#179=CYLINDRICAL_SURFACE('',#1334,2.5);
#180=CYLINDRICAL_SURFACE('',#1340,4.75000000000001);
#181=CYLINDRICAL_SURFACE('',#1342,1.5);
#182=CYLINDRICAL_SURFACE('',#1348,1.5);
#183=CYLINDRICAL_SURFACE('',#1353,4.75);
#184=CYLINDRICAL_SURFACE('',#1359,2.5);
#185=CYLINDRICAL_SURFACE('',#1367,2.5);
#186=CYLINDRICAL_SURFACE('',#1372,2.5);
#187=CYLINDRICAL_SURFACE('',#1377,2.5);
#188=CYLINDRICAL_SURFACE('',#1381,12.5);
#189=CYLINDRICAL_SURFACE('',#1384,12.5);
#190=CYLINDRICAL_SURFACE('',#1386,25.);
#191=CYLINDRICAL_SURFACE('',#1389,8.5);
#192=CYLINDRICAL_SURFACE('',#1397,2.5);
#193=CYLINDRICAL_SURFACE('',#1405,2.5);
#194=CYLINDRICAL_SURFACE('',#1410,2.5);
#195=CYLINDRICAL_SURFACE('',#1416,2.5);
#196=CYLINDRICAL_SURFACE('',#1418,12.5);
#197=CYLINDRICAL_SURFACE('',#1420,12.5);
#198=CYLINDRICAL_SURFACE('',#1423,22.5);
#199=CYLINDRICAL_SURFACE('',#1424,5.);
#200=CYLINDRICAL_SURFACE('',#1425,25.);
#201=B_SPLINE_CURVE_WITH_KNOTS('',3,(#1882,#1883,#1884,#1885,#1886),
 .UNSPECIFIED.,.F.,.F.,(4,1,4),(-0.177407183431148,-0.0887035917155713,
5.34623515048893E-15),.UNSPECIFIED.);
#202=B_SPLINE_CURVE_WITH_KNOTS('',3,(#1887,#1888,#1889,#1890,#1891),
 .UNSPECIFIED.,.F.,.F.,(4,1,4),(-5.34623515048893E-15,0.0887035917155713,
0.177407183431148),.UNSPECIFIED.);
#203=B_SPLINE_CURVE_WITH_KNOTS('',3,(#1943,#1944,#1945,#1946),
 .UNSPECIFIED.,.F.,.F.,(4,4),(-0.369983130438549,-8.03954604038912E-18),
 .UNSPECIFIED.);
#204=B_SPLINE_CURVE_WITH_KNOTS('',3,(#1947,#1948,#1949,#1950),
 .UNSPECIFIED.,.F.,.F.,(4,4),(8.03954604038912E-18,0.369983130438549),
 .UNSPECIFIED.);
#205=B_SPLINE_CURVE_WITH_KNOTS('',3,(#1978,#1979,#1980,#1981),
 .UNSPECIFIED.,.F.,.F.,(4,4),(-0.369985396340076,0.),.UNSPECIFIED.);
#206=B_SPLINE_CURVE_WITH_KNOTS('',3,(#1982,#1983,#1984,#1985),
 .UNSPECIFIED.,.F.,.F.,(4,4),(0.,0.369985396340076),.UNSPECIFIED.);
#207=B_SPLINE_CURVE_WITH_KNOTS('',3,(#2022,#2023,#2024,#2025,#2026),
 .UNSPECIFIED.,.F.,.F.,(4,1,4),(-0.177406632644068,-0.0887033163220339,
0.),.UNSPECIFIED.);
#208=B_SPLINE_CURVE_WITH_KNOTS('',3,(#2027,#2028,#2029,#2030,#2031),
 .UNSPECIFIED.,.F.,.F.,(4,1,4),(0.,0.0887033163220339,0.177406632644068),
 .UNSPECIFIED.);
#209=B_SPLINE_CURVE_WITH_KNOTS('',3,(#2151,#2152,#2153,#2154),
 .UNSPECIFIED.,.F.,.F.,(4,4),(-0.369985396340073,-8.19170290887101E-16),
 .UNSPECIFIED.);
#210=B_SPLINE_CURVE_WITH_KNOTS('',3,(#2155,#2156,#2157,#2158),
 .UNSPECIFIED.,.F.,.F.,(4,4),(8.19170290887101E-16,0.369985396340073),
 .UNSPECIFIED.);
#211=B_SPLINE_CURVE_WITH_KNOTS('',3,(#2204,#2205,#2206,#2207,#2208),
 .UNSPECIFIED.,.F.,.F.,(4,1,4),(-0.177406632644068,-0.0887033163220338,
0.),.UNSPECIFIED.);
#212=B_SPLINE_CURVE_WITH_KNOTS('',3,(#2209,#2210,#2211,#2212,#2213),
 .UNSPECIFIED.,.F.,.F.,(4,1,4),(0.,0.0887033163220338,0.177406632644068),
 .UNSPECIFIED.);
#213=B_SPLINE_CURVE_WITH_KNOTS('',3,(#2247,#2248,#2249,#2250,#2251),
 .UNSPECIFIED.,.F.,.F.,(4,1,4),(-0.177407183431138,-0.0887035917155681,
1.88304791519473E-15),.UNSPECIFIED.);
#214=B_SPLINE_CURVE_WITH_KNOTS('',3,(#2252,#2253,#2254,#2255,#2256),
 .UNSPECIFIED.,.F.,.F.,(4,1,4),(-1.88304791519473E-15,0.0887035917155681,
0.177407183431138),.UNSPECIFIED.);
#215=B_SPLINE_CURVE_WITH_KNOTS('',3,(#2287,#2288,#2289,#2290),
 .UNSPECIFIED.,.F.,.F.,(4,4),(-0.369983130438553,0.),.UNSPECIFIED.);
#216=B_SPLINE_CURVE_WITH_KNOTS('',3,(#2291,#2292,#2293,#2294),
 .UNSPECIFIED.,.F.,.F.,(4,4),(0.,0.369983130438553),.UNSPECIFIED.);
#217=B_SPLINE_SURFACE_WITH_KNOTS('',3,3,((#1849,#1850,#1851,#1852,#1853),
(#1854,#1855,#1856,#1857,#1858),(#1859,#1860,#1861,#1862,#1863),(#1864,
#1865,#1866,#1867,#1868),(#1869,#1870,#1871,#1872,#1873),(#1874,#1875,#1876,
#1877,#1878)),.UNSPECIFIED.,.F.,.F.,.F.,(4,1,1,4),(4,1,4),(0.,0.285714285714286,
0.571428571428571,1.),(-5.34623515048893E-15,0.0887035917155713,0.177407183431148),
 .UNSPECIFIED.);
#218=B_SPLINE_SURFACE_WITH_KNOTS('',3,3,((#1919,#1920,#1921,#1922),(#1923,
#1924,#1925,#1926),(#1927,#1928,#1929,#1930),(#1931,#1932,#1933,#1934),
(#1935,#1936,#1937,#1938),(#1939,#1940,#1941,#1942)),.UNSPECIFIED.,.F.,
 .F.,.F.,(4,1,1,4),(4,4),(0.,0.285714285714286,0.571428571428571,1.),(8.03954604038912E-18,
0.369983130438549),.UNSPECIFIED.);
#219=B_SPLINE_SURFACE_WITH_KNOTS('',3,3,((#1951,#1952,#1953,#1954),(#1955,
#1956,#1957,#1958),(#1959,#1960,#1961,#1962),(#1963,#1964,#1965,#1966),
(#1967,#1968,#1969,#1970),(#1971,#1972,#1973,#1974)),.UNSPECIFIED.,.F.,
 .F.,.F.,(4,1,1,4),(4,4),(0.,0.285714285714286,0.571428571428571,1.),(0.,
0.369985396340076),.UNSPECIFIED.);
#220=B_SPLINE_SURFACE_WITH_KNOTS('',3,3,((#1992,#1993,#1994,#1995,#1996),
(#1997,#1998,#1999,#2000,#2001),(#2002,#2003,#2004,#2005,#2006),(#2007,
#2008,#2009,#2010,#2011),(#2012,#2013,#2014,#2015,#2016),(#2017,#2018,#2019,
#2020,#2021)),.UNSPECIFIED.,.F.,.F.,.F.,(4,1,1,4),(4,1,4),(0.,0.285714285714286,
0.571428571428571,1.),(0.,0.0887033163220339,0.177406632644068),
 .UNSPECIFIED.);
#221=B_SPLINE_SURFACE_WITH_KNOTS('',3,3,((#2124,#2125,#2126,#2127),(#2128,
#2129,#2130,#2131),(#2132,#2133,#2134,#2135),(#2136,#2137,#2138,#2139),
(#2140,#2141,#2142,#2143),(#2144,#2145,#2146,#2147)),.UNSPECIFIED.,.F.,
 .F.,.F.,(4,1,1,4),(4,4),(0.,0.285714285714286,0.571428571428571,1.),(8.19170290887101E-16,
0.369985396340073),.UNSPECIFIED.);
#222=B_SPLINE_SURFACE_WITH_KNOTS('',3,3,((#2174,#2175,#2176,#2177,#2178),
(#2179,#2180,#2181,#2182,#2183),(#2184,#2185,#2186,#2187,#2188),(#2189,
#2190,#2191,#2192,#2193),(#2194,#2195,#2196,#2197,#2198),(#2199,#2200,#2201,
#2202,#2203)),.UNSPECIFIED.,.F.,.F.,.F.,(4,1,1,4),(4,1,4),(0.,0.285714285714286,
0.571428571428571,1.),(0.,0.0887033163220338,0.177406632644068),
 .UNSPECIFIED.);
#223=B_SPLINE_SURFACE_WITH_KNOTS('',3,3,((#2214,#2215,#2216,#2217,#2218),
(#2219,#2220,#2221,#2222,#2223),(#2224,#2225,#2226,#2227,#2228),(#2229,
#2230,#2231,#2232,#2233),(#2234,#2235,#2236,#2237,#2238),(#2239,#2240,#2241,
#2242,#2243)),.UNSPECIFIED.,.F.,.F.,.F.,(4,1,1,4),(4,1,4),(0.,0.285714285714286,
0.571428571428571,1.),(-1.88304791519473E-15,0.0887035917155681,0.177407183431138),
 .UNSPECIFIED.);
#224=B_SPLINE_SURFACE_WITH_KNOTS('',3,3,((#2263,#2264,#2265,#2266),(#2267,
#2268,#2269,#2270),(#2271,#2272,#2273,#2274),(#2275,#2276,#2277,#2278),
(#2279,#2280,#2281,#2282),(#2283,#2284,#2285,#2286)),.UNSPECIFIED.,.F.,
 .F.,.F.,(4,1,1,4),(4,4),(0.,0.285714285714286,0.571428571428571,1.),(0.,
0.369983130438553),.UNSPECIFIED.);
#225=FACE_OUTER_BOUND('',#305,.T.);
#226=FACE_OUTER_BOUND('',#306,.T.);
#227=FACE_OUTER_BOUND('',#307,.T.);
#228=FACE_OUTER_BOUND('',#308,.T.);
#229=FACE_OUTER_BOUND('',#309,.T.);
#230=FACE_OUTER_BOUND('',#310,.T.);
#231=FACE_OUTER_BOUND('',#311,.T.);
#232=FACE_OUTER_BOUND('',#312,.T.);
#233=FACE_OUTER_BOUND('',#313,.T.);
#234=FACE_OUTER_BOUND('',#314,.T.);
#235=FACE_OUTER_BOUND('',#315,.T.);
#236=FACE_OUTER_BOUND('',#316,.T.);
#237=FACE_OUTER_BOUND('',#317,.T.);
#238=FACE_OUTER_BOUND('',#318,.T.);
#239=FACE_OUTER_BOUND('',#320,.T.);
#240=FACE_OUTER_BOUND('',#322,.T.);
#241=FACE_OUTER_BOUND('',#323,.T.);
#242=FACE_OUTER_BOUND('',#324,.T.);
#243=FACE_OUTER_BOUND('',#325,.T.);
#244=FACE_OUTER_BOUND('',#326,.T.);
#245=FACE_OUTER_BOUND('',#327,.T.);
#246=FACE_OUTER_BOUND('',#328,.T.);
#247=FACE_OUTER_BOUND('',#329,.T.);
#248=FACE_OUTER_BOUND('',#330,.T.);
#249=FACE_OUTER_BOUND('',#331,.T.);
#250=FACE_OUTER_BOUND('',#332,.T.);
#251=FACE_OUTER_BOUND('',#333,.T.);
#252=FACE_OUTER_BOUND('',#334,.T.);
#253=FACE_OUTER_BOUND('',#335,.T.);
#254=FACE_OUTER_BOUND('',#336,.T.);
#255=FACE_OUTER_BOUND('',#337,.T.);
#256=FACE_OUTER_BOUND('',#338,.T.);
#257=FACE_OUTER_BOUND('',#339,.T.);
#258=FACE_OUTER_BOUND('',#340,.T.);
#259=FACE_OUTER_BOUND('',#341,.T.);
#260=FACE_OUTER_BOUND('',#342,.T.);
#261=FACE_OUTER_BOUND('',#344,.T.);
#262=FACE_OUTER_BOUND('',#345,.T.);
#263=FACE_OUTER_BOUND('',#346,.T.);
#264=FACE_OUTER_BOUND('',#347,.T.);
#265=FACE_OUTER_BOUND('',#348,.T.);
#266=FACE_OUTER_BOUND('',#349,.T.);
#267=FACE_OUTER_BOUND('',#350,.T.);
#268=FACE_OUTER_BOUND('',#351,.T.);
#269=FACE_OUTER_BOUND('',#352,.T.);
#270=FACE_OUTER_BOUND('',#353,.T.);
#271=FACE_OUTER_BOUND('',#354,.T.);
#272=FACE_OUTER_BOUND('',#355,.T.);
#273=FACE_OUTER_BOUND('',#356,.T.);
#274=FACE_OUTER_BOUND('',#357,.T.);
#275=FACE_OUTER_BOUND('',#358,.T.);
#276=FACE_OUTER_BOUND('',#359,.T.);
#277=FACE_OUTER_BOUND('',#360,.T.);
#278=FACE_OUTER_BOUND('',#361,.T.);
#279=FACE_OUTER_BOUND('',#362,.T.);
#280=FACE_OUTER_BOUND('',#363,.T.);
#281=FACE_OUTER_BOUND('',#364,.T.);
#282=FACE_OUTER_BOUND('',#365,.T.);
#283=FACE_OUTER_BOUND('',#366,.T.);
#284=FACE_OUTER_BOUND('',#367,.T.);
#285=FACE_OUTER_BOUND('',#368,.T.);
#286=FACE_OUTER_BOUND('',#369,.T.);
#287=FACE_OUTER_BOUND('',#370,.T.);
#288=FACE_OUTER_BOUND('',#371,.T.);
#289=FACE_OUTER_BOUND('',#372,.T.);
#290=FACE_OUTER_BOUND('',#373,.T.);
#291=FACE_OUTER_BOUND('',#374,.T.);
#292=FACE_OUTER_BOUND('',#375,.T.);
#293=FACE_OUTER_BOUND('',#376,.T.);
#294=FACE_OUTER_BOUND('',#377,.T.);
#295=FACE_OUTER_BOUND('',#378,.T.);
#296=FACE_OUTER_BOUND('',#379,.T.);
#297=FACE_OUTER_BOUND('',#380,.T.);
#298=FACE_OUTER_BOUND('',#381,.T.);
#299=FACE_OUTER_BOUND('',#382,.T.);
#300=FACE_OUTER_BOUND('',#383,.T.);
#301=FACE_OUTER_BOUND('',#385,.T.);
#302=FACE_OUTER_BOUND('',#386,.T.);
#303=FACE_OUTER_BOUND('',#387,.T.);
#304=FACE_OUTER_BOUND('',#388,.T.);
#305=EDGE_LOOP('',(#775,#776,#777,#778));
#306=EDGE_LOOP('',(#779,#780,#781,#782));
#307=EDGE_LOOP('',(#783,#784,#785,#786));
#308=EDGE_LOOP('',(#787,#788,#789,#790));
#309=EDGE_LOOP('',(#791,#792,#793,#794));
#310=EDGE_LOOP('',(#795,#796,#797,#798));
#311=EDGE_LOOP('',(#799,#800,#801,#802));
#312=EDGE_LOOP('',(#803,#804,#805,#806));
#313=EDGE_LOOP('',(#807,#808,#809,#810));
#314=EDGE_LOOP('',(#811,#812,#813,#814));
#315=EDGE_LOOP('',(#815,#816,#817,#818,#819,#820));
#316=EDGE_LOOP('',(#821,#822,#823,#824));
#317=EDGE_LOOP('',(#825,#826,#827,#828,#829,#830));
#318=EDGE_LOOP('',(#831,#832,#833,#834,#835,#836,#837,#838,#839,#840,#841,
#842));
#319=EDGE_LOOP('',(#843));
#320=EDGE_LOOP('',(#844,#845,#846,#847));
#321=EDGE_LOOP('',(#848));
#322=EDGE_LOOP('',(#849,#850,#851,#852,#853));
#323=EDGE_LOOP('',(#854,#855,#856,#857));
#324=EDGE_LOOP('',(#858,#859,#860,#861));
#325=EDGE_LOOP('',(#862,#863,#864,#865));
#326=EDGE_LOOP('',(#866,#867,#868,#869));
#327=EDGE_LOOP('',(#870,#871,#872,#873,#874,#875));
#328=EDGE_LOOP('',(#876,#877,#878,#879,#880,#881));
#329=EDGE_LOOP('',(#882,#883,#884,#885));
#330=EDGE_LOOP('',(#886,#887,#888,#889));
#331=EDGE_LOOP('',(#890,#891,#892,#893));
#332=EDGE_LOOP('',(#894,#895,#896,#897));
#333=EDGE_LOOP('',(#898,#899,#900,#901));
#334=EDGE_LOOP('',(#902,#903,#904,#905));
#335=EDGE_LOOP('',(#906,#907,#908,#909));
#336=EDGE_LOOP('',(#910,#911,#912,#913));
#337=EDGE_LOOP('',(#914,#915,#916,#917));
#338=EDGE_LOOP('',(#918,#919,#920,#921));
#339=EDGE_LOOP('',(#922,#923,#924,#925));
#340=EDGE_LOOP('',(#926,#927,#928,#929,#930));
#341=EDGE_LOOP('',(#931,#932,#933,#934,#935,#936));
#342=EDGE_LOOP('',(#937,#938,#939,#940));
#343=EDGE_LOOP('',(#941));
#344=EDGE_LOOP('',(#942,#943,#944,#945,#946,#947));
#345=EDGE_LOOP('',(#948,#949,#950,#951,#952,#953));
#346=EDGE_LOOP('',(#954,#955,#956,#957));
#347=EDGE_LOOP('',(#958,#959,#960,#961));
#348=EDGE_LOOP('',(#962,#963,#964,#965));
#349=EDGE_LOOP('',(#966,#967,#968,#969));
#350=EDGE_LOOP('',(#970,#971,#972,#973));
#351=EDGE_LOOP('',(#974,#975,#976,#977,#978,#979));
#352=EDGE_LOOP('',(#980,#981,#982,#983));
#353=EDGE_LOOP('',(#984,#985,#986,#987));
#354=EDGE_LOOP('',(#988,#989,#990,#991,#992,#993));
#355=EDGE_LOOP('',(#994,#995,#996,#997,#998));
#356=EDGE_LOOP('',(#999,#1000,#1001,#1002));
#357=EDGE_LOOP('',(#1003,#1004,#1005,#1006));
#358=EDGE_LOOP('',(#1007,#1008,#1009,#1010));
#359=EDGE_LOOP('',(#1011,#1012,#1013,#1014));
#360=EDGE_LOOP('',(#1015,#1016,#1017,#1018));
#361=EDGE_LOOP('',(#1019,#1020,#1021,#1022));
#362=EDGE_LOOP('',(#1023,#1024,#1025,#1026));
#363=EDGE_LOOP('',(#1027,#1028,#1029,#1030));
#364=EDGE_LOOP('',(#1031,#1032,#1033,#1034));
#365=EDGE_LOOP('',(#1035,#1036,#1037,#1038));
#366=EDGE_LOOP('',(#1039,#1040,#1041,#1042));
#367=EDGE_LOOP('',(#1043,#1044,#1045,#1046));
#368=EDGE_LOOP('',(#1047,#1048,#1049,#1050));
#369=EDGE_LOOP('',(#1051,#1052,#1053,#1054));
#370=EDGE_LOOP('',(#1055,#1056,#1057,#1058));
#371=EDGE_LOOP('',(#1059,#1060,#1061,#1062,#1063,#1064));
#372=EDGE_LOOP('',(#1065,#1066,#1067,#1068,#1069));
#373=EDGE_LOOP('',(#1070,#1071,#1072,#1073));
#374=EDGE_LOOP('',(#1074,#1075,#1076,#1077));
#375=EDGE_LOOP('',(#1078,#1079,#1080,#1081));
#376=EDGE_LOOP('',(#1082,#1083,#1084,#1085));
#377=EDGE_LOOP('',(#1086,#1087,#1088,#1089));
#378=EDGE_LOOP('',(#1090,#1091,#1092,#1093));
#379=EDGE_LOOP('',(#1094,#1095,#1096,#1097));
#380=EDGE_LOOP('',(#1098,#1099,#1100,#1101));
#381=EDGE_LOOP('',(#1102,#1103,#1104,#1105));
#382=EDGE_LOOP('',(#1106,#1107,#1108,#1109));
#383=EDGE_LOOP('',(#1110,#1111,#1112,#1113,#1114,#1115,#1116,#1117,#1118,
#1119,#1120,#1121));
#384=EDGE_LOOP('',(#1122));
#385=EDGE_LOOP('',(#1123,#1124,#1125,#1126));
#386=EDGE_LOOP('',(#1127,#1128,#1129,#1130));
#387=EDGE_LOOP('',(#1131,#1132,#1133,#1134));
#388=EDGE_LOOP('',(#1135,#1136,#1137,#1138));
#389=CIRCLE('',#1256,1.5);
#390=CIRCLE('',#1257,4.75000000000001);
#391=CIRCLE('',#1258,1.5);
#392=CIRCLE('',#1259,6.25000000000001);
#393=CIRCLE('',#1260,1.5);
#394=CIRCLE('',#1262,1.5);
#395=CIRCLE('',#1264,1.5);
#396=CIRCLE('',#1265,1.5);
#397=CIRCLE('',#1267,1.5);
#398=CIRCLE('',#1268,6.25);
#399=CIRCLE('',#1269,4.75);
#400=CIRCLE('',#1271,1.5);
#401=CIRCLE('',#1272,1.5);
#402=CIRCLE('',#1274,1.5);
#403=CIRCLE('',#1277,4.75);
#404=CIRCLE('',#1279,2.5);
#405=CIRCLE('',#1280,2.5);
#406=CIRCLE('',#1282,27.5);
#407=CIRCLE('',#1283,10.);
#408=CIRCLE('',#1284,10.);
#409=CIRCLE('',#1285,10.);
#410=CIRCLE('',#1286,10.);
#411=CIRCLE('',#1287,27.5);
#412=CIRCLE('',#1288,22.5);
#413=CIRCLE('',#1290,6.);
#414=CIRCLE('',#1291,5.);
#415=CIRCLE('',#1293,2.5);
#416=CIRCLE('',#1294,25.);
#417=CIRCLE('',#1296,1.5);
#418=CIRCLE('',#1297,1.5);
#419=CIRCLE('',#1299,1.5);
#420=CIRCLE('',#1300,3.25);
#421=CIRCLE('',#1302,1.5);
#422=CIRCLE('',#1304,4.75000000000001);
#423=CIRCLE('',#1305,3.25000000000001);
#424=CIRCLE('',#1310,1.5);
#425=CIRCLE('',#1311,1.5);
#426=CIRCLE('',#1313,1.5);
#427=CIRCLE('',#1314,1.5);
#428=CIRCLE('',#1316,6.25);
#429=CIRCLE('',#1317,4.75);
#430=CIRCLE('',#1318,1.5);
#431=CIRCLE('',#1320,1.5);
#432=CIRCLE('',#1322,1.5);
#433=CIRCLE('',#1323,4.75000000000001);
#434=CIRCLE('',#1324,1.5);
#435=CIRCLE('',#1325,6.25000000000001);
#436=CIRCLE('',#1326,1.5);
#437=CIRCLE('',#1328,1.5);
#438=CIRCLE('',#1330,2.5);
#439=CIRCLE('',#1331,25.);
#440=CIRCLE('',#1332,2.5);
#441=CIRCLE('',#1333,27.5);
#442=CIRCLE('',#1335,2.5);
#443=CIRCLE('',#1337,6.);
#444=CIRCLE('',#1338,5.);
#445=CIRCLE('',#1341,4.75000000000001);
#446=CIRCLE('',#1343,1.5);
#447=CIRCLE('',#1344,1.5);
#448=CIRCLE('',#1346,1.5);
#449=CIRCLE('',#1347,3.25000000000001);
#450=CIRCLE('',#1349,1.5);
#451=CIRCLE('',#1351,4.75);
#452=CIRCLE('',#1352,3.25);
#453=CIRCLE('',#1357,8.5);
#454=CIRCLE('',#1358,2.5);
#455=CIRCLE('',#1360,2.5);
#456=CIRCLE('',#1362,25.);
#457=CIRCLE('',#1363,2.5);
#458=CIRCLE('',#1365,2.5);
#459=CIRCLE('',#1366,12.5);
#460=CIRCLE('',#1368,2.5);
#461=CIRCLE('',#1370,2.5);
#462=CIRCLE('',#1371,12.5);
#463=CIRCLE('',#1373,2.5);
#464=CIRCLE('',#1375,2.5);
#465=CIRCLE('',#1376,12.5);
#466=CIRCLE('',#1378,2.5);
#467=CIRCLE('',#1380,12.5);
#468=CIRCLE('',#1382,12.5);
#469=CIRCLE('',#1385,12.5);
#470=CIRCLE('',#1387,25.);
#471=CIRCLE('',#1390,8.5);
#472=CIRCLE('',#1392,2.5);
#473=CIRCLE('',#1393,10.);
#474=CIRCLE('',#1394,12.5);
#475=CIRCLE('',#1396,2.5);
#476=CIRCLE('',#1398,2.5);
#477=CIRCLE('',#1400,27.5);
#478=CIRCLE('',#1401,2.5);
#479=CIRCLE('',#1403,2.5);
#480=CIRCLE('',#1404,10.);
#481=CIRCLE('',#1406,2.5);
#482=CIRCLE('',#1408,2.5);
#483=CIRCLE('',#1409,10.);
#484=CIRCLE('',#1411,2.5);
#485=CIRCLE('',#1413,2.5);
#486=CIRCLE('',#1414,12.5);
#487=CIRCLE('',#1415,10.);
#488=CIRCLE('',#1422,22.5);
#489=VERTEX_POINT('',#1841);
#490=VERTEX_POINT('',#1842);
#491=VERTEX_POINT('',#1844);
#492=VERTEX_POINT('',#1846);
#493=VERTEX_POINT('',#1879);
#494=VERTEX_POINT('',#1880);
#495=VERTEX_POINT('',#1893);
#496=VERTEX_POINT('',#1894);
#497=VERTEX_POINT('',#1899);
#498=VERTEX_POINT('',#1900);
#499=VERTEX_POINT('',#1902);
#500=VERTEX_POINT('',#1904);
#501=VERTEX_POINT('',#1908);
#502=VERTEX_POINT('',#1909);
#503=VERTEX_POINT('',#1914);
#504=VERTEX_POINT('',#1915);
#505=VERTEX_POINT('',#1975);
#506=VERTEX_POINT('',#1976);
#507=VERTEX_POINT('',#1987);
#508=VERTEX_POINT('',#1988);
#509=VERTEX_POINT('',#2033);
#510=VERTEX_POINT('',#2035);
#511=VERTEX_POINT('',#2039);
#512=VERTEX_POINT('',#2043);
#513=VERTEX_POINT('',#2045);
#514=VERTEX_POINT('',#2047);
#515=VERTEX_POINT('',#2051);
#516=VERTEX_POINT('',#2053);
#517=VERTEX_POINT('',#2055);
#518=VERTEX_POINT('',#2057);
#519=VERTEX_POINT('',#2059);
#520=VERTEX_POINT('',#2061);
#521=VERTEX_POINT('',#2063);
#522=VERTEX_POINT('',#2065);
#523=VERTEX_POINT('',#2068);
#524=VERTEX_POINT('',#2071);
#525=VERTEX_POINT('',#2074);
#526=VERTEX_POINT('',#2077);
#527=VERTEX_POINT('',#2081);
#528=VERTEX_POINT('',#2082);
#529=VERTEX_POINT('',#2084);
#530=VERTEX_POINT('',#2089);
#531=VERTEX_POINT('',#2093);
#532=VERTEX_POINT('',#2104);
#533=VERTEX_POINT('',#2105);
#534=VERTEX_POINT('',#2107);
#535=VERTEX_POINT('',#2109);
#536=VERTEX_POINT('',#2113);
#537=VERTEX_POINT('',#2114);
#538=VERTEX_POINT('',#2116);
#539=VERTEX_POINT('',#2118);
#540=VERTEX_POINT('',#2148);
#541=VERTEX_POINT('',#2149);
#542=VERTEX_POINT('',#2160);
#543=VERTEX_POINT('',#2161);
#544=VERTEX_POINT('',#2166);
#545=VERTEX_POINT('',#2167);
#546=VERTEX_POINT('',#2169);
#547=VERTEX_POINT('',#2171);
#548=VERTEX_POINT('',#2244);
#549=VERTEX_POINT('',#2245);
#550=VERTEX_POINT('',#2258);
#551=VERTEX_POINT('',#2259);
#552=VERTEX_POINT('',#2296);
#553=VERTEX_POINT('',#2298);
#554=VERTEX_POINT('',#2300);
#555=VERTEX_POINT('',#2304);
#556=VERTEX_POINT('',#2306);
#557=VERTEX_POINT('',#2310);
#558=VERTEX_POINT('',#2313);
#559=VERTEX_POINT('',#2316);
#560=VERTEX_POINT('',#2318);
#561=VERTEX_POINT('',#2322);
#562=VERTEX_POINT('',#2326);
#563=VERTEX_POINT('',#2327);
#564=VERTEX_POINT('',#2329);
#565=VERTEX_POINT('',#2334);
#566=VERTEX_POINT('',#2338);
#567=VERTEX_POINT('',#2349);
#568=VERTEX_POINT('',#2353);
#569=VERTEX_POINT('',#2357);
#570=VERTEX_POINT('',#2361);
#571=VERTEX_POINT('',#2365);
#572=VERTEX_POINT('',#2369);
#573=VERTEX_POINT('',#2373);
#574=VERTEX_POINT('',#2377);
#575=VERTEX_POINT('',#2381);
#576=VERTEX_POINT('',#2387);
#577=VERTEX_POINT('',#2389);
#578=VERTEX_POINT('',#2393);
#579=VERTEX_POINT('',#2397);
#580=VERTEX_POINT('',#2401);
#581=VERTEX_POINT('',#2405);
#582=VERTEX_POINT('',#2412);
#583=VERTEX_POINT('',#2413);
#584=VERTEX_POINT('',#2422);
#585=VERTEX_POINT('',#2426);
#586=VERTEX_POINT('',#2430);
#587=VERTEX_POINT('',#2434);
#588=VERTEX_POINT('',#2438);
#589=VERTEX_POINT('',#2439);
#590=VERTEX_POINT('',#2444);
#591=VERTEX_POINT('',#2445);
#592=VERTEX_POINT('',#2461);
#593=EDGE_CURVE('',#489,#490,#389,.T.);
#594=EDGE_CURVE('',#490,#491,#390,.T.);
#595=EDGE_CURVE('',#491,#492,#391,.T.);
#596=EDGE_CURVE('',#492,#489,#392,.T.);
#597=EDGE_CURVE('',#493,#494,#393,.T.);
#598=EDGE_CURVE('',#494,#492,#201,.T.);
#599=EDGE_CURVE('',#491,#493,#202,.T.);
#600=EDGE_CURVE('',#495,#496,#394,.T.);
#601=EDGE_CURVE('',#496,#494,#34,.T.);
#602=EDGE_CURVE('',#493,#495,#35,.T.);
#603=EDGE_CURVE('',#497,#498,#395,.T.);
#604=EDGE_CURVE('',#498,#499,#36,.T.);
#605=EDGE_CURVE('',#499,#500,#396,.T.);
#606=EDGE_CURVE('',#500,#497,#37,.T.);
#607=EDGE_CURVE('',#501,#502,#397,.T.);
#608=EDGE_CURVE('',#502,#500,#398,.T.);
#609=EDGE_CURVE('',#499,#501,#399,.T.);
#610=EDGE_CURVE('',#503,#504,#400,.T.);
#611=EDGE_CURVE('',#504,#502,#38,.T.);
#612=EDGE_CURVE('',#501,#503,#39,.T.);
#613=EDGE_CURVE('',#497,#496,#203,.T.);
#614=EDGE_CURVE('',#495,#498,#204,.T.);
#615=EDGE_CURVE('',#505,#506,#401,.T.);
#616=EDGE_CURVE('',#506,#504,#205,.T.);
#617=EDGE_CURVE('',#503,#505,#206,.T.);
#618=EDGE_CURVE('',#507,#508,#402,.T.);
#619=EDGE_CURVE('',#508,#506,#40,.T.);
#620=EDGE_CURVE('',#505,#507,#41,.T.);
#621=EDGE_CURVE('',#489,#508,#207,.T.);
#622=EDGE_CURVE('',#507,#490,#208,.T.);
#623=EDGE_CURVE('',#501,#509,#42,.T.);
#624=EDGE_CURVE('',#510,#509,#43,.T.);
#625=EDGE_CURVE('',#507,#510,#44,.T.);
#626=EDGE_CURVE('',#511,#499,#45,.T.);
#627=EDGE_CURVE('',#509,#511,#403,.T.);
#628=EDGE_CURVE('',#512,#496,#404,.T.);
#629=EDGE_CURVE('',#512,#513,#46,.T.);
#630=EDGE_CURVE('',#514,#513,#405,.T.);
#631=EDGE_CURVE('',#514,#492,#47,.T.);
#632=EDGE_CURVE('',#515,#504,#406,.T.);
#633=EDGE_CURVE('',#516,#515,#407,.T.);
#634=EDGE_CURVE('',#517,#516,#48,.T.);
#635=EDGE_CURVE('',#518,#517,#408,.T.);
#636=EDGE_CURVE('',#519,#518,#49,.T.);
#637=EDGE_CURVE('',#520,#519,#409,.T.);
#638=EDGE_CURVE('',#521,#520,#50,.T.);
#639=EDGE_CURVE('',#522,#521,#410,.T.);
#640=EDGE_CURVE('',#497,#522,#411,.T.);
#641=EDGE_CURVE('',#523,#523,#412,.T.);
#642=EDGE_CURVE('',#524,#514,#413,.T.);
#643=EDGE_CURVE('',#489,#524,#51,.T.);
#644=EDGE_CURVE('',#525,#525,#414,.T.);
#645=EDGE_CURVE('',#526,#522,#415,.T.);
#646=EDGE_CURVE('',#526,#512,#416,.T.);
#647=EDGE_CURVE('',#527,#528,#417,.T.);
#648=EDGE_CURVE('',#528,#529,#52,.T.);
#649=EDGE_CURVE('',#529,#511,#418,.T.);
#650=EDGE_CURVE('',#511,#527,#53,.T.);
#651=EDGE_CURVE('',#530,#509,#419,.T.);
#652=EDGE_CURVE('',#529,#530,#420,.T.);
#653=EDGE_CURVE('',#531,#510,#421,.T.);
#654=EDGE_CURVE('',#530,#531,#54,.T.);
#655=EDGE_CURVE('',#527,#510,#422,.T.);
#656=EDGE_CURVE('',#531,#528,#423,.T.);
#657=EDGE_CURVE('',#493,#527,#55,.T.);
#658=EDGE_CURVE('',#532,#533,#424,.T.);
#659=EDGE_CURVE('',#533,#534,#56,.T.);
#660=EDGE_CURVE('',#534,#535,#425,.T.);
#661=EDGE_CURVE('',#535,#532,#57,.T.);
#662=EDGE_CURVE('',#536,#537,#426,.T.);
#663=EDGE_CURVE('',#537,#538,#58,.T.);
#664=EDGE_CURVE('',#538,#539,#427,.T.);
#665=EDGE_CURVE('',#539,#536,#59,.T.);
#666=EDGE_CURVE('',#538,#535,#428,.T.);
#667=EDGE_CURVE('',#534,#539,#429,.T.);
#668=EDGE_CURVE('',#540,#541,#430,.T.);
#669=EDGE_CURVE('',#541,#537,#209,.T.);
#670=EDGE_CURVE('',#536,#540,#210,.T.);
#671=EDGE_CURVE('',#542,#543,#431,.T.);
#672=EDGE_CURVE('',#543,#541,#60,.T.);
#673=EDGE_CURVE('',#540,#542,#61,.T.);
#674=EDGE_CURVE('',#544,#545,#432,.T.);
#675=EDGE_CURVE('',#545,#546,#433,.T.);
#676=EDGE_CURVE('',#546,#547,#434,.T.);
#677=EDGE_CURVE('',#547,#544,#435,.T.);
#678=EDGE_CURVE('',#544,#543,#211,.T.);
#679=EDGE_CURVE('',#542,#545,#212,.T.);
#680=EDGE_CURVE('',#548,#549,#436,.T.);
#681=EDGE_CURVE('',#549,#547,#213,.T.);
#682=EDGE_CURVE('',#546,#548,#214,.T.);
#683=EDGE_CURVE('',#550,#551,#437,.T.);
#684=EDGE_CURVE('',#551,#549,#62,.T.);
#685=EDGE_CURVE('',#548,#550,#63,.T.);
#686=EDGE_CURVE('',#532,#551,#215,.T.);
#687=EDGE_CURVE('',#550,#533,#216,.T.);
#688=EDGE_CURVE('',#541,#552,#438,.T.);
#689=EDGE_CURVE('',#552,#553,#439,.T.);
#690=EDGE_CURVE('',#554,#553,#440,.T.);
#691=EDGE_CURVE('',#554,#537,#441,.T.);
#692=EDGE_CURVE('',#544,#555,#64,.T.);
#693=EDGE_CURVE('',#555,#556,#442,.T.);
#694=EDGE_CURVE('',#556,#552,#65,.T.);
#695=EDGE_CURVE('',#557,#547,#66,.T.);
#696=EDGE_CURVE('',#555,#557,#443,.T.);
#697=EDGE_CURVE('',#558,#558,#444,.T.);
#698=EDGE_CURVE('',#559,#548,#67,.T.);
#699=EDGE_CURVE('',#560,#559,#68,.T.);
#700=EDGE_CURVE('',#560,#534,#69,.T.);
#701=EDGE_CURVE('',#561,#542,#70,.T.);
#702=EDGE_CURVE('',#559,#561,#445,.T.);
#703=EDGE_CURVE('',#562,#563,#446,.T.);
#704=EDGE_CURVE('',#563,#564,#71,.T.);
#705=EDGE_CURVE('',#564,#561,#447,.T.);
#706=EDGE_CURVE('',#561,#562,#72,.T.);
#707=EDGE_CURVE('',#565,#559,#448,.T.);
#708=EDGE_CURVE('',#564,#565,#449,.T.);
#709=EDGE_CURVE('',#566,#560,#450,.T.);
#710=EDGE_CURVE('',#565,#566,#73,.T.);
#711=EDGE_CURVE('',#562,#560,#451,.T.);
#712=EDGE_CURVE('',#566,#563,#452,.T.);
#713=EDGE_CURVE('',#539,#562,#74,.T.);
#714=EDGE_CURVE('',#513,#567,#453,.T.);
#715=EDGE_CURVE('',#567,#524,#454,.T.);
#716=EDGE_CURVE('',#567,#568,#75,.T.);
#717=EDGE_CURVE('',#568,#506,#455,.T.);
#718=EDGE_CURVE('',#568,#569,#456,.T.);
#719=EDGE_CURVE('',#569,#515,#457,.T.);
#720=EDGE_CURVE('',#570,#516,#458,.T.);
#721=EDGE_CURVE('',#569,#570,#459,.T.);
#722=EDGE_CURVE('',#571,#517,#460,.T.);
#723=EDGE_CURVE('',#570,#571,#76,.T.);
#724=EDGE_CURVE('',#572,#518,#461,.T.);
#725=EDGE_CURVE('',#571,#572,#462,.T.);
#726=EDGE_CURVE('',#573,#519,#463,.T.);
#727=EDGE_CURVE('',#572,#573,#77,.T.);
#728=EDGE_CURVE('',#574,#520,#464,.T.);
#729=EDGE_CURVE('',#573,#574,#465,.T.);
#730=EDGE_CURVE('',#575,#521,#466,.T.);
#731=EDGE_CURVE('',#574,#575,#78,.T.);
#732=EDGE_CURVE('',#575,#526,#467,.T.);
#733=EDGE_CURVE('',#571,#576,#79,.T.);
#734=EDGE_CURVE('',#577,#576,#468,.T.);
#735=EDGE_CURVE('',#577,#572,#80,.T.);
#736=EDGE_CURVE('',#578,#570,#81,.T.);
#737=EDGE_CURVE('',#576,#578,#82,.T.);
#738=EDGE_CURVE('',#569,#579,#83,.T.);
#739=EDGE_CURVE('',#578,#579,#469,.T.);
#740=EDGE_CURVE('',#568,#580,#84,.T.);
#741=EDGE_CURVE('',#579,#580,#470,.T.);
#742=EDGE_CURVE('',#567,#581,#85,.T.);
#743=EDGE_CURVE('',#580,#581,#86,.T.);
#744=EDGE_CURVE('',#513,#556,#87,.T.);
#745=EDGE_CURVE('',#581,#556,#471,.T.);
#746=EDGE_CURVE('',#582,#583,#472,.T.);
#747=EDGE_CURVE('',#583,#554,#473,.T.);
#748=EDGE_CURVE('',#553,#582,#474,.T.);
#749=EDGE_CURVE('',#557,#581,#475,.T.);
#750=EDGE_CURVE('',#551,#580,#476,.T.);
#751=EDGE_CURVE('',#532,#584,#477,.T.);
#752=EDGE_CURVE('',#584,#579,#478,.T.);
#753=EDGE_CURVE('',#585,#578,#479,.T.);
#754=EDGE_CURVE('',#584,#585,#480,.T.);
#755=EDGE_CURVE('',#586,#576,#481,.T.);
#756=EDGE_CURVE('',#585,#586,#88,.T.);
#757=EDGE_CURVE('',#587,#577,#482,.T.);
#758=EDGE_CURVE('',#586,#587,#483,.T.);
#759=EDGE_CURVE('',#588,#589,#484,.T.);
#760=EDGE_CURVE('',#589,#577,#89,.T.);
#761=EDGE_CURVE('',#587,#588,#90,.T.);
#762=EDGE_CURVE('',#590,#591,#485,.T.);
#763=EDGE_CURVE('',#591,#589,#486,.T.);
#764=EDGE_CURVE('',#588,#590,#487,.T.);
#765=EDGE_CURVE('',#590,#583,#91,.T.);
#766=EDGE_CURVE('',#582,#591,#92,.T.);
#767=EDGE_CURVE('',#573,#589,#93,.T.);
#768=EDGE_CURVE('',#591,#574,#94,.T.);
#769=EDGE_CURVE('',#575,#582,#95,.T.);
#770=EDGE_CURVE('',#553,#526,#96,.T.);
#771=EDGE_CURVE('',#592,#592,#488,.T.);
#772=EDGE_CURVE('',#592,#523,#97,.T.);
#773=EDGE_CURVE('',#558,#525,#98,.T.);
#774=EDGE_CURVE('',#512,#552,#99,.T.);
#775=ORIENTED_EDGE('',*,*,#593,.T.);
#776=ORIENTED_EDGE('',*,*,#594,.T.);
#777=ORIENTED_EDGE('',*,*,#595,.T.);
#778=ORIENTED_EDGE('',*,*,#596,.T.);
#779=ORIENTED_EDGE('',*,*,#597,.T.);
#780=ORIENTED_EDGE('',*,*,#598,.T.);
#781=ORIENTED_EDGE('',*,*,#595,.F.);
#782=ORIENTED_EDGE('',*,*,#599,.T.);
#783=ORIENTED_EDGE('',*,*,#600,.T.);
#784=ORIENTED_EDGE('',*,*,#601,.T.);
#785=ORIENTED_EDGE('',*,*,#597,.F.);
#786=ORIENTED_EDGE('',*,*,#602,.T.);
#787=ORIENTED_EDGE('',*,*,#603,.T.);
#788=ORIENTED_EDGE('',*,*,#604,.T.);
#789=ORIENTED_EDGE('',*,*,#605,.T.);
#790=ORIENTED_EDGE('',*,*,#606,.T.);
#791=ORIENTED_EDGE('',*,*,#607,.T.);
#792=ORIENTED_EDGE('',*,*,#608,.T.);
#793=ORIENTED_EDGE('',*,*,#605,.F.);
#794=ORIENTED_EDGE('',*,*,#609,.T.);
#795=ORIENTED_EDGE('',*,*,#610,.T.);
#796=ORIENTED_EDGE('',*,*,#611,.T.);
#797=ORIENTED_EDGE('',*,*,#607,.F.);
#798=ORIENTED_EDGE('',*,*,#612,.T.);
#799=ORIENTED_EDGE('',*,*,#603,.F.);
#800=ORIENTED_EDGE('',*,*,#613,.T.);
#801=ORIENTED_EDGE('',*,*,#600,.F.);
#802=ORIENTED_EDGE('',*,*,#614,.T.);
#803=ORIENTED_EDGE('',*,*,#615,.T.);
#804=ORIENTED_EDGE('',*,*,#616,.T.);
#805=ORIENTED_EDGE('',*,*,#610,.F.);
#806=ORIENTED_EDGE('',*,*,#617,.T.);
#807=ORIENTED_EDGE('',*,*,#618,.T.);
#808=ORIENTED_EDGE('',*,*,#619,.T.);
#809=ORIENTED_EDGE('',*,*,#615,.F.);
#810=ORIENTED_EDGE('',*,*,#620,.T.);
#811=ORIENTED_EDGE('',*,*,#593,.F.);
#812=ORIENTED_EDGE('',*,*,#621,.T.);
#813=ORIENTED_EDGE('',*,*,#618,.F.);
#814=ORIENTED_EDGE('',*,*,#622,.T.);
#815=ORIENTED_EDGE('',*,*,#620,.F.);
#816=ORIENTED_EDGE('',*,*,#617,.F.);
#817=ORIENTED_EDGE('',*,*,#612,.F.);
#818=ORIENTED_EDGE('',*,*,#623,.T.);
#819=ORIENTED_EDGE('',*,*,#624,.F.);
#820=ORIENTED_EDGE('',*,*,#625,.F.);
#821=ORIENTED_EDGE('',*,*,#609,.F.);
#822=ORIENTED_EDGE('',*,*,#626,.F.);
#823=ORIENTED_EDGE('',*,*,#627,.F.);
#824=ORIENTED_EDGE('',*,*,#623,.F.);
#825=ORIENTED_EDGE('',*,*,#598,.F.);
#826=ORIENTED_EDGE('',*,*,#601,.F.);
#827=ORIENTED_EDGE('',*,*,#628,.F.);
#828=ORIENTED_EDGE('',*,*,#629,.T.);
#829=ORIENTED_EDGE('',*,*,#630,.F.);
#830=ORIENTED_EDGE('',*,*,#631,.T.);
#831=ORIENTED_EDGE('',*,*,#611,.F.);
#832=ORIENTED_EDGE('',*,*,#632,.F.);
#833=ORIENTED_EDGE('',*,*,#633,.F.);
#834=ORIENTED_EDGE('',*,*,#634,.F.);
#835=ORIENTED_EDGE('',*,*,#635,.F.);
#836=ORIENTED_EDGE('',*,*,#636,.F.);
#837=ORIENTED_EDGE('',*,*,#637,.F.);
#838=ORIENTED_EDGE('',*,*,#638,.F.);
#839=ORIENTED_EDGE('',*,*,#639,.F.);
#840=ORIENTED_EDGE('',*,*,#640,.F.);
#841=ORIENTED_EDGE('',*,*,#606,.F.);
#842=ORIENTED_EDGE('',*,*,#608,.F.);
#843=ORIENTED_EDGE('',*,*,#641,.T.);
#844=ORIENTED_EDGE('',*,*,#596,.F.);
#845=ORIENTED_EDGE('',*,*,#631,.F.);
#846=ORIENTED_EDGE('',*,*,#642,.F.);
#847=ORIENTED_EDGE('',*,*,#643,.F.);
#848=ORIENTED_EDGE('',*,*,#644,.T.);
#849=ORIENTED_EDGE('',*,*,#613,.F.);
#850=ORIENTED_EDGE('',*,*,#640,.T.);
#851=ORIENTED_EDGE('',*,*,#645,.F.);
#852=ORIENTED_EDGE('',*,*,#646,.T.);
#853=ORIENTED_EDGE('',*,*,#628,.T.);
#854=ORIENTED_EDGE('',*,*,#647,.T.);
#855=ORIENTED_EDGE('',*,*,#648,.T.);
#856=ORIENTED_EDGE('',*,*,#649,.T.);
#857=ORIENTED_EDGE('',*,*,#650,.T.);
#858=ORIENTED_EDGE('',*,*,#651,.T.);
#859=ORIENTED_EDGE('',*,*,#627,.T.);
#860=ORIENTED_EDGE('',*,*,#649,.F.);
#861=ORIENTED_EDGE('',*,*,#652,.T.);
#862=ORIENTED_EDGE('',*,*,#653,.T.);
#863=ORIENTED_EDGE('',*,*,#624,.T.);
#864=ORIENTED_EDGE('',*,*,#651,.F.);
#865=ORIENTED_EDGE('',*,*,#654,.T.);
#866=ORIENTED_EDGE('',*,*,#647,.F.);
#867=ORIENTED_EDGE('',*,*,#655,.T.);
#868=ORIENTED_EDGE('',*,*,#653,.F.);
#869=ORIENTED_EDGE('',*,*,#656,.T.);
#870=ORIENTED_EDGE('',*,*,#622,.F.);
#871=ORIENTED_EDGE('',*,*,#625,.T.);
#872=ORIENTED_EDGE('',*,*,#655,.F.);
#873=ORIENTED_EDGE('',*,*,#657,.F.);
#874=ORIENTED_EDGE('',*,*,#599,.F.);
#875=ORIENTED_EDGE('',*,*,#594,.F.);
#876=ORIENTED_EDGE('',*,*,#602,.F.);
#877=ORIENTED_EDGE('',*,*,#657,.T.);
#878=ORIENTED_EDGE('',*,*,#650,.F.);
#879=ORIENTED_EDGE('',*,*,#626,.T.);
#880=ORIENTED_EDGE('',*,*,#604,.F.);
#881=ORIENTED_EDGE('',*,*,#614,.F.);
#882=ORIENTED_EDGE('',*,*,#648,.F.);
#883=ORIENTED_EDGE('',*,*,#656,.F.);
#884=ORIENTED_EDGE('',*,*,#654,.F.);
#885=ORIENTED_EDGE('',*,*,#652,.F.);
#886=ORIENTED_EDGE('',*,*,#658,.T.);
#887=ORIENTED_EDGE('',*,*,#659,.T.);
#888=ORIENTED_EDGE('',*,*,#660,.T.);
#889=ORIENTED_EDGE('',*,*,#661,.T.);
#890=ORIENTED_EDGE('',*,*,#662,.T.);
#891=ORIENTED_EDGE('',*,*,#663,.T.);
#892=ORIENTED_EDGE('',*,*,#664,.T.);
#893=ORIENTED_EDGE('',*,*,#665,.T.);
#894=ORIENTED_EDGE('',*,*,#664,.F.);
#895=ORIENTED_EDGE('',*,*,#666,.T.);
#896=ORIENTED_EDGE('',*,*,#660,.F.);
#897=ORIENTED_EDGE('',*,*,#667,.T.);
#898=ORIENTED_EDGE('',*,*,#668,.T.);
#899=ORIENTED_EDGE('',*,*,#669,.T.);
#900=ORIENTED_EDGE('',*,*,#662,.F.);
#901=ORIENTED_EDGE('',*,*,#670,.T.);
#902=ORIENTED_EDGE('',*,*,#671,.T.);
#903=ORIENTED_EDGE('',*,*,#672,.T.);
#904=ORIENTED_EDGE('',*,*,#668,.F.);
#905=ORIENTED_EDGE('',*,*,#673,.T.);
#906=ORIENTED_EDGE('',*,*,#674,.T.);
#907=ORIENTED_EDGE('',*,*,#675,.T.);
#908=ORIENTED_EDGE('',*,*,#676,.T.);
#909=ORIENTED_EDGE('',*,*,#677,.T.);
#910=ORIENTED_EDGE('',*,*,#674,.F.);
#911=ORIENTED_EDGE('',*,*,#678,.T.);
#912=ORIENTED_EDGE('',*,*,#671,.F.);
#913=ORIENTED_EDGE('',*,*,#679,.T.);
#914=ORIENTED_EDGE('',*,*,#680,.T.);
#915=ORIENTED_EDGE('',*,*,#681,.T.);
#916=ORIENTED_EDGE('',*,*,#676,.F.);
#917=ORIENTED_EDGE('',*,*,#682,.T.);
#918=ORIENTED_EDGE('',*,*,#683,.T.);
#919=ORIENTED_EDGE('',*,*,#684,.T.);
#920=ORIENTED_EDGE('',*,*,#680,.F.);
#921=ORIENTED_EDGE('',*,*,#685,.T.);
#922=ORIENTED_EDGE('',*,*,#658,.F.);
#923=ORIENTED_EDGE('',*,*,#686,.T.);
#924=ORIENTED_EDGE('',*,*,#683,.F.);
#925=ORIENTED_EDGE('',*,*,#687,.T.);
#926=ORIENTED_EDGE('',*,*,#669,.F.);
#927=ORIENTED_EDGE('',*,*,#688,.T.);
#928=ORIENTED_EDGE('',*,*,#689,.T.);
#929=ORIENTED_EDGE('',*,*,#690,.F.);
#930=ORIENTED_EDGE('',*,*,#691,.T.);
#931=ORIENTED_EDGE('',*,*,#672,.F.);
#932=ORIENTED_EDGE('',*,*,#678,.F.);
#933=ORIENTED_EDGE('',*,*,#692,.T.);
#934=ORIENTED_EDGE('',*,*,#693,.T.);
#935=ORIENTED_EDGE('',*,*,#694,.T.);
#936=ORIENTED_EDGE('',*,*,#688,.F.);
#937=ORIENTED_EDGE('',*,*,#677,.F.);
#938=ORIENTED_EDGE('',*,*,#695,.F.);
#939=ORIENTED_EDGE('',*,*,#696,.F.);
#940=ORIENTED_EDGE('',*,*,#692,.F.);
#941=ORIENTED_EDGE('',*,*,#697,.T.);
#942=ORIENTED_EDGE('',*,*,#659,.F.);
#943=ORIENTED_EDGE('',*,*,#687,.F.);
#944=ORIENTED_EDGE('',*,*,#685,.F.);
#945=ORIENTED_EDGE('',*,*,#698,.F.);
#946=ORIENTED_EDGE('',*,*,#699,.F.);
#947=ORIENTED_EDGE('',*,*,#700,.T.);
#948=ORIENTED_EDGE('',*,*,#682,.F.);
#949=ORIENTED_EDGE('',*,*,#675,.F.);
#950=ORIENTED_EDGE('',*,*,#679,.F.);
#951=ORIENTED_EDGE('',*,*,#701,.F.);
#952=ORIENTED_EDGE('',*,*,#702,.F.);
#953=ORIENTED_EDGE('',*,*,#698,.T.);
#954=ORIENTED_EDGE('',*,*,#703,.T.);
#955=ORIENTED_EDGE('',*,*,#704,.T.);
#956=ORIENTED_EDGE('',*,*,#705,.T.);
#957=ORIENTED_EDGE('',*,*,#706,.T.);
#958=ORIENTED_EDGE('',*,*,#707,.T.);
#959=ORIENTED_EDGE('',*,*,#702,.T.);
#960=ORIENTED_EDGE('',*,*,#705,.F.);
#961=ORIENTED_EDGE('',*,*,#708,.T.);
#962=ORIENTED_EDGE('',*,*,#709,.T.);
#963=ORIENTED_EDGE('',*,*,#699,.T.);
#964=ORIENTED_EDGE('',*,*,#707,.F.);
#965=ORIENTED_EDGE('',*,*,#710,.T.);
#966=ORIENTED_EDGE('',*,*,#703,.F.);
#967=ORIENTED_EDGE('',*,*,#711,.T.);
#968=ORIENTED_EDGE('',*,*,#709,.F.);
#969=ORIENTED_EDGE('',*,*,#712,.T.);
#970=ORIENTED_EDGE('',*,*,#667,.F.);
#971=ORIENTED_EDGE('',*,*,#700,.F.);
#972=ORIENTED_EDGE('',*,*,#711,.F.);
#973=ORIENTED_EDGE('',*,*,#713,.F.);
#974=ORIENTED_EDGE('',*,*,#665,.F.);
#975=ORIENTED_EDGE('',*,*,#713,.T.);
#976=ORIENTED_EDGE('',*,*,#706,.F.);
#977=ORIENTED_EDGE('',*,*,#701,.T.);
#978=ORIENTED_EDGE('',*,*,#673,.F.);
#979=ORIENTED_EDGE('',*,*,#670,.F.);
#980=ORIENTED_EDGE('',*,*,#704,.F.);
#981=ORIENTED_EDGE('',*,*,#712,.F.);
#982=ORIENTED_EDGE('',*,*,#710,.F.);
#983=ORIENTED_EDGE('',*,*,#708,.F.);
#984=ORIENTED_EDGE('',*,*,#630,.T.);
#985=ORIENTED_EDGE('',*,*,#714,.T.);
#986=ORIENTED_EDGE('',*,*,#715,.T.);
#987=ORIENTED_EDGE('',*,*,#642,.T.);
#988=ORIENTED_EDGE('',*,*,#621,.F.);
#989=ORIENTED_EDGE('',*,*,#643,.T.);
#990=ORIENTED_EDGE('',*,*,#715,.F.);
#991=ORIENTED_EDGE('',*,*,#716,.T.);
#992=ORIENTED_EDGE('',*,*,#717,.T.);
#993=ORIENTED_EDGE('',*,*,#619,.F.);
#994=ORIENTED_EDGE('',*,*,#616,.F.);
#995=ORIENTED_EDGE('',*,*,#717,.F.);
#996=ORIENTED_EDGE('',*,*,#718,.T.);
#997=ORIENTED_EDGE('',*,*,#719,.T.);
#998=ORIENTED_EDGE('',*,*,#632,.T.);
#999=ORIENTED_EDGE('',*,*,#720,.T.);
#1000=ORIENTED_EDGE('',*,*,#633,.T.);
#1001=ORIENTED_EDGE('',*,*,#719,.F.);
#1002=ORIENTED_EDGE('',*,*,#721,.T.);
#1003=ORIENTED_EDGE('',*,*,#722,.T.);
#1004=ORIENTED_EDGE('',*,*,#634,.T.);
#1005=ORIENTED_EDGE('',*,*,#720,.F.);
#1006=ORIENTED_EDGE('',*,*,#723,.T.);
#1007=ORIENTED_EDGE('',*,*,#724,.T.);
#1008=ORIENTED_EDGE('',*,*,#635,.T.);
#1009=ORIENTED_EDGE('',*,*,#722,.F.);
#1010=ORIENTED_EDGE('',*,*,#725,.T.);
#1011=ORIENTED_EDGE('',*,*,#726,.T.);
#1012=ORIENTED_EDGE('',*,*,#636,.T.);
#1013=ORIENTED_EDGE('',*,*,#724,.F.);
#1014=ORIENTED_EDGE('',*,*,#727,.T.);
#1015=ORIENTED_EDGE('',*,*,#728,.T.);
#1016=ORIENTED_EDGE('',*,*,#637,.T.);
#1017=ORIENTED_EDGE('',*,*,#726,.F.);
#1018=ORIENTED_EDGE('',*,*,#729,.T.);
#1019=ORIENTED_EDGE('',*,*,#730,.T.);
#1020=ORIENTED_EDGE('',*,*,#638,.T.);
#1021=ORIENTED_EDGE('',*,*,#728,.F.);
#1022=ORIENTED_EDGE('',*,*,#731,.T.);
#1023=ORIENTED_EDGE('',*,*,#645,.T.);
#1024=ORIENTED_EDGE('',*,*,#639,.T.);
#1025=ORIENTED_EDGE('',*,*,#730,.F.);
#1026=ORIENTED_EDGE('',*,*,#732,.T.);
#1027=ORIENTED_EDGE('',*,*,#725,.F.);
#1028=ORIENTED_EDGE('',*,*,#733,.T.);
#1029=ORIENTED_EDGE('',*,*,#734,.F.);
#1030=ORIENTED_EDGE('',*,*,#735,.T.);
#1031=ORIENTED_EDGE('',*,*,#723,.F.);
#1032=ORIENTED_EDGE('',*,*,#736,.F.);
#1033=ORIENTED_EDGE('',*,*,#737,.F.);
#1034=ORIENTED_EDGE('',*,*,#733,.F.);
#1035=ORIENTED_EDGE('',*,*,#721,.F.);
#1036=ORIENTED_EDGE('',*,*,#738,.T.);
#1037=ORIENTED_EDGE('',*,*,#739,.F.);
#1038=ORIENTED_EDGE('',*,*,#736,.T.);
#1039=ORIENTED_EDGE('',*,*,#718,.F.);
#1040=ORIENTED_EDGE('',*,*,#740,.T.);
#1041=ORIENTED_EDGE('',*,*,#741,.F.);
#1042=ORIENTED_EDGE('',*,*,#738,.F.);
#1043=ORIENTED_EDGE('',*,*,#716,.F.);
#1044=ORIENTED_EDGE('',*,*,#742,.T.);
#1045=ORIENTED_EDGE('',*,*,#743,.F.);
#1046=ORIENTED_EDGE('',*,*,#740,.F.);
#1047=ORIENTED_EDGE('',*,*,#714,.F.);
#1048=ORIENTED_EDGE('',*,*,#744,.T.);
#1049=ORIENTED_EDGE('',*,*,#745,.F.);
#1050=ORIENTED_EDGE('',*,*,#742,.F.);
#1051=ORIENTED_EDGE('',*,*,#746,.T.);
#1052=ORIENTED_EDGE('',*,*,#747,.T.);
#1053=ORIENTED_EDGE('',*,*,#690,.T.);
#1054=ORIENTED_EDGE('',*,*,#748,.T.);
#1055=ORIENTED_EDGE('',*,*,#749,.T.);
#1056=ORIENTED_EDGE('',*,*,#745,.T.);
#1057=ORIENTED_EDGE('',*,*,#693,.F.);
#1058=ORIENTED_EDGE('',*,*,#696,.T.);
#1059=ORIENTED_EDGE('',*,*,#684,.F.);
#1060=ORIENTED_EDGE('',*,*,#750,.T.);
#1061=ORIENTED_EDGE('',*,*,#743,.T.);
#1062=ORIENTED_EDGE('',*,*,#749,.F.);
#1063=ORIENTED_EDGE('',*,*,#695,.T.);
#1064=ORIENTED_EDGE('',*,*,#681,.F.);
#1065=ORIENTED_EDGE('',*,*,#686,.F.);
#1066=ORIENTED_EDGE('',*,*,#751,.T.);
#1067=ORIENTED_EDGE('',*,*,#752,.T.);
#1068=ORIENTED_EDGE('',*,*,#741,.T.);
#1069=ORIENTED_EDGE('',*,*,#750,.F.);
#1070=ORIENTED_EDGE('',*,*,#753,.T.);
#1071=ORIENTED_EDGE('',*,*,#739,.T.);
#1072=ORIENTED_EDGE('',*,*,#752,.F.);
#1073=ORIENTED_EDGE('',*,*,#754,.T.);
#1074=ORIENTED_EDGE('',*,*,#755,.T.);
#1075=ORIENTED_EDGE('',*,*,#737,.T.);
#1076=ORIENTED_EDGE('',*,*,#753,.F.);
#1077=ORIENTED_EDGE('',*,*,#756,.T.);
#1078=ORIENTED_EDGE('',*,*,#757,.T.);
#1079=ORIENTED_EDGE('',*,*,#734,.T.);
#1080=ORIENTED_EDGE('',*,*,#755,.F.);
#1081=ORIENTED_EDGE('',*,*,#758,.T.);
#1082=ORIENTED_EDGE('',*,*,#759,.T.);
#1083=ORIENTED_EDGE('',*,*,#760,.T.);
#1084=ORIENTED_EDGE('',*,*,#757,.F.);
#1085=ORIENTED_EDGE('',*,*,#761,.T.);
#1086=ORIENTED_EDGE('',*,*,#762,.T.);
#1087=ORIENTED_EDGE('',*,*,#763,.T.);
#1088=ORIENTED_EDGE('',*,*,#759,.F.);
#1089=ORIENTED_EDGE('',*,*,#764,.T.);
#1090=ORIENTED_EDGE('',*,*,#762,.F.);
#1091=ORIENTED_EDGE('',*,*,#765,.T.);
#1092=ORIENTED_EDGE('',*,*,#746,.F.);
#1093=ORIENTED_EDGE('',*,*,#766,.T.);
#1094=ORIENTED_EDGE('',*,*,#727,.F.);
#1095=ORIENTED_EDGE('',*,*,#735,.F.);
#1096=ORIENTED_EDGE('',*,*,#760,.F.);
#1097=ORIENTED_EDGE('',*,*,#767,.F.);
#1098=ORIENTED_EDGE('',*,*,#729,.F.);
#1099=ORIENTED_EDGE('',*,*,#767,.T.);
#1100=ORIENTED_EDGE('',*,*,#763,.F.);
#1101=ORIENTED_EDGE('',*,*,#768,.T.);
#1102=ORIENTED_EDGE('',*,*,#731,.F.);
#1103=ORIENTED_EDGE('',*,*,#768,.F.);
#1104=ORIENTED_EDGE('',*,*,#766,.F.);
#1105=ORIENTED_EDGE('',*,*,#769,.F.);
#1106=ORIENTED_EDGE('',*,*,#732,.F.);
#1107=ORIENTED_EDGE('',*,*,#769,.T.);
#1108=ORIENTED_EDGE('',*,*,#748,.F.);
#1109=ORIENTED_EDGE('',*,*,#770,.T.);
#1110=ORIENTED_EDGE('',*,*,#663,.F.);
#1111=ORIENTED_EDGE('',*,*,#691,.F.);
#1112=ORIENTED_EDGE('',*,*,#747,.F.);
#1113=ORIENTED_EDGE('',*,*,#765,.F.);
#1114=ORIENTED_EDGE('',*,*,#764,.F.);
#1115=ORIENTED_EDGE('',*,*,#761,.F.);
#1116=ORIENTED_EDGE('',*,*,#758,.F.);
#1117=ORIENTED_EDGE('',*,*,#756,.F.);
#1118=ORIENTED_EDGE('',*,*,#754,.F.);
#1119=ORIENTED_EDGE('',*,*,#751,.F.);
#1120=ORIENTED_EDGE('',*,*,#661,.F.);
#1121=ORIENTED_EDGE('',*,*,#666,.F.);
#1122=ORIENTED_EDGE('',*,*,#771,.T.);
#1123=ORIENTED_EDGE('',*,*,#771,.F.);
#1124=ORIENTED_EDGE('',*,*,#772,.T.);
#1125=ORIENTED_EDGE('',*,*,#641,.F.);
#1126=ORIENTED_EDGE('',*,*,#772,.F.);
#1127=ORIENTED_EDGE('',*,*,#697,.F.);
#1128=ORIENTED_EDGE('',*,*,#773,.T.);
#1129=ORIENTED_EDGE('',*,*,#644,.F.);
#1130=ORIENTED_EDGE('',*,*,#773,.F.);
#1131=ORIENTED_EDGE('',*,*,#646,.F.);
#1132=ORIENTED_EDGE('',*,*,#770,.F.);
#1133=ORIENTED_EDGE('',*,*,#689,.F.);
#1134=ORIENTED_EDGE('',*,*,#774,.F.);
#1135=ORIENTED_EDGE('',*,*,#629,.F.);
#1136=ORIENTED_EDGE('',*,*,#774,.T.);
#1137=ORIENTED_EDGE('',*,*,#694,.F.);
#1138=ORIENTED_EDGE('',*,*,#744,.F.);
#1139=TOROIDAL_SURFACE('',#1255,6.25000000000001,1.5);
#1140=TOROIDAL_SURFACE('',#1266,6.25,1.5);
#1141=TOROIDAL_SURFACE('',#1292,27.5,2.5);
#1142=TOROIDAL_SURFACE('',#1298,3.25,1.5);
#1143=TOROIDAL_SURFACE('',#1303,3.25000000000001,1.5);
#1144=TOROIDAL_SURFACE('',#1315,6.25,1.5);
#1145=TOROIDAL_SURFACE('',#1321,6.25000000000001,1.5);
#1146=TOROIDAL_SURFACE('',#1329,27.5,2.5);
#1147=TOROIDAL_SURFACE('',#1345,3.25000000000001,1.5);
#1148=TOROIDAL_SURFACE('',#1350,3.25,1.5);
#1149=TOROIDAL_SURFACE('',#1356,6.,2.5);
#1150=TOROIDAL_SURFACE('',#1361,27.5,2.5);
#1151=TOROIDAL_SURFACE('',#1364,10.,2.5);
#1152=TOROIDAL_SURFACE('',#1369,10.,2.5);
#1153=TOROIDAL_SURFACE('',#1374,10.,2.5);
#1154=TOROIDAL_SURFACE('',#1379,10.,2.5);
#1155=TOROIDAL_SURFACE('',#1391,10.,2.5);
#1156=TOROIDAL_SURFACE('',#1395,6.,2.5);
#1157=TOROIDAL_SURFACE('',#1399,27.5,2.5);
#1158=TOROIDAL_SURFACE('',#1402,10.,2.5);
#1159=TOROIDAL_SURFACE('',#1407,10.,2.5);
#1160=TOROIDAL_SURFACE('',#1412,10.,2.5);
#1161=ADVANCED_FACE('',(#225),#1139,.T.);
#1162=ADVANCED_FACE('',(#226),#217,.F.);
#1163=ADVANCED_FACE('',(#227),#166,.T.);
#1164=ADVANCED_FACE('',(#228),#167,.T.);
#1165=ADVANCED_FACE('',(#229),#1140,.T.);
#1166=ADVANCED_FACE('',(#230),#168,.T.);
#1167=ADVANCED_FACE('',(#231),#218,.F.);
#1168=ADVANCED_FACE('',(#232),#219,.F.);
#1169=ADVANCED_FACE('',(#233),#169,.T.);
#1170=ADVANCED_FACE('',(#234),#220,.F.);
#1171=ADVANCED_FACE('',(#235),#19,.T.);
#1172=ADVANCED_FACE('',(#236),#170,.F.);
#1173=ADVANCED_FACE('',(#237),#171,.T.);
#1174=ADVANCED_FACE('',(#238,#15),#20,.F.);
#1175=ADVANCED_FACE('',(#239,#16),#21,.F.);
#1176=ADVANCED_FACE('',(#240),#1141,.T.);
#1177=ADVANCED_FACE('',(#241),#172,.F.);
#1178=ADVANCED_FACE('',(#242),#1142,.F.);
#1179=ADVANCED_FACE('',(#243),#173,.F.);
#1180=ADVANCED_FACE('',(#244),#1143,.F.);
#1181=ADVANCED_FACE('',(#245),#174,.F.);
#1182=ADVANCED_FACE('',(#246),#22,.T.);
#1183=ADVANCED_FACE('',(#247),#23,.F.);
#1184=ADVANCED_FACE('',(#248),#175,.T.);
#1185=ADVANCED_FACE('',(#249),#176,.T.);
#1186=ADVANCED_FACE('',(#250),#1144,.T.);
#1187=ADVANCED_FACE('',(#251),#221,.F.);
#1188=ADVANCED_FACE('',(#252),#177,.T.);
#1189=ADVANCED_FACE('',(#253),#1145,.T.);
#1190=ADVANCED_FACE('',(#254),#222,.F.);
#1191=ADVANCED_FACE('',(#255),#223,.F.);
#1192=ADVANCED_FACE('',(#256),#178,.T.);
#1193=ADVANCED_FACE('',(#257),#224,.F.);
#1194=ADVANCED_FACE('',(#258),#1146,.T.);
#1195=ADVANCED_FACE('',(#259),#179,.T.);
#1196=ADVANCED_FACE('',(#260,#17),#24,.T.);
#1197=ADVANCED_FACE('',(#261),#25,.T.);
#1198=ADVANCED_FACE('',(#262),#180,.F.);
#1199=ADVANCED_FACE('',(#263),#181,.F.);
#1200=ADVANCED_FACE('',(#264),#1147,.F.);
#1201=ADVANCED_FACE('',(#265),#182,.F.);
#1202=ADVANCED_FACE('',(#266),#1148,.F.);
#1203=ADVANCED_FACE('',(#267),#183,.F.);
#1204=ADVANCED_FACE('',(#268),#26,.T.);
#1205=ADVANCED_FACE('',(#269),#27,.T.);
#1206=ADVANCED_FACE('',(#270),#1149,.T.);
#1207=ADVANCED_FACE('',(#271),#184,.T.);
#1208=ADVANCED_FACE('',(#272),#1150,.T.);
#1209=ADVANCED_FACE('',(#273),#1151,.T.);
#1210=ADVANCED_FACE('',(#274),#185,.T.);
#1211=ADVANCED_FACE('',(#275),#1152,.T.);
#1212=ADVANCED_FACE('',(#276),#186,.T.);
#1213=ADVANCED_FACE('',(#277),#1153,.T.);
#1214=ADVANCED_FACE('',(#278),#187,.T.);
#1215=ADVANCED_FACE('',(#279),#1154,.T.);
#1216=ADVANCED_FACE('',(#280),#188,.T.);
#1217=ADVANCED_FACE('',(#281),#28,.T.);
#1218=ADVANCED_FACE('',(#282),#189,.T.);
#1219=ADVANCED_FACE('',(#283),#190,.F.);
#1220=ADVANCED_FACE('',(#284),#29,.T.);
#1221=ADVANCED_FACE('',(#285),#191,.T.);
#1222=ADVANCED_FACE('',(#286),#1155,.T.);
#1223=ADVANCED_FACE('',(#287),#1156,.T.);
#1224=ADVANCED_FACE('',(#288),#192,.T.);
#1225=ADVANCED_FACE('',(#289),#1157,.T.);
#1226=ADVANCED_FACE('',(#290),#1158,.T.);
#1227=ADVANCED_FACE('',(#291),#193,.T.);
#1228=ADVANCED_FACE('',(#292),#1159,.T.);
#1229=ADVANCED_FACE('',(#293),#194,.T.);
#1230=ADVANCED_FACE('',(#294),#1160,.T.);
#1231=ADVANCED_FACE('',(#295),#195,.T.);
#1232=ADVANCED_FACE('',(#296),#30,.T.);
#1233=ADVANCED_FACE('',(#297),#196,.T.);
#1234=ADVANCED_FACE('',(#298),#31,.T.);
#1235=ADVANCED_FACE('',(#299),#197,.T.);
#1236=ADVANCED_FACE('',(#300,#18),#32,.T.);
#1237=ADVANCED_FACE('',(#301),#198,.F.);
#1238=ADVANCED_FACE('',(#302),#199,.F.);
#1239=ADVANCED_FACE('',(#303),#200,.F.);
#1240=ADVANCED_FACE('',(#304),#33,.T.);
#1241=CLOSED_SHELL('',(#1161,#1162,#1163,#1164,#1165,#1166,#1167,#1168,
#1169,#1170,#1171,#1172,#1173,#1174,#1175,#1176,#1177,#1178,#1179,#1180,
#1181,#1182,#1183,#1184,#1185,#1186,#1187,#1188,#1189,#1190,#1191,#1192,
#1193,#1194,#1195,#1196,#1197,#1198,#1199,#1200,#1201,#1202,#1203,#1204,
#1205,#1206,#1207,#1208,#1209,#1210,#1211,#1212,#1213,#1214,#1215,#1216,
#1217,#1218,#1219,#1220,#1221,#1222,#1223,#1224,#1225,#1226,#1227,#1228,
#1229,#1230,#1231,#1232,#1233,#1234,#1235,#1236,#1237,#1238,#1239,#1240));
#1242=DERIVED_UNIT_ELEMENT(#1244,1.);
#1243=DERIVED_UNIT_ELEMENT(#2475,-3.);
#1244=(
MASS_UNIT()
NAMED_UNIT(*)
SI_UNIT(.KILO.,.GRAM.)
);
#1245=DERIVED_UNIT((#1242,#1243));
#1246=MEASURE_REPRESENTATION_ITEM('density measure',
POSITIVE_RATIO_MEASURE(7850.),#1245);
#1247=PROPERTY_DEFINITION_REPRESENTATION(#1252,#1249);
#1248=PROPERTY_DEFINITION_REPRESENTATION(#1253,#1250);
#1249=REPRESENTATION('material name',(#1251),#2472);
#1250=REPRESENTATION('density',(#1246),#2472);
#1251=DESCRIPTIVE_REPRESENTATION_ITEM('Steel','Steel');
#1252=PROPERTY_DEFINITION('material property','material name',#2482);
#1253=PROPERTY_DEFINITION('material property','density of part',#2482);
#1254=AXIS2_PLACEMENT_3D('',#1839,#1427,#1428);
#1255=AXIS2_PLACEMENT_3D('',#1840,#1429,#1430);
#1256=AXIS2_PLACEMENT_3D('',#1843,#1431,#1432);
#1257=AXIS2_PLACEMENT_3D('',#1845,#1433,#1434);
#1258=AXIS2_PLACEMENT_3D('',#1847,#1435,#1436);
#1259=AXIS2_PLACEMENT_3D('',#1848,#1437,#1438);
#1260=AXIS2_PLACEMENT_3D('',#1881,#1439,#1440);
#1261=AXIS2_PLACEMENT_3D('',#1892,#1441,#1442);
#1262=AXIS2_PLACEMENT_3D('',#1895,#1443,#1444);
#1263=AXIS2_PLACEMENT_3D('',#1898,#1447,#1448);
#1264=AXIS2_PLACEMENT_3D('',#1901,#1449,#1450);
#1265=AXIS2_PLACEMENT_3D('',#1905,#1452,#1453);
#1266=AXIS2_PLACEMENT_3D('',#1907,#1455,#1456);
#1267=AXIS2_PLACEMENT_3D('',#1910,#1457,#1458);
#1268=AXIS2_PLACEMENT_3D('',#1911,#1459,#1460);
#1269=AXIS2_PLACEMENT_3D('',#1912,#1461,#1462);
#1270=AXIS2_PLACEMENT_3D('',#1913,#1463,#1464);
#1271=AXIS2_PLACEMENT_3D('',#1916,#1465,#1466);
#1272=AXIS2_PLACEMENT_3D('',#1977,#1469,#1470);
#1273=AXIS2_PLACEMENT_3D('',#1986,#1471,#1472);
#1274=AXIS2_PLACEMENT_3D('',#1989,#1473,#1474);
#1275=AXIS2_PLACEMENT_3D('',#2032,#1477,#1478);
#1276=AXIS2_PLACEMENT_3D('',#2038,#1482,#1483);
#1277=AXIS2_PLACEMENT_3D('',#2041,#1485,#1486);
#1278=AXIS2_PLACEMENT_3D('',#2042,#1487,#1488);
#1279=AXIS2_PLACEMENT_3D('',#2044,#1489,#1490);
#1280=AXIS2_PLACEMENT_3D('',#2048,#1492,#1493);
#1281=AXIS2_PLACEMENT_3D('',#2050,#1495,#1496);
#1282=AXIS2_PLACEMENT_3D('',#2052,#1497,#1498);
#1283=AXIS2_PLACEMENT_3D('',#2054,#1499,#1500);
#1284=AXIS2_PLACEMENT_3D('',#2058,#1502,#1503);
#1285=AXIS2_PLACEMENT_3D('',#2062,#1505,#1506);
#1286=AXIS2_PLACEMENT_3D('',#2066,#1508,#1509);
#1287=AXIS2_PLACEMENT_3D('',#2067,#1510,#1511);
#1288=AXIS2_PLACEMENT_3D('',#2069,#1512,#1513);
#1289=AXIS2_PLACEMENT_3D('',#2070,#1514,#1515);
#1290=AXIS2_PLACEMENT_3D('',#2072,#1516,#1517);
#1291=AXIS2_PLACEMENT_3D('',#2075,#1519,#1520);
#1292=AXIS2_PLACEMENT_3D('',#2076,#1521,#1522);
#1293=AXIS2_PLACEMENT_3D('',#2078,#1523,#1524);
#1294=AXIS2_PLACEMENT_3D('',#2079,#1525,#1526);
#1295=AXIS2_PLACEMENT_3D('',#2080,#1527,#1528);
#1296=AXIS2_PLACEMENT_3D('',#2083,#1529,#1530);
#1297=AXIS2_PLACEMENT_3D('',#2086,#1532,#1533);
#1298=AXIS2_PLACEMENT_3D('',#2088,#1535,#1536);
#1299=AXIS2_PLACEMENT_3D('',#2090,#1537,#1538);
#1300=AXIS2_PLACEMENT_3D('',#2091,#1539,#1540);
#1301=AXIS2_PLACEMENT_3D('',#2092,#1541,#1542);
#1302=AXIS2_PLACEMENT_3D('',#2094,#1543,#1544);
#1303=AXIS2_PLACEMENT_3D('',#2096,#1546,#1547);
#1304=AXIS2_PLACEMENT_3D('',#2097,#1548,#1549);
#1305=AXIS2_PLACEMENT_3D('',#2098,#1550,#1551);
#1306=AXIS2_PLACEMENT_3D('',#2099,#1552,#1553);
#1307=AXIS2_PLACEMENT_3D('',#2101,#1555,#1556);
#1308=AXIS2_PLACEMENT_3D('',#2102,#1557,#1558);
#1309=AXIS2_PLACEMENT_3D('',#2103,#1559,#1560);
#1310=AXIS2_PLACEMENT_3D('',#2106,#1561,#1562);
#1311=AXIS2_PLACEMENT_3D('',#2110,#1564,#1565);
#1312=AXIS2_PLACEMENT_3D('',#2112,#1567,#1568);
#1313=AXIS2_PLACEMENT_3D('',#2115,#1569,#1570);
#1314=AXIS2_PLACEMENT_3D('',#2119,#1572,#1573);
#1315=AXIS2_PLACEMENT_3D('',#2121,#1575,#1576);
#1316=AXIS2_PLACEMENT_3D('',#2122,#1577,#1578);
#1317=AXIS2_PLACEMENT_3D('',#2123,#1579,#1580);
#1318=AXIS2_PLACEMENT_3D('',#2150,#1581,#1582);
#1319=AXIS2_PLACEMENT_3D('',#2159,#1583,#1584);
#1320=AXIS2_PLACEMENT_3D('',#2162,#1585,#1586);
#1321=AXIS2_PLACEMENT_3D('',#2165,#1589,#1590);
#1322=AXIS2_PLACEMENT_3D('',#2168,#1591,#1592);
#1323=AXIS2_PLACEMENT_3D('',#2170,#1593,#1594);
#1324=AXIS2_PLACEMENT_3D('',#2172,#1595,#1596);
#1325=AXIS2_PLACEMENT_3D('',#2173,#1597,#1598);
#1326=AXIS2_PLACEMENT_3D('',#2246,#1599,#1600);
#1327=AXIS2_PLACEMENT_3D('',#2257,#1601,#1602);
#1328=AXIS2_PLACEMENT_3D('',#2260,#1603,#1604);
#1329=AXIS2_PLACEMENT_3D('',#2295,#1607,#1608);
#1330=AXIS2_PLACEMENT_3D('',#2297,#1609,#1610);
#1331=AXIS2_PLACEMENT_3D('',#2299,#1611,#1612);
#1332=AXIS2_PLACEMENT_3D('',#2301,#1613,#1614);
#1333=AXIS2_PLACEMENT_3D('',#2302,#1615,#1616);
#1334=AXIS2_PLACEMENT_3D('',#2303,#1617,#1618);
#1335=AXIS2_PLACEMENT_3D('',#2307,#1620,#1621);
#1336=AXIS2_PLACEMENT_3D('',#2309,#1623,#1624);
#1337=AXIS2_PLACEMENT_3D('',#2312,#1626,#1627);
#1338=AXIS2_PLACEMENT_3D('',#2314,#1628,#1629);
#1339=AXIS2_PLACEMENT_3D('',#2315,#1630,#1631);
#1340=AXIS2_PLACEMENT_3D('',#2321,#1635,#1636);
#1341=AXIS2_PLACEMENT_3D('',#2324,#1638,#1639);
#1342=AXIS2_PLACEMENT_3D('',#2325,#1640,#1641);
#1343=AXIS2_PLACEMENT_3D('',#2328,#1642,#1643);
#1344=AXIS2_PLACEMENT_3D('',#2331,#1645,#1646);
#1345=AXIS2_PLACEMENT_3D('',#2333,#1648,#1649);
#1346=AXIS2_PLACEMENT_3D('',#2335,#1650,#1651);
#1347=AXIS2_PLACEMENT_3D('',#2336,#1652,#1653);
#1348=AXIS2_PLACEMENT_3D('',#2337,#1654,#1655);
#1349=AXIS2_PLACEMENT_3D('',#2339,#1656,#1657);
#1350=AXIS2_PLACEMENT_3D('',#2341,#1659,#1660);
#1351=AXIS2_PLACEMENT_3D('',#2342,#1661,#1662);
#1352=AXIS2_PLACEMENT_3D('',#2343,#1663,#1664);
#1353=AXIS2_PLACEMENT_3D('',#2344,#1665,#1666);
#1354=AXIS2_PLACEMENT_3D('',#2346,#1668,#1669);
#1355=AXIS2_PLACEMENT_3D('',#2347,#1670,#1671);
#1356=AXIS2_PLACEMENT_3D('',#2348,#1672,#1673);
#1357=AXIS2_PLACEMENT_3D('',#2350,#1674,#1675);
#1358=AXIS2_PLACEMENT_3D('',#2351,#1676,#1677);
#1359=AXIS2_PLACEMENT_3D('',#2352,#1678,#1679);
#1360=AXIS2_PLACEMENT_3D('',#2355,#1681,#1682);
#1361=AXIS2_PLACEMENT_3D('',#2356,#1683,#1684);
#1362=AXIS2_PLACEMENT_3D('',#2358,#1685,#1686);
#1363=AXIS2_PLACEMENT_3D('',#2359,#1687,#1688);
#1364=AXIS2_PLACEMENT_3D('',#2360,#1689,#1690);
#1365=AXIS2_PLACEMENT_3D('',#2362,#1691,#1692);
#1366=AXIS2_PLACEMENT_3D('',#2363,#1693,#1694);
#1367=AXIS2_PLACEMENT_3D('',#2364,#1695,#1696);
#1368=AXIS2_PLACEMENT_3D('',#2366,#1697,#1698);
#1369=AXIS2_PLACEMENT_3D('',#2368,#1700,#1701);
#1370=AXIS2_PLACEMENT_3D('',#2370,#1702,#1703);
#1371=AXIS2_PLACEMENT_3D('',#2371,#1704,#1705);
#1372=AXIS2_PLACEMENT_3D('',#2372,#1706,#1707);
#1373=AXIS2_PLACEMENT_3D('',#2374,#1708,#1709);
#1374=AXIS2_PLACEMENT_3D('',#2376,#1711,#1712);
#1375=AXIS2_PLACEMENT_3D('',#2378,#1713,#1714);
#1376=AXIS2_PLACEMENT_3D('',#2379,#1715,#1716);
#1377=AXIS2_PLACEMENT_3D('',#2380,#1717,#1718);
#1378=AXIS2_PLACEMENT_3D('',#2382,#1719,#1720);
#1379=AXIS2_PLACEMENT_3D('',#2384,#1722,#1723);
#1380=AXIS2_PLACEMENT_3D('',#2385,#1724,#1725);
#1381=AXIS2_PLACEMENT_3D('',#2386,#1726,#1727);
#1382=AXIS2_PLACEMENT_3D('',#2390,#1729,#1730);
#1383=AXIS2_PLACEMENT_3D('',#2392,#1732,#1733);
#1384=AXIS2_PLACEMENT_3D('',#2396,#1736,#1737);
#1385=AXIS2_PLACEMENT_3D('',#2399,#1739,#1740);
#1386=AXIS2_PLACEMENT_3D('',#2400,#1741,#1742);
#1387=AXIS2_PLACEMENT_3D('',#2403,#1744,#1745);
#1388=AXIS2_PLACEMENT_3D('',#2404,#1746,#1747);
#1389=AXIS2_PLACEMENT_3D('',#2408,#1750,#1751);
#1390=AXIS2_PLACEMENT_3D('',#2410,#1753,#1754);
#1391=AXIS2_PLACEMENT_3D('',#2411,#1755,#1756);
#1392=AXIS2_PLACEMENT_3D('',#2414,#1757,#1758);
#1393=AXIS2_PLACEMENT_3D('',#2415,#1759,#1760);
#1394=AXIS2_PLACEMENT_3D('',#2416,#1761,#1762);
#1395=AXIS2_PLACEMENT_3D('',#2417,#1763,#1764);
#1396=AXIS2_PLACEMENT_3D('',#2418,#1765,#1766);
#1397=AXIS2_PLACEMENT_3D('',#2419,#1767,#1768);
#1398=AXIS2_PLACEMENT_3D('',#2420,#1769,#1770);
#1399=AXIS2_PLACEMENT_3D('',#2421,#1771,#1772);
#1400=AXIS2_PLACEMENT_3D('',#2423,#1773,#1774);
#1401=AXIS2_PLACEMENT_3D('',#2424,#1775,#1776);
#1402=AXIS2_PLACEMENT_3D('',#2425,#1777,#1778);
#1403=AXIS2_PLACEMENT_3D('',#2427,#1779,#1780);
#1404=AXIS2_PLACEMENT_3D('',#2428,#1781,#1782);
#1405=AXIS2_PLACEMENT_3D('',#2429,#1783,#1784);
#1406=AXIS2_PLACEMENT_3D('',#2431,#1785,#1786);
#1407=AXIS2_PLACEMENT_3D('',#2433,#1788,#1789);
#1408=AXIS2_PLACEMENT_3D('',#2435,#1790,#1791);
#1409=AXIS2_PLACEMENT_3D('',#2436,#1792,#1793);
#1410=AXIS2_PLACEMENT_3D('',#2437,#1794,#1795);
#1411=AXIS2_PLACEMENT_3D('',#2440,#1796,#1797);
#1412=AXIS2_PLACEMENT_3D('',#2443,#1800,#1801);
#1413=AXIS2_PLACEMENT_3D('',#2446,#1802,#1803);
#1414=AXIS2_PLACEMENT_3D('',#2447,#1804,#1805);
#1415=AXIS2_PLACEMENT_3D('',#2448,#1806,#1807);
#1416=AXIS2_PLACEMENT_3D('',#2449,#1808,#1809);
#1417=AXIS2_PLACEMENT_3D('',#2452,#1812,#1813);
#1418=AXIS2_PLACEMENT_3D('',#2454,#1815,#1816);
#1419=AXIS2_PLACEMENT_3D('',#2456,#1818,#1819);
#1420=AXIS2_PLACEMENT_3D('',#2458,#1821,#1822);
#1421=AXIS2_PLACEMENT_3D('',#2460,#1824,#1825);
#1422=AXIS2_PLACEMENT_3D('',#2462,#1826,#1827);
#1423=AXIS2_PLACEMENT_3D('',#2463,#1828,#1829);
#1424=AXIS2_PLACEMENT_3D('',#2465,#1831,#1832);
#1425=AXIS2_PLACEMENT_3D('',#2467,#1834,#1835);
#1426=AXIS2_PLACEMENT_3D('',#2469,#1837,#1838);
#1427=DIRECTION('axis',(0.,0.,1.));
#1428=DIRECTION('refdir',(1.,0.,0.));
#1429=DIRECTION('center_axis',(0.,1.,0.));
#1430=DIRECTION('ref_axis',(0.,0.,1.));
#1431=DIRECTION('center_axis',(0.279999999999999,-4.14483262526724E-16,
0.96));
#1432=DIRECTION('ref_axis',(-1.48029736616688E-15,-1.,0.));
#1433=DIRECTION('center_axis',(0.,1.,0.));
#1434=DIRECTION('ref_axis',(-1.83697019872103E-16,0.,1.));
#1435=DIRECTION('center_axis',(-0.279999999999999,-4.14483262526724E-16,
0.96));
#1436=DIRECTION('ref_axis',(-0.96,0.,-0.279999999999999));
#1437=DIRECTION('center_axis',(0.,-1.,0.));
#1438=DIRECTION('ref_axis',(-1.83697019872103E-16,0.,1.));
#1439=DIRECTION('center_axis',(0.,0.,1.));
#1440=DIRECTION('ref_axis',(-1.,0.,0.));
#1441=DIRECTION('center_axis',(-1.07193947205188E-16,-2.76773581559955E-17,
-1.));
#1442=DIRECTION('ref_axis',(-0.612372435695794,-0.790569415042095,0.));
#1443=DIRECTION('center_axis',(0.,0.,1.));
#1444=DIRECTION('ref_axis',(-1.,0.,0.));
#1445=DIRECTION('',(0.,0.,1.));
#1446=DIRECTION('',(-1.07193947205188E-16,-2.76773581559955E-17,-1.));
#1447=DIRECTION('center_axis',(-1.07193947205188E-16,0.,-1.));
#1448=DIRECTION('ref_axis',(-0.707106781186547,-0.707106781186548,0.));
#1449=DIRECTION('center_axis',(0.,0.,-1.));
#1450=DIRECTION('ref_axis',(-1.48029736616688E-15,-1.,0.));
#1451=DIRECTION('',(-1.07193947205188E-16,0.,-1.));
#1452=DIRECTION('center_axis',(0.,0.,1.));
#1453=DIRECTION('ref_axis',(-1.,0.,0.));
#1454=DIRECTION('',(1.07193947205188E-16,0.,1.));
#1455=DIRECTION('center_axis',(0.,1.,0.));
#1456=DIRECTION('ref_axis',(-1.22464679914735E-16,0.,-1.));
#1457=DIRECTION('center_axis',(0.,0.,-1.));
#1458=DIRECTION('ref_axis',(1.,0.,0.));
#1459=DIRECTION('center_axis',(0.,-1.,0.));
#1460=DIRECTION('ref_axis',(6.12323399573677E-17,0.,-1.));
#1461=DIRECTION('center_axis',(0.,1.,0.));
#1462=DIRECTION('ref_axis',(6.12323399573677E-17,0.,-1.));
#1463=DIRECTION('center_axis',(-1.07193947205188E-16,0.,1.));
#1464=DIRECTION('ref_axis',(0.707106781186547,-0.707106781186548,0.));
#1465=DIRECTION('center_axis',(0.,0.,-1.));
#1466=DIRECTION('ref_axis',(1.,0.,0.));
#1467=DIRECTION('',(1.07193947205188E-16,0.,-1.));
#1468=DIRECTION('',(-1.07193947205188E-16,0.,1.));
#1469=DIRECTION('center_axis',(0.,0.,-1.));
#1470=DIRECTION('ref_axis',(1.,0.,0.));
#1471=DIRECTION('center_axis',(-1.07193947205188E-16,2.7677358155995E-17,
1.));
#1472=DIRECTION('ref_axis',(0.612372435695795,-0.790569415042094,0.));
#1473=DIRECTION('center_axis',(0.,0.,-1.));
#1474=DIRECTION('ref_axis',(1.,0.,0.));
#1475=DIRECTION('',(0.,0.,-1.));
#1476=DIRECTION('',(-1.07193947205188E-16,2.7677358155995E-17,1.));
#1477=DIRECTION('center_axis',(1.,0.,1.07193947205188E-16));
#1478=DIRECTION('ref_axis',(1.07193947205188E-16,0.,-1.));
#1479=DIRECTION('',(0.,1.,0.));
#1480=DIRECTION('',(1.07193947205188E-16,0.,-1.));
#1481=DIRECTION('',(0.,1.,0.));
#1482=DIRECTION('center_axis',(0.,1.,0.));
#1483=DIRECTION('ref_axis',(1.,0.,0.));
#1484=DIRECTION('',(0.,-1.,0.));
#1485=DIRECTION('center_axis',(0.,-1.,0.));
#1486=DIRECTION('ref_axis',(6.12323399573677E-17,0.,-1.));
#1487=DIRECTION('center_axis',(0.,0.,1.));
#1488=DIRECTION('ref_axis',(0.707106781186547,-0.707106781186547,0.));
#1489=DIRECTION('center_axis',(0.,0.,-1.));
#1490=DIRECTION('ref_axis',(1.,0.,0.));
#1491=DIRECTION('',(0.,0.,1.));
#1492=DIRECTION('center_axis',(0.,0.,1.));
#1493=DIRECTION('ref_axis',(0.,-1.,0.));
#1494=DIRECTION('',(0.,0.,-1.));
#1495=DIRECTION('center_axis',(0.,1.,0.));
#1496=DIRECTION('ref_axis',(1.,0.,0.));
#1497=DIRECTION('center_axis',(0.,-1.,0.));
#1498=DIRECTION('ref_axis',(0.795822425754222,0.,-0.605530070819498));
#1499=DIRECTION('center_axis',(0.,1.,0.));
#1500=DIRECTION('ref_axis',(-0.795822425754221,0.,0.605530070819498));
#1501=DIRECTION('',(0.,0.,1.));
#1502=DIRECTION('center_axis',(0.,1.,0.));
#1503=DIRECTION('ref_axis',(-0.707106781186547,0.,-0.707106781186547));
#1504=DIRECTION('',(-1.,0.,0.));
#1505=DIRECTION('center_axis',(0.,1.,0.));
#1506=DIRECTION('ref_axis',(0.707106781186547,0.,-0.707106781186547));
#1507=DIRECTION('',(0.,0.,-1.));
#1508=DIRECTION('center_axis',(0.,1.,0.));
#1509=DIRECTION('ref_axis',(0.795822425754221,0.,0.605530070819498));
#1510=DIRECTION('center_axis',(0.,-1.,0.));
#1511=DIRECTION('ref_axis',(-0.795822425754222,0.,-0.605530070819498));
#1512=DIRECTION('center_axis',(0.,1.,0.));
#1513=DIRECTION('ref_axis',(1.,0.,0.));
#1514=DIRECTION('center_axis',(0.,1.,0.));
#1515=DIRECTION('ref_axis',(1.,0.,0.));
#1516=DIRECTION('center_axis',(0.,1.,0.));
#1517=DIRECTION('ref_axis',(-1.83697019872103E-16,0.,1.));
#1518=DIRECTION('',(0.,0.,1.));
#1519=DIRECTION('center_axis',(0.,1.,0.));
#1520=DIRECTION('ref_axis',(1.,0.,0.));
#1521=DIRECTION('center_axis',(0.,1.,0.));
#1522=DIRECTION('ref_axis',(0.,0.,1.));
#1523=DIRECTION('center_axis',(0.963788819653398,0.,-0.266666666666665));
#1524=DIRECTION('ref_axis',(0.266666666666665,0.,0.963788819653398));
#1525=DIRECTION('center_axis',(0.,1.,0.));
#1526=DIRECTION('ref_axis',(-0.795822425754222,0.,-0.605530070819498));
#1527=DIRECTION('center_axis',(-1.07193947205188E-16,0.,-1.));
#1528=DIRECTION('ref_axis',(0.707106781186547,0.707106781186548,0.));
#1529=DIRECTION('center_axis',(0.,0.,1.));
#1530=DIRECTION('ref_axis',(1.,0.,0.));
#1531=DIRECTION('',(-1.07193947205188E-16,0.,-1.));
#1532=DIRECTION('center_axis',(0.,0.,-1.));
#1533=DIRECTION('ref_axis',(0.,1.,0.));
#1534=DIRECTION('',(1.07193947205188E-16,0.,1.));
#1535=DIRECTION('center_axis',(0.,1.,0.));
#1536=DIRECTION('ref_axis',(-1.22464679914735E-16,0.,-1.));
#1537=DIRECTION('center_axis',(0.,0.,1.));
#1538=DIRECTION('ref_axis',(0.,1.,0.));
#1539=DIRECTION('center_axis',(0.,1.,0.));
#1540=DIRECTION('ref_axis',(6.12323399573677E-17,0.,-1.));
#1541=DIRECTION('center_axis',(-1.07193947205188E-16,0.,1.));
#1542=DIRECTION('ref_axis',(-0.707106781186547,0.707106781186548,0.));
#1543=DIRECTION('center_axis',(0.,0.,1.));
#1544=DIRECTION('ref_axis',(0.,1.,0.));
#1545=DIRECTION('',(-1.07193947205188E-16,0.,1.));
#1546=DIRECTION('center_axis',(0.,1.,0.));
#1547=DIRECTION('ref_axis',(0.,0.,1.));
#1548=DIRECTION('center_axis',(0.,-1.,0.));
#1549=DIRECTION('ref_axis',(6.12323399573675E-17,0.,1.));
#1550=DIRECTION('center_axis',(0.,1.,0.));
#1551=DIRECTION('ref_axis',(6.12323399573675E-17,0.,1.));
#1552=DIRECTION('center_axis',(0.,1.,0.));
#1553=DIRECTION('ref_axis',(1.,0.,0.));
#1554=DIRECTION('',(0.,1.,0.));
#1555=DIRECTION('center_axis',(-1.,0.,1.07193947205188E-16));
#1556=DIRECTION('ref_axis',(1.07193947205188E-16,0.,1.));
#1557=DIRECTION('center_axis',(0.,1.,0.));
#1558=DIRECTION('ref_axis',(1.,0.,0.));
#1559=DIRECTION('center_axis',(1.07193947205188E-16,0.,-1.));
#1560=DIRECTION('ref_axis',(0.707106781186547,0.707106781186548,0.));
#1561=DIRECTION('center_axis',(0.,0.,-1.));
#1562=DIRECTION('ref_axis',(-7.40148683083438E-16,1.,0.));
#1563=DIRECTION('',(1.07193947205188E-16,0.,-1.));
#1564=DIRECTION('center_axis',(0.,0.,1.));
#1565=DIRECTION('ref_axis',(1.,0.,0.));
#1566=DIRECTION('',(-1.07193947205188E-16,0.,1.));
#1567=DIRECTION('center_axis',(1.07193947205188E-16,0.,1.));
#1568=DIRECTION('ref_axis',(-0.707106781186547,0.707106781186548,0.));
#1569=DIRECTION('center_axis',(0.,0.,-1.));
#1570=DIRECTION('ref_axis',(-1.,0.,0.));
#1571=DIRECTION('',(-1.07193947205188E-16,0.,-1.));
#1572=DIRECTION('center_axis',(0.,0.,1.));
#1573=DIRECTION('ref_axis',(0.,1.,0.));
#1574=DIRECTION('',(1.07193947205188E-16,0.,1.));
#1575=DIRECTION('center_axis',(0.,-1.,0.));
#1576=DIRECTION('ref_axis',(0.,0.,-1.));
#1577=DIRECTION('center_axis',(0.,1.,0.));
#1578=DIRECTION('ref_axis',(6.12323399573677E-17,0.,-1.));
#1579=DIRECTION('center_axis',(0.,-1.,0.));
#1580=DIRECTION('ref_axis',(6.12323399573677E-17,0.,-1.));
#1581=DIRECTION('center_axis',(0.,0.,-1.));
#1582=DIRECTION('ref_axis',(-1.,0.,0.));
#1583=DIRECTION('center_axis',(1.07193947205188E-16,-2.76773581559955E-17,
1.));
#1584=DIRECTION('ref_axis',(-0.612372435695794,0.790569415042095,0.));
#1585=DIRECTION('center_axis',(0.,0.,-1.));
#1586=DIRECTION('ref_axis',(-1.,0.,0.));
#1587=DIRECTION('',(0.,0.,-1.));
#1588=DIRECTION('',(1.07193947205188E-16,-2.76773581559955E-17,1.));
#1589=DIRECTION('center_axis',(0.,-1.,0.));
#1590=DIRECTION('ref_axis',(1.22464679914735E-16,0.,1.));
#1591=DIRECTION('center_axis',(-0.279999999999999,4.14483262526724E-16,
0.96));
#1592=DIRECTION('ref_axis',(1.48029736616688E-15,1.,0.));
#1593=DIRECTION('center_axis',(0.,-1.,0.));
#1594=DIRECTION('ref_axis',(-1.83697019872103E-16,0.,1.));
#1595=DIRECTION('center_axis',(0.279999999999999,4.14483262526724E-16,0.96));
#1596=DIRECTION('ref_axis',(0.96,0.,-0.279999999999999));
#1597=DIRECTION('center_axis',(0.,1.,0.));
#1598=DIRECTION('ref_axis',(-1.83697019872103E-16,0.,1.));
#1599=DIRECTION('center_axis',(-1.1842378929335E-14,-3.05768909151952E-15,
1.));
#1600=DIRECTION('ref_axis',(1.,0.,1.1842378929335E-14));
#1601=DIRECTION('center_axis',(1.07193947205188E-16,2.7677358155995E-17,
-1.));
#1602=DIRECTION('ref_axis',(0.612372435695795,0.790569415042094,0.));
#1603=DIRECTION('center_axis',(0.,0.,1.));
#1604=DIRECTION('ref_axis',(1.,0.,0.));
#1605=DIRECTION('',(0.,0.,1.));
#1606=DIRECTION('',(1.07193947205188E-16,2.7677358155995E-17,-1.));
#1607=DIRECTION('center_axis',(0.,-1.,0.));
#1608=DIRECTION('ref_axis',(0.,0.,-1.));
#1609=DIRECTION('center_axis',(0.,0.,-1.));
#1610=DIRECTION('ref_axis',(0.,1.,0.));
#1611=DIRECTION('center_axis',(0.,-1.,0.));
#1612=DIRECTION('ref_axis',(-0.795822425754222,0.,-0.605530070819498));
#1613=DIRECTION('center_axis',(0.963788819653398,0.,-0.266666666666665));
#1614=DIRECTION('ref_axis',(0.,1.,0.));
#1615=DIRECTION('center_axis',(0.,1.,0.));
#1616=DIRECTION('ref_axis',(-0.795822425754222,0.,-0.605530070819498));
#1617=DIRECTION('center_axis',(0.,0.,-1.));
#1618=DIRECTION('ref_axis',(0.707106781186547,0.707106781186547,0.));
#1619=DIRECTION('',(0.,0.,1.));
#1620=DIRECTION('center_axis',(0.,0.,-1.));
#1621=DIRECTION('ref_axis',(0.,1.,0.));
#1622=DIRECTION('',(0.,0.,-1.));
#1623=DIRECTION('center_axis',(0.,1.,0.));
#1624=DIRECTION('ref_axis',(1.,0.,0.));
#1625=DIRECTION('',(0.,0.,-1.));
#1626=DIRECTION('center_axis',(0.,-1.,0.));
#1627=DIRECTION('ref_axis',(-1.83697019872103E-16,0.,1.));
#1628=DIRECTION('center_axis',(0.,-1.,0.));
#1629=DIRECTION('ref_axis',(1.,0.,0.));
#1630=DIRECTION('center_axis',(1.,0.,1.07193947205188E-16));
#1631=DIRECTION('ref_axis',(1.07193947205188E-16,0.,-1.));
#1632=DIRECTION('',(0.,1.,0.));
#1633=DIRECTION('',(-1.07193947205188E-16,0.,1.));
#1634=DIRECTION('',(0.,1.,0.));
#1635=DIRECTION('center_axis',(0.,1.,0.));
#1636=DIRECTION('ref_axis',(1.,0.,0.));
#1637=DIRECTION('',(0.,1.,0.));
#1638=DIRECTION('center_axis',(0.,1.,0.));
#1639=DIRECTION('ref_axis',(6.12323399573675E-17,0.,1.));
#1640=DIRECTION('center_axis',(1.07193947205188E-16,0.,1.));
#1641=DIRECTION('ref_axis',(0.707106781186547,-0.707106781186548,0.));
#1642=DIRECTION('center_axis',(0.,0.,-1.));
#1643=DIRECTION('ref_axis',(1.,0.,0.));
#1644=DIRECTION('',(1.07193947205188E-16,0.,1.));
#1645=DIRECTION('center_axis',(0.,0.,1.));
#1646=DIRECTION('ref_axis',(0.,-1.,0.));
#1647=DIRECTION('',(-1.07193947205188E-16,0.,-1.));
#1648=DIRECTION('center_axis',(0.,-1.,0.));
#1649=DIRECTION('ref_axis',(-1.22464679914735E-16,0.,1.));
#1650=DIRECTION('center_axis',(0.,0.,-1.));
#1651=DIRECTION('ref_axis',(0.,-1.,0.));
#1652=DIRECTION('center_axis',(0.,-1.,0.));
#1653=DIRECTION('ref_axis',(6.12323399573675E-17,0.,1.));
#1654=DIRECTION('center_axis',(1.07193947205188E-16,0.,-1.));
#1655=DIRECTION('ref_axis',(-0.707106781186547,-0.707106781186548,0.));
#1656=DIRECTION('center_axis',(0.,0.,-1.));
#1657=DIRECTION('ref_axis',(0.,-1.,0.));
#1658=DIRECTION('',(1.07193947205188E-16,0.,-1.));
#1659=DIRECTION('center_axis',(0.,-1.,0.));
#1660=DIRECTION('ref_axis',(0.,0.,-1.));
#1661=DIRECTION('center_axis',(0.,1.,0.));
#1662=DIRECTION('ref_axis',(6.12323399573677E-17,0.,-1.));
#1663=DIRECTION('center_axis',(0.,-1.,0.));
#1664=DIRECTION('ref_axis',(6.12323399573677E-17,0.,-1.));
#1665=DIRECTION('center_axis',(0.,1.,0.));
#1666=DIRECTION('ref_axis',(1.,0.,0.));
#1667=DIRECTION('',(0.,-1.,0.));
#1668=DIRECTION('center_axis',(-1.,0.,1.07193947205188E-16));
#1669=DIRECTION('ref_axis',(1.07193947205188E-16,0.,1.));
#1670=DIRECTION('center_axis',(0.,1.,0.));
#1671=DIRECTION('ref_axis',(1.,0.,0.));
#1672=DIRECTION('center_axis',(0.,-1.,0.));
#1673=DIRECTION('ref_axis',(1.22464679914735E-16,0.,1.));
#1674=DIRECTION('center_axis',(0.,-1.,0.));
#1675=DIRECTION('ref_axis',(-1.83697019872103E-16,0.,1.));
#1676=DIRECTION('center_axis',(0.,0.,1.));
#1677=DIRECTION('ref_axis',(-1.,0.,0.));
#1678=DIRECTION('center_axis',(0.,0.,-1.));
#1679=DIRECTION('ref_axis',(-0.707106781186547,-0.707106781186547,0.));
#1680=DIRECTION('',(0.,0.,-1.));
#1681=DIRECTION('center_axis',(0.,0.,1.));
#1682=DIRECTION('ref_axis',(-1.,0.,0.));
#1683=DIRECTION('center_axis',(0.,1.,0.));
#1684=DIRECTION('ref_axis',(0.,0.,1.));
#1685=DIRECTION('center_axis',(0.,1.,0.));
#1686=DIRECTION('ref_axis',(0.795822425754222,0.,-0.605530070819498));
#1687=DIRECTION('center_axis',(0.963788819653398,0.,0.266666666666665));
#1688=DIRECTION('ref_axis',(-0.266666666666665,0.,0.963788819653398));
#1689=DIRECTION('center_axis',(0.,1.,0.));
#1690=DIRECTION('ref_axis',(0.,0.,1.));
#1691=DIRECTION('center_axis',(-8.88178419700125E-16,0.,1.));
#1692=DIRECTION('ref_axis',(-1.,0.,-8.88178419700125E-16));
#1693=DIRECTION('center_axis',(0.,-1.,0.));
#1694=DIRECTION('ref_axis',(-0.795822425754221,0.,0.605530070819498));
#1695=DIRECTION('center_axis',(0.,0.,-1.));
#1696=DIRECTION('ref_axis',(-0.707106781186547,-0.707106781186547,0.));
#1697=DIRECTION('center_axis',(0.,0.,1.));
#1698=DIRECTION('ref_axis',(-1.,0.,0.));
#1699=DIRECTION('',(0.,0.,-1.));
#1700=DIRECTION('center_axis',(0.,1.,0.));
#1701=DIRECTION('ref_axis',(0.,0.,1.));
#1702=DIRECTION('center_axis',(-1.,0.,0.));
#1703=DIRECTION('ref_axis',(0.,0.,-1.));
#1704=DIRECTION('center_axis',(0.,-1.,0.));
#1705=DIRECTION('ref_axis',(-0.707106781186548,0.,-0.707106781186548));
#1706=DIRECTION('center_axis',(1.,0.,0.));
#1707=DIRECTION('ref_axis',(0.,-0.707106781186547,-0.707106781186547));
#1708=DIRECTION('center_axis',(-1.,0.,0.));
#1709=DIRECTION('ref_axis',(0.,0.,-1.));
#1710=DIRECTION('',(1.,0.,0.));
#1711=DIRECTION('center_axis',(0.,1.,0.));
#1712=DIRECTION('ref_axis',(0.,0.,1.));
#1713=DIRECTION('center_axis',(0.,0.,-1.));
#1714=DIRECTION('ref_axis',(1.,0.,0.));
#1715=DIRECTION('center_axis',(0.,-1.,0.));
#1716=DIRECTION('ref_axis',(0.707106781186548,0.,-0.707106781186548));
#1717=DIRECTION('center_axis',(0.,0.,1.));
#1718=DIRECTION('ref_axis',(0.707106781186547,-0.707106781186547,0.));
#1719=DIRECTION('center_axis',(-8.88178419700125E-16,0.,-1.));
#1720=DIRECTION('ref_axis',(1.,0.,-8.88178419700125E-16));
#1721=DIRECTION('',(0.,0.,1.));
#1722=DIRECTION('center_axis',(0.,1.,0.));
#1723=DIRECTION('ref_axis',(0.,0.,1.));
#1724=DIRECTION('center_axis',(0.,-1.,0.));
#1725=DIRECTION('ref_axis',(0.795822425754221,0.,0.605530070819498));
#1726=DIRECTION('center_axis',(0.,1.,0.));
#1727=DIRECTION('ref_axis',(-0.707106781186547,0.,-0.707106781186547));
#1728=DIRECTION('',(0.,1.,0.));
#1729=DIRECTION('center_axis',(0.,1.,0.));
#1730=DIRECTION('ref_axis',(-0.707106781186548,0.,-0.707106781186548));
#1731=DIRECTION('',(0.,-1.,0.));
#1732=DIRECTION('center_axis',(-1.,0.,0.));
#1733=DIRECTION('ref_axis',(0.,0.,1.));
#1734=DIRECTION('',(0.,-1.,0.));
#1735=DIRECTION('',(0.,0.,1.));
#1736=DIRECTION('center_axis',(0.,1.,0.));
#1737=DIRECTION('ref_axis',(1.,0.,0.));
#1738=DIRECTION('',(0.,1.,0.));
#1739=DIRECTION('center_axis',(0.,1.,0.));
#1740=DIRECTION('ref_axis',(-0.795822425754221,0.,0.605530070819498));
#1741=DIRECTION('center_axis',(0.,1.,0.));
#1742=DIRECTION('ref_axis',(1.,0.,7.10542735760101E-16));
#1743=DIRECTION('',(0.,1.,0.));
#1744=DIRECTION('center_axis',(0.,-1.,0.));
#1745=DIRECTION('ref_axis',(0.795822425754222,0.,-0.605530070819498));
#1746=DIRECTION('center_axis',(-1.,0.,0.));
#1747=DIRECTION('ref_axis',(0.,0.,1.));
#1748=DIRECTION('',(0.,1.,0.));
#1749=DIRECTION('',(0.,0.,1.));
#1750=DIRECTION('center_axis',(0.,1.,0.));
#1751=DIRECTION('ref_axis',(1.,0.,0.));
#1752=DIRECTION('',(0.,1.,0.));
#1753=DIRECTION('center_axis',(0.,1.,0.));
#1754=DIRECTION('ref_axis',(-1.83697019872103E-16,0.,1.));
#1755=DIRECTION('center_axis',(0.,-1.,0.));
#1756=DIRECTION('ref_axis',(0.,0.,-1.));
#1757=DIRECTION('center_axis',(8.88178419700125E-16,0.,1.));
#1758=DIRECTION('ref_axis',(1.,0.,-8.88178419700125E-16));
#1759=DIRECTION('center_axis',(0.,-1.,0.));
#1760=DIRECTION('ref_axis',(0.795822425754221,0.,0.605530070819498));
#1761=DIRECTION('center_axis',(0.,1.,0.));
#1762=DIRECTION('ref_axis',(0.795822425754221,0.,0.605530070819498));
#1763=DIRECTION('center_axis',(0.,1.,0.));
#1764=DIRECTION('ref_axis',(0.,0.,1.));
#1765=DIRECTION('center_axis',(0.,0.,1.));
#1766=DIRECTION('ref_axis',(0.,1.,0.));
#1767=DIRECTION('center_axis',(0.,0.,1.));
#1768=DIRECTION('ref_axis',(-0.707106781186547,0.707106781186547,0.));
#1769=DIRECTION('center_axis',(0.,0.,1.));
#1770=DIRECTION('ref_axis',(0.,1.,0.));
#1771=DIRECTION('center_axis',(0.,-1.,0.));
#1772=DIRECTION('ref_axis',(0.,0.,-1.));
#1773=DIRECTION('center_axis',(0.,1.,0.));
#1774=DIRECTION('ref_axis',(0.795822425754222,0.,-0.605530070819498));
#1775=DIRECTION('center_axis',(0.963788819653398,0.,0.266666666666665));
#1776=DIRECTION('ref_axis',(0.,1.,0.));
#1777=DIRECTION('center_axis',(0.,-1.,0.));
#1778=DIRECTION('ref_axis',(0.,0.,-1.));
#1779=DIRECTION('center_axis',(-8.88178419700125E-16,0.,1.));
#1780=DIRECTION('ref_axis',(0.,1.,0.));
#1781=DIRECTION('center_axis',(0.,-1.,0.));
#1782=DIRECTION('ref_axis',(-0.795822425754221,0.,0.605530070819498));
#1783=DIRECTION('center_axis',(0.,0.,1.));
#1784=DIRECTION('ref_axis',(-0.707106781186547,0.707106781186547,0.));
#1785=DIRECTION('center_axis',(0.,0.,1.));
#1786=DIRECTION('ref_axis',(0.,1.,0.));
#1787=DIRECTION('',(0.,0.,-1.));
#1788=DIRECTION('center_axis',(0.,-1.,0.));
#1789=DIRECTION('ref_axis',(0.,0.,-1.));
#1790=DIRECTION('center_axis',(-1.,0.,0.));
#1791=DIRECTION('ref_axis',(0.,1.,0.));
#1792=DIRECTION('center_axis',(0.,-1.,0.));
#1793=DIRECTION('ref_axis',(-0.707106781186547,0.,-0.707106781186547));
#1794=DIRECTION('center_axis',(-1.,0.,0.));
#1795=DIRECTION('ref_axis',(0.,0.707106781186547,-0.707106781186547));
#1796=DIRECTION('center_axis',(-1.,0.,0.));
#1797=DIRECTION('ref_axis',(0.,1.,0.));
#1798=DIRECTION('',(-1.,0.,0.));
#1799=DIRECTION('',(1.,0.,0.));
#1800=DIRECTION('center_axis',(0.,-1.,0.));
#1801=DIRECTION('ref_axis',(0.,0.,-1.));
#1802=DIRECTION('center_axis',(0.,0.,-1.));
#1803=DIRECTION('ref_axis',(0.,1.,0.));
#1804=DIRECTION('center_axis',(0.,1.,0.));
#1805=DIRECTION('ref_axis',(0.707106781186548,0.,-0.707106781186548));
#1806=DIRECTION('center_axis',(0.,-1.,0.));
#1807=DIRECTION('ref_axis',(0.707106781186547,0.,-0.707106781186547));
#1808=DIRECTION('center_axis',(0.,0.,-1.));
#1809=DIRECTION('ref_axis',(0.707106781186547,0.707106781186547,0.));
#1810=DIRECTION('',(0.,0.,1.));
#1811=DIRECTION('',(0.,0.,-1.));
#1812=DIRECTION('center_axis',(0.,0.,-1.));
#1813=DIRECTION('ref_axis',(-1.,0.,0.));
#1814=DIRECTION('',(0.,1.,0.));
#1815=DIRECTION('center_axis',(0.,1.,0.));
#1816=DIRECTION('ref_axis',(0.707106781186547,0.,-0.707106781186547));
#1817=DIRECTION('',(0.,-1.,0.));
#1818=DIRECTION('center_axis',(1.,0.,0.));
#1819=DIRECTION('ref_axis',(0.,0.,-1.));
#1820=DIRECTION('',(0.,1.,0.));
#1821=DIRECTION('center_axis',(0.,-1.,0.));
#1822=DIRECTION('ref_axis',(-1.,0.,0.));
#1823=DIRECTION('',(0.,-1.,0.));
#1824=DIRECTION('center_axis',(0.,1.,0.));
#1825=DIRECTION('ref_axis',(1.,0.,0.));
#1826=DIRECTION('center_axis',(0.,-1.,0.));
#1827=DIRECTION('ref_axis',(1.,0.,0.));
#1828=DIRECTION('center_axis',(0.,1.,0.));
#1829=DIRECTION('ref_axis',(1.,0.,0.));
#1830=DIRECTION('',(0.,-1.,0.));
#1831=DIRECTION('center_axis',(0.,1.,0.));
#1832=DIRECTION('ref_axis',(1.,0.,0.));
#1833=DIRECTION('',(0.,-1.,0.));
#1834=DIRECTION('center_axis',(0.,1.,0.));
#1835=DIRECTION('ref_axis',(5.32907051820076E-16,0.,-1.));
#1836=DIRECTION('',(0.,1.,0.));
#1837=DIRECTION('center_axis',(1.,0.,0.));
#1838=DIRECTION('ref_axis',(0.,0.,-1.));
#1839=CARTESIAN_POINT('',(0.,0.,0.));
#1840=CARTESIAN_POINT('Origin',(0.,-8.5,110.));
#1841=CARTESIAN_POINT('',(-6.,-10.,111.75));
#1842=CARTESIAN_POINT('',(-4.56,-8.5,111.33));
#1843=CARTESIAN_POINT('Origin',(-6.,-8.5,111.75));
#1844=CARTESIAN_POINT('',(4.56,-8.5,111.33));
#1845=CARTESIAN_POINT('Origin',(0.,-8.5,110.));
#1846=CARTESIAN_POINT('',(6.,-10.,111.75));
#1847=CARTESIAN_POINT('Origin',(6.,-8.5,111.75));
#1848=CARTESIAN_POINT('Origin',(0.,-10.,110.));
#1849=CARTESIAN_POINT('Ctrl Pts',(4.56,-8.5,111.33));
#1850=CARTESIAN_POINT('Ctrl Pts',(4.62292041439025,-8.5,111.114272864948));
#1851=CARTESIAN_POINT('Ctrl Pts',(4.71803986356315,-8.4807033823703,110.674079400825));
#1852=CARTESIAN_POINT('Ctrl Pts',(4.75000000000001,-8.46824583655185,110.224715475636));
#1853=CARTESIAN_POINT('Ctrl Pts',(4.75,-8.46824583655185,110.));
#1854=CARTESIAN_POINT('Ctrl Pts',(4.56,-8.72439947525641,111.33));
#1855=CARTESIAN_POINT('Ctrl Pts',(4.62433667922056,-8.73576783404256,111.109276518692));
#1856=CARTESIAN_POINT('Ctrl Pts',(4.71919593678092,-8.73446153400043,110.664797468215));
#1857=CARTESIAN_POINT('Ctrl Pts',(4.75000000000001,-8.72874249111428,110.22151449419));
#1858=CARTESIAN_POINT('Ctrl Pts',(4.75,-8.72874249111428,110.));
#1859=CARTESIAN_POINT('Ctrl Pts',(4.65846207596783,-9.17253319749317,111.358718105491));
#1860=CARTESIAN_POINT('Ctrl Pts',(4.73722391563387,-9.20652199139732,111.126313369192));
#1861=CARTESIAN_POINT('Ctrl Pts',(4.85222284975249,-9.24088139812085,110.665962953427));
#1862=CARTESIAN_POINT('Ctrl Pts',(4.88888679362634,-9.24845640958076,110.221746335002));
#1863=CARTESIAN_POINT('Ctrl Pts',(4.88888679362633,-9.24845640958076,110.));
#1864=CARTESIAN_POINT('Ctrl Pts',(5.14034246396659,-9.80318656504389,111.49926655199));
#1865=CARTESIAN_POINT('Ctrl Pts',(5.27603214446121,-9.85366458217096,111.243513686345));
#1866=CARTESIAN_POINT('Ctrl Pts',(5.48309131278783,-9.90720593292148,110.735756610225));
#1867=CARTESIAN_POINT('Ctrl Pts',(5.55319152916826,-9.91978614830721,110.244967740275));
#1868=CARTESIAN_POINT('Ctrl Pts',(5.55319152916825,-9.91978614830721,110.));
#1869=CARTESIAN_POINT('Ctrl Pts',(5.67686475563075,-10.,111.655752220392));
#1870=CARTESIAN_POINT('Ctrl Pts',(5.86306772722508,-10.0271253378786,111.382408573694));
#1871=CARTESIAN_POINT('Ctrl Pts',(6.14896249509533,-10.0293394625036,110.829958697409));
#1872=CARTESIAN_POINT('Ctrl Pts',(6.24666279817638,-10.0183008368405,110.276544839577));
#1873=CARTESIAN_POINT('Ctrl Pts',(6.24666279817638,-10.0183008368405,110.));
#1874=CARTESIAN_POINT('Ctrl Pts',(5.99999999999999,-10.,111.75));
#1875=CARTESIAN_POINT('Ctrl Pts',(6.20697504733636,-10.,111.46614850651));
#1876=CARTESIAN_POINT('Ctrl Pts',(6.5198679722472,-9.95175845592577,110.886946580033));
#1877=CARTESIAN_POINT('Ctrl Pts',(6.62500000000001,-9.92061459137963,110.295678257415));
#1878=CARTESIAN_POINT('Ctrl Pts',(6.62500000000001,-9.92061459137963,110.));
#1879=CARTESIAN_POINT('',(4.75,-8.46824583655185,110.));
#1880=CARTESIAN_POINT('',(6.62500000000001,-9.92061459137963,110.));
#1881=CARTESIAN_POINT('Origin',(6.25,-8.46824583655185,110.));
#1882=CARTESIAN_POINT('Ctrl Pts',(6.62500000000001,-9.92061459137963,110.));
#1883=CARTESIAN_POINT('Ctrl Pts',(6.62500000000001,-9.92061459137963,110.295678257415));
#1884=CARTESIAN_POINT('Ctrl Pts',(6.5198679722472,-9.95175845592577,110.886946580033));
#1885=CARTESIAN_POINT('Ctrl Pts',(6.20697504733636,-10.,111.46614850651));
#1886=CARTESIAN_POINT('Ctrl Pts',(5.99999999999999,-10.,111.75));
#1887=CARTESIAN_POINT('Ctrl Pts',(4.56,-8.5,111.33));
#1888=CARTESIAN_POINT('Ctrl Pts',(4.62292041439025,-8.5,111.114272864948));
#1889=CARTESIAN_POINT('Ctrl Pts',(4.71803986356315,-8.4807033823703,110.674079400825));
#1890=CARTESIAN_POINT('Ctrl Pts',(4.75000000000001,-8.46824583655185,110.224715475636));
#1891=CARTESIAN_POINT('Ctrl Pts',(4.75,-8.46824583655185,110.));
#1892=CARTESIAN_POINT('Origin',(6.25,-8.46824583655185,87.75));
#1893=CARTESIAN_POINT('',(4.75,-8.46824583655185,50.));
#1894=CARTESIAN_POINT('',(6.62500000000001,-9.92061459137963,50.));
#1895=CARTESIAN_POINT('Origin',(6.25,-8.46824583655185,50.));
#1896=CARTESIAN_POINT('',(6.62500000000001,-9.92061459137963,87.75));
#1897=CARTESIAN_POINT('',(4.75,-8.46824583655185,87.75));
#1898=CARTESIAN_POINT('Origin',(6.25,-8.5,44.));
#1899=CARTESIAN_POINT('',(6.25,-10.,46.3003378532628));
#1900=CARTESIAN_POINT('',(4.75,-8.5,46.3003378532628));
#1901=CARTESIAN_POINT('Origin',(6.25,-8.5,46.3003378532628));
#1902=CARTESIAN_POINT('',(4.75,-8.5,37.5));
#1903=CARTESIAN_POINT('',(4.75,-8.5,44.));
#1904=CARTESIAN_POINT('',(6.25,-10.,37.5));
#1905=CARTESIAN_POINT('Origin',(6.25,-8.5,37.5));
#1906=CARTESIAN_POINT('',(6.25,-10.,44.));
#1907=CARTESIAN_POINT('Origin',(0.,-8.5,37.5));
#1908=CARTESIAN_POINT('',(-4.75,-8.5,37.5));
#1909=CARTESIAN_POINT('',(-6.25,-10.,37.5));
#1910=CARTESIAN_POINT('Origin',(-6.25,-8.5,37.5));
#1911=CARTESIAN_POINT('Origin',(0.,-10.,37.5));
#1912=CARTESIAN_POINT('Origin',(0.,-8.5,37.5));
#1913=CARTESIAN_POINT('Origin',(-6.25,-8.5,80.25));
#1914=CARTESIAN_POINT('',(-4.75,-8.5,46.3003378532628));
#1915=CARTESIAN_POINT('',(-6.25,-10.,46.3003378532628));
#1916=CARTESIAN_POINT('Origin',(-6.25,-8.5,46.3003378532628));
#1917=CARTESIAN_POINT('',(-6.25,-10.,80.25));
#1918=CARTESIAN_POINT('',(-4.75,-8.5,80.25));
#1919=CARTESIAN_POINT('Ctrl Pts',(4.75,-8.46824583655185,50.));
#1920=CARTESIAN_POINT('Ctrl Pts',(4.75,-8.46824583655185,48.7667228985382));
#1921=CARTESIAN_POINT('Ctrl Pts',(4.75,-8.5,47.5336149547248));
#1922=CARTESIAN_POINT('Ctrl Pts',(4.75,-8.5,46.3003378532628));
#1923=CARTESIAN_POINT('Ctrl Pts',(4.75,-8.72874249111428,50.));
#1924=CARTESIAN_POINT('Ctrl Pts',(4.75,-8.72874249111428,48.7697683852807));
#1925=CARTESIAN_POINT('Ctrl Pts',(4.74991857464147,-8.74791596031537,47.5386253986682));
#1926=CARTESIAN_POINT('Ctrl Pts',(4.75,-8.72439947525642,46.3003378532628));
#1927=CARTESIAN_POINT('Ctrl Pts',(4.88886718943465,-9.2485049285377,50.));
#1928=CARTESIAN_POINT('Ctrl Pts',(4.88886718943465,-9.2485049285377,48.7758477906918));
#1929=CARTESIAN_POINT('Ctrl Pts',(4.87434714590269,-9.24286804964701,47.5486346408902));
#1930=CARTESIAN_POINT('Ctrl Pts',(4.85254825101455,-9.17255913531253,46.3003378532628));
#1931=CARTESIAN_POINT('Ctrl Pts',(5.55316879070818,-9.91988253075093,50.));
#1932=CARTESIAN_POINT('Ctrl Pts',(5.55316879070818,-9.91988253075093,48.7836845853948));
#1933=CARTESIAN_POINT('Ctrl Pts',(5.47582543915586,-9.90765619916909,47.5627033895104));
#1934=CARTESIAN_POINT('Ctrl Pts',(5.35449990466612,-9.80323782551421,46.3003378532628));
#1935=CARTESIAN_POINT('Ctrl Pts',(6.24666279817637,-10.0183008368405,50.));
#1936=CARTESIAN_POINT('Ctrl Pts',(6.24666279817637,-10.0183008368405,48.7848732755436));
#1937=CARTESIAN_POINT('Ctrl Pts',(6.1248493320883,-10.0561112307362,47.5671346605825));
#1938=CARTESIAN_POINT('Ctrl Pts',(5.91340078711539,-10.,46.3003378532628));
#1939=CARTESIAN_POINT('Ctrl Pts',(6.625,-9.92061459137964,50.));
#1940=CARTESIAN_POINT('Ctrl Pts',(6.625,-9.92061459137964,48.7836946017693));
#1941=CARTESIAN_POINT('Ctrl Pts',(6.49661251488435,-10.,47.5670968991734));
#1942=CARTESIAN_POINT('Ctrl Pts',(6.25000000000001,-10.,46.3003378532628));
#1943=CARTESIAN_POINT('Ctrl Pts',(6.25000000000001,-10.,46.3003378532628));
#1944=CARTESIAN_POINT('Ctrl Pts',(6.49661251488435,-10.,47.5670968991734));
#1945=CARTESIAN_POINT('Ctrl Pts',(6.625,-9.92061459137964,48.7836946017693));
#1946=CARTESIAN_POINT('Ctrl Pts',(6.625,-9.92061459137964,50.));
#1947=CARTESIAN_POINT('Ctrl Pts',(4.75,-8.46824583655185,50.));
#1948=CARTESIAN_POINT('Ctrl Pts',(4.75,-8.46824583655185,48.7667228985382));
#1949=CARTESIAN_POINT('Ctrl Pts',(4.75,-8.5,47.5336149547248));
#1950=CARTESIAN_POINT('Ctrl Pts',(4.75,-8.5,46.3003378532628));
#1951=CARTESIAN_POINT('Ctrl Pts',(-4.75,-8.5,46.3003378532628));
#1952=CARTESIAN_POINT('Ctrl Pts',(-4.75,-8.5,47.5336225077297));
#1953=CARTESIAN_POINT('Ctrl Pts',(-4.75,-8.46824583655185,48.7667323192922));
#1954=CARTESIAN_POINT('Ctrl Pts',(-4.75,-8.46824583655185,50.));
#1955=CARTESIAN_POINT('Ctrl Pts',(-4.75,-8.72439947525641,46.3003378532628));
#1956=CARTESIAN_POINT('Ctrl Pts',(-4.7499185741428,-8.74791610433825,47.5386329823588));
#1957=CARTESIAN_POINT('Ctrl Pts',(-4.75,-8.72874249111428,48.7697777827709));
#1958=CARTESIAN_POINT('Ctrl Pts',(-4.75,-8.72874249111428,50.));
#1959=CARTESIAN_POINT('Ctrl Pts',(-4.85254825101455,-9.17255913531252,46.3003378532628));
#1960=CARTESIAN_POINT('Ctrl Pts',(-4.87434727940648,-9.24286848024252,47.5486422858808));
#1961=CARTESIAN_POINT('Ctrl Pts',(-4.88886718943465,-9.2485049285377,48.7758571417426));
#1962=CARTESIAN_POINT('Ctrl Pts',(-4.88886718943465,-9.2485049285377,50.));
#1963=CARTESIAN_POINT('Ctrl Pts',(-5.35449990466612,-9.80323782551421,46.3003378532628));
#1964=CARTESIAN_POINT('Ctrl Pts',(-5.47582618219436,-9.90765683866243,47.5627111206627));
#1965=CARTESIAN_POINT('Ctrl Pts',(-5.55316879070818,-9.91988253075093,48.7836938765819));
#1966=CARTESIAN_POINT('Ctrl Pts',(-5.55316879070818,-9.91988253075093,50.));
#1967=CARTESIAN_POINT('Ctrl Pts',(-5.91340078711538,-10.,46.3003378532628));
#1968=CARTESIAN_POINT('Ctrl Pts',(-6.12485062707052,-10.0561115743803,47.5671424188735));
#1969=CARTESIAN_POINT('Ctrl Pts',(-6.24666279817637,-10.0183008368405,48.7848825576506));
#1970=CARTESIAN_POINT('Ctrl Pts',(-6.24666279817637,-10.0183008368405,50.));
#1971=CARTESIAN_POINT('Ctrl Pts',(-6.25,-10.,46.3003378532628));
#1972=CARTESIAN_POINT('Ctrl Pts',(-6.49661402522258,-10.,47.5671046572331));
#1973=CARTESIAN_POINT('Ctrl Pts',(-6.625,-9.92061459137964,48.7837038928799));
#1974=CARTESIAN_POINT('Ctrl Pts',(-6.625,-9.92061459137964,50.));
#1975=CARTESIAN_POINT('',(-4.75,-8.46824583655185,50.));
#1976=CARTESIAN_POINT('',(-6.625,-9.92061459137964,50.));
#1977=CARTESIAN_POINT('Origin',(-6.25,-8.46824583655185,50.));
#1978=CARTESIAN_POINT('Ctrl Pts',(-6.625,-9.92061459137964,50.));
#1979=CARTESIAN_POINT('Ctrl Pts',(-6.625,-9.92061459137964,48.7837038928799));
#1980=CARTESIAN_POINT('Ctrl Pts',(-6.49661402522258,-10.,47.5671046572331));
#1981=CARTESIAN_POINT('Ctrl Pts',(-6.25,-10.,46.3003378532628));
#1982=CARTESIAN_POINT('Ctrl Pts',(-4.75,-8.5,46.3003378532628));
#1983=CARTESIAN_POINT('Ctrl Pts',(-4.75,-8.5,47.5336225077297));
#1984=CARTESIAN_POINT('Ctrl Pts',(-4.75,-8.46824583655185,48.7667323192922));
#1985=CARTESIAN_POINT('Ctrl Pts',(-4.75,-8.46824583655185,50.));
#1986=CARTESIAN_POINT('Origin',(-6.25,-8.46824583655185,50.25));
#1987=CARTESIAN_POINT('',(-4.75000000000001,-8.46824583655185,110.));
#1988=CARTESIAN_POINT('',(-6.625,-9.92061459137964,110.));
#1989=CARTESIAN_POINT('Origin',(-6.25000000000001,-8.46824583655185,110.));
#1990=CARTESIAN_POINT('',(-6.625,-9.92061459137964,50.25));
#1991=CARTESIAN_POINT('',(-4.75,-8.46824583655185,50.25));
#1992=CARTESIAN_POINT('Ctrl Pts',(-4.75,-8.46824583655185,110.));
#1993=CARTESIAN_POINT('Ctrl Pts',(-4.75,-8.46824583655185,110.224715068016));
#1994=CARTESIAN_POINT('Ctrl Pts',(-4.71804320624001,-8.48070317027459,110.674067541541));
#1995=CARTESIAN_POINT('Ctrl Pts',(-4.62292021904443,-8.5,111.114273534705));
#1996=CARTESIAN_POINT('Ctrl Pts',(-4.56,-8.5,111.33));
#1997=CARTESIAN_POINT('Ctrl Pts',(-4.75,-8.72874249111428,110.));
#1998=CARTESIAN_POINT('Ctrl Pts',(-4.75,-8.72874249111428,110.221514092376));
#1999=CARTESIAN_POINT('Ctrl Pts',(-4.71919933062614,-8.73446193084128,110.66478535358));
#2000=CARTESIAN_POINT('Ctrl Pts',(-4.62433647947774,-8.73576779874779,111.109277203961));
#2001=CARTESIAN_POINT('Ctrl Pts',(-4.56,-8.72439947525641,111.33));
#2002=CARTESIAN_POINT('Ctrl Pts',(-4.88888679362633,-9.24845640958076,110.));
#2003=CARTESIAN_POINT('Ctrl Pts',(-4.88888679362633,-9.24845640958076,110.221745932768));
#2004=CARTESIAN_POINT('Ctrl Pts',(-4.85222699592825,-9.24088300603872,110.66595021776));
#2005=CARTESIAN_POINT('Ctrl Pts',(-4.73722367110598,-9.20652188587404,111.126314090727));
#2006=CARTESIAN_POINT('Ctrl Pts',(-4.65846207596784,-9.17253319749317,111.358718105491));
#2007=CARTESIAN_POINT('Ctrl Pts',(-5.55319152916825,-9.91978614830721,110.));
#2008=CARTESIAN_POINT('Ctrl Pts',(-5.55319152916825,-9.91978614830721,110.244967295919));
#2009=CARTESIAN_POINT('Ctrl Pts',(-5.48309854206161,-9.90720834923643,110.735742586777));
#2010=CARTESIAN_POINT('Ctrl Pts',(-5.27603172319234,-9.85366442545442,111.243514480368));
#2011=CARTESIAN_POINT('Ctrl Pts',(-5.1403424639666,-9.80318656504389,111.49926655199));
#2012=CARTESIAN_POINT('Ctrl Pts',(-6.24666279817638,-10.0183008368405,110.));
#2013=CARTESIAN_POINT('Ctrl Pts',(-6.24666279817638,-10.0183008368405,110.276544337942));
#2014=CARTESIAN_POINT('Ctrl Pts',(-6.14897243399277,-10.0293404811576,110.82994368417));
#2015=CARTESIAN_POINT('Ctrl Pts',(-5.86306714913015,-10.0271252536639,111.38240942233));
#2016=CARTESIAN_POINT('Ctrl Pts',(-5.67686475563076,-10.,111.655752220392));
#2017=CARTESIAN_POINT('Ctrl Pts',(-6.62500000000001,-9.92061459137963,110.));
#2018=CARTESIAN_POINT('Ctrl Pts',(-6.62500000000001,-9.92061459137963,110.295677721074));
#2019=CARTESIAN_POINT('Ctrl Pts',(-6.51987896789478,-9.95175792568648,110.886930975712));
#2020=CARTESIAN_POINT('Ctrl Pts',(-6.20697440475143,-10.,111.466149387769));
#2021=CARTESIAN_POINT('Ctrl Pts',(-6.,-10.,111.75));
#2022=CARTESIAN_POINT('Ctrl Pts',(-6.,-10.,111.75));
#2023=CARTESIAN_POINT('Ctrl Pts',(-6.20697440475143,-10.,111.466149387769));
#2024=CARTESIAN_POINT('Ctrl Pts',(-6.51987896789478,-9.95175792568648,110.886930975712));
#2025=CARTESIAN_POINT('Ctrl Pts',(-6.62500000000001,-9.92061459137963,110.295677721074));
#2026=CARTESIAN_POINT('Ctrl Pts',(-6.62500000000001,-9.92061459137963,110.));
#2027=CARTESIAN_POINT('Ctrl Pts',(-4.75,-8.46824583655185,110.));
#2028=CARTESIAN_POINT('Ctrl Pts',(-4.75,-8.46824583655185,110.224715068016));
#2029=CARTESIAN_POINT('Ctrl Pts',(-4.71804320624001,-8.48070317027459,110.674067541541));
#2030=CARTESIAN_POINT('Ctrl Pts',(-4.62292021904443,-8.5,111.114273534705));
#2031=CARTESIAN_POINT('Ctrl Pts',(-4.56,-8.5,111.33));
#2032=CARTESIAN_POINT('Origin',(-4.75000000000001,0.,110.));
#2033=CARTESIAN_POINT('',(-4.75,-6.5,37.5));
#2034=CARTESIAN_POINT('',(-4.75,0.,37.5));
#2035=CARTESIAN_POINT('',(-4.75000000000001,-6.5,110.));
#2036=CARTESIAN_POINT('',(-4.75,-6.5,91.875));
#2037=CARTESIAN_POINT('',(-4.75000000000001,0.,110.));
#2038=CARTESIAN_POINT('Origin',(0.,0.,37.5));
#2039=CARTESIAN_POINT('',(4.75,-6.5,37.5));
#2040=CARTESIAN_POINT('',(4.75,0.,37.5));
#2041=CARTESIAN_POINT('Origin',(0.,-6.5,37.5));
#2042=CARTESIAN_POINT('Origin',(6.,-7.5,87.75));
#2043=CARTESIAN_POINT('',(8.5,-7.5,50.));
#2044=CARTESIAN_POINT('Origin',(6.,-7.5,50.));
#2045=CARTESIAN_POINT('',(8.5,-7.5,125.));
#2046=CARTESIAN_POINT('',(8.5,-7.5,87.75));
#2047=CARTESIAN_POINT('',(6.,-10.,125.));
#2048=CARTESIAN_POINT('Origin',(6.,-7.5,125.));
#2049=CARTESIAN_POINT('',(6.,-10.,87.75));
#2050=CARTESIAN_POINT('Origin',(0.,-10.,50.5));
#2051=CARTESIAN_POINT('',(-26.1666666666667,-10.,23.4958074595316));
#2052=CARTESIAN_POINT('Origin',(-33.5,-10.,50.));
#2053=CARTESIAN_POINT('',(-33.5,-10.,13.8579192629976));
#2054=CARTESIAN_POINT('Origin',(-23.5,-10.,13.8579192629976));
#2055=CARTESIAN_POINT('',(-33.5,-10.,-20.));
#2056=CARTESIAN_POINT('',(-33.5,-10.,8.99999999999999));
#2057=CARTESIAN_POINT('',(-23.5,-10.,-30.));
#2058=CARTESIAN_POINT('Origin',(-23.5,-10.,-20.));
#2059=CARTESIAN_POINT('',(23.5,-10.,-30.));
#2060=CARTESIAN_POINT('',(18.,-10.,-30.));
#2061=CARTESIAN_POINT('',(33.5,-10.,-20.));
#2062=CARTESIAN_POINT('Origin',(23.5,-10.,-20.));
#2063=CARTESIAN_POINT('',(33.5,-10.,13.8579192629976));
#2064=CARTESIAN_POINT('',(33.5,-10.,37.75));
#2065=CARTESIAN_POINT('',(26.1666666666667,-10.,23.4958074595316));
#2066=CARTESIAN_POINT('Origin',(23.5,-10.,13.8579192629976));
#2067=CARTESIAN_POINT('Origin',(33.5,-10.,50.));
#2068=CARTESIAN_POINT('',(-22.5,-10.,4.44089209850063E-15));
#2069=CARTESIAN_POINT('Origin',(0.,-10.,0.));
#2070=CARTESIAN_POINT('Origin',(0.,-10.,50.5));
#2071=CARTESIAN_POINT('',(-6.,-10.,125.));
#2072=CARTESIAN_POINT('Origin',(0.,-10.,125.));
#2073=CARTESIAN_POINT('',(-6.,-10.,50.25));
#2074=CARTESIAN_POINT('',(-5.,-10.,125.));
#2075=CARTESIAN_POINT('Origin',(0.,-10.,125.));
#2076=CARTESIAN_POINT('Origin',(33.5,-7.5,50.));
#2077=CARTESIAN_POINT('',(26.8333333333333,-7.5,25.9052795086651));
#2078=CARTESIAN_POINT('Origin',(26.1666666666667,-7.5,23.4958074595316));
#2079=CARTESIAN_POINT('Origin',(33.5,-7.5,50.));
#2080=CARTESIAN_POINT('Origin',(3.25,-6.5,55.625));
#2081=CARTESIAN_POINT('',(4.75000000000001,-6.5,110.));
#2082=CARTESIAN_POINT('',(3.25000000000001,-5.,110.));
#2083=CARTESIAN_POINT('Origin',(3.25000000000001,-6.5,110.));
#2084=CARTESIAN_POINT('',(3.25,-5.,37.5));
#2085=CARTESIAN_POINT('',(3.25,-5.,55.625));
#2086=CARTESIAN_POINT('Origin',(3.25,-6.5,37.5));
#2087=CARTESIAN_POINT('',(4.75,-6.5,55.625));
#2088=CARTESIAN_POINT('Origin',(0.,-6.5,37.5));
#2089=CARTESIAN_POINT('',(-3.25,-5.,37.5));
#2090=CARTESIAN_POINT('Origin',(-3.25,-6.5,37.5));
#2091=CARTESIAN_POINT('Origin',(0.,-5.,37.5));
#2092=CARTESIAN_POINT('Origin',(-3.25,-6.5,91.875));
#2093=CARTESIAN_POINT('',(-3.25000000000001,-5.,110.));
#2094=CARTESIAN_POINT('Origin',(-3.25000000000001,-6.5,110.));
#2095=CARTESIAN_POINT('',(-3.25,-5.,91.875));
#2096=CARTESIAN_POINT('Origin',(0.,-6.5,110.));
#2097=CARTESIAN_POINT('Origin',(0.,-6.5,110.));
#2098=CARTESIAN_POINT('Origin',(0.,-5.,110.));
#2099=CARTESIAN_POINT('Origin',(0.,0.,110.));
#2100=CARTESIAN_POINT('',(4.75000000000001,0.,110.));
#2101=CARTESIAN_POINT('Origin',(4.75,0.,37.5));
#2102=CARTESIAN_POINT('Origin',(0.,-5.,73.75));
#2103=CARTESIAN_POINT('Origin',(-6.25,8.5,80.25));
#2104=CARTESIAN_POINT('',(-6.25,10.,46.3003378532628));
#2105=CARTESIAN_POINT('',(-4.75,8.5,46.3003378532628));
#2106=CARTESIAN_POINT('Origin',(-6.25,8.5,46.3003378532628));
#2107=CARTESIAN_POINT('',(-4.75,8.5,37.5));
#2108=CARTESIAN_POINT('',(-4.75,8.5,80.25));
#2109=CARTESIAN_POINT('',(-6.25,10.,37.5));
#2110=CARTESIAN_POINT('Origin',(-6.25,8.5,37.5));
#2111=CARTESIAN_POINT('',(-6.25,10.,80.25));
#2112=CARTESIAN_POINT('Origin',(6.25,8.5,44.));
#2113=CARTESIAN_POINT('',(4.75,8.5,46.3003378532628));
#2114=CARTESIAN_POINT('',(6.25,10.,46.3003378532628));
#2115=CARTESIAN_POINT('Origin',(6.25,8.5,46.3003378532628));
#2116=CARTESIAN_POINT('',(6.25,10.,37.5));
#2117=CARTESIAN_POINT('',(6.25,10.,44.));
#2118=CARTESIAN_POINT('',(4.75,8.5,37.5));
#2119=CARTESIAN_POINT('Origin',(6.25,8.5,37.5));
#2120=CARTESIAN_POINT('',(4.75,8.5,44.));
#2121=CARTESIAN_POINT('Origin',(0.,8.5,37.5));
#2122=CARTESIAN_POINT('Origin',(0.,10.,37.5));
#2123=CARTESIAN_POINT('Origin',(0.,8.5,37.5));
#2124=CARTESIAN_POINT('Ctrl Pts',(4.75,8.5,46.3003378532628));
#2125=CARTESIAN_POINT('Ctrl Pts',(4.75,8.5,47.5336225077297));
#2126=CARTESIAN_POINT('Ctrl Pts',(4.75,8.46824583655185,48.7667323192923));
#2127=CARTESIAN_POINT('Ctrl Pts',(4.75,8.46824583655185,50.));
#2128=CARTESIAN_POINT('Ctrl Pts',(4.75,8.72439947525642,46.3003378532628));
#2129=CARTESIAN_POINT('Ctrl Pts',(4.7499185741428,8.74791610433825,47.5386329823588));
#2130=CARTESIAN_POINT('Ctrl Pts',(4.75,8.72874249111428,48.7697777827709));
#2131=CARTESIAN_POINT('Ctrl Pts',(4.75,8.72874249111428,50.));
#2132=CARTESIAN_POINT('Ctrl Pts',(4.85254825101455,9.17255913531253,46.3003378532628));
#2133=CARTESIAN_POINT('Ctrl Pts',(4.87434727940648,9.24286848024252,47.5486422858809));
#2134=CARTESIAN_POINT('Ctrl Pts',(4.88886718943465,9.2485049285377,48.7758571417427));
#2135=CARTESIAN_POINT('Ctrl Pts',(4.88886718943465,9.2485049285377,50.));
#2136=CARTESIAN_POINT('Ctrl Pts',(5.35449990466612,9.80323782551421,46.3003378532628));
#2137=CARTESIAN_POINT('Ctrl Pts',(5.47582618219435,9.90765683866244,47.562711120663));
#2138=CARTESIAN_POINT('Ctrl Pts',(5.55316879070818,9.91988253075093,48.783693876582));
#2139=CARTESIAN_POINT('Ctrl Pts',(5.55316879070818,9.91988253075093,50.));
#2140=CARTESIAN_POINT('Ctrl Pts',(5.91340078711538,10.,46.3003378532628));
#2141=CARTESIAN_POINT('Ctrl Pts',(6.12485062707051,10.0561115743803,47.5671424188738));
#2142=CARTESIAN_POINT('Ctrl Pts',(6.24666279817637,10.0183008368405,48.7848825576506));
#2143=CARTESIAN_POINT('Ctrl Pts',(6.24666279817637,10.0183008368405,50.));
#2144=CARTESIAN_POINT('Ctrl Pts',(6.25000000000001,10.,46.3003378532628));
#2145=CARTESIAN_POINT('Ctrl Pts',(6.49661402522257,10.,47.5671046572334));
#2146=CARTESIAN_POINT('Ctrl Pts',(6.625,9.92061459137963,48.78370389288));
#2147=CARTESIAN_POINT('Ctrl Pts',(6.625,9.92061459137964,50.));
#2148=CARTESIAN_POINT('',(4.75,8.46824583655185,50.));
#2149=CARTESIAN_POINT('',(6.625,9.92061459137964,50.));
#2150=CARTESIAN_POINT('Origin',(6.25,8.46824583655185,50.));
#2151=CARTESIAN_POINT('Ctrl Pts',(6.625,9.92061459137964,50.));
#2152=CARTESIAN_POINT('Ctrl Pts',(6.625,9.92061459137963,48.78370389288));
#2153=CARTESIAN_POINT('Ctrl Pts',(6.49661402522257,10.,47.5671046572334));
#2154=CARTESIAN_POINT('Ctrl Pts',(6.25000000000001,10.,46.3003378532628));
#2155=CARTESIAN_POINT('Ctrl Pts',(4.75,8.5,46.3003378532628));
#2156=CARTESIAN_POINT('Ctrl Pts',(4.75,8.5,47.5336225077297));
#2157=CARTESIAN_POINT('Ctrl Pts',(4.75,8.46824583655185,48.7667323192923));
#2158=CARTESIAN_POINT('Ctrl Pts',(4.75,8.46824583655185,50.));
#2159=CARTESIAN_POINT('Origin',(6.25,8.46824583655185,87.75));
#2160=CARTESIAN_POINT('',(4.75000000000001,8.46824583655185,110.));
#2161=CARTESIAN_POINT('',(6.62500000000001,9.92061459137963,110.));
#2162=CARTESIAN_POINT('Origin',(6.25000000000001,8.46824583655185,110.));
#2163=CARTESIAN_POINT('',(6.62500000000001,9.92061459137963,87.75));
#2164=CARTESIAN_POINT('',(4.75,8.46824583655185,87.75));
#2165=CARTESIAN_POINT('Origin',(0.,8.5,110.));
#2166=CARTESIAN_POINT('',(6.,10.,111.75));
#2167=CARTESIAN_POINT('',(4.56,8.5,111.33));
#2168=CARTESIAN_POINT('Origin',(6.,8.5,111.75));
#2169=CARTESIAN_POINT('',(-4.56,8.5,111.33));
#2170=CARTESIAN_POINT('Origin',(0.,8.5,110.));
#2171=CARTESIAN_POINT('',(-6.,10.,111.75));
#2172=CARTESIAN_POINT('Origin',(-6.,8.5,111.75));
#2173=CARTESIAN_POINT('Origin',(0.,10.,110.));
#2174=CARTESIAN_POINT('Ctrl Pts',(4.75000000000001,8.46824583655185,110.));
#2175=CARTESIAN_POINT('Ctrl Pts',(4.75000000000001,8.46824583655185,110.224715068016));
#2176=CARTESIAN_POINT('Ctrl Pts',(4.71804320623998,8.4807031702746,110.674067541541));
#2177=CARTESIAN_POINT('Ctrl Pts',(4.62292021904444,8.5,111.114273534705));
#2178=CARTESIAN_POINT('Ctrl Pts',(4.55999999999999,8.5,111.33));
#2179=CARTESIAN_POINT('Ctrl Pts',(4.75000000000001,8.72874249111428,110.));
#2180=CARTESIAN_POINT('Ctrl Pts',(4.75000000000001,8.72874249111428,110.221514092376));
#2181=CARTESIAN_POINT('Ctrl Pts',(4.71919933062611,8.73446193084127,110.66478535358));
#2182=CARTESIAN_POINT('Ctrl Pts',(4.62433647947774,8.73576779874779,111.109277203961));
#2183=CARTESIAN_POINT('Ctrl Pts',(4.55999999999999,8.72439947525641,111.33));
#2184=CARTESIAN_POINT('Ctrl Pts',(4.88888679362633,9.24845640958076,110.));
#2185=CARTESIAN_POINT('Ctrl Pts',(4.88888679362633,9.24845640958076,110.221745932768));
#2186=CARTESIAN_POINT('Ctrl Pts',(4.85222699592822,9.2408830060387,110.66595021776));
#2187=CARTESIAN_POINT('Ctrl Pts',(4.73722367110598,9.20652188587404,111.126314090727));
#2188=CARTESIAN_POINT('Ctrl Pts',(4.65846207596783,9.17253319749317,111.358718105491));
#2189=CARTESIAN_POINT('Ctrl Pts',(5.55319152916825,9.9197861483072,110.));
#2190=CARTESIAN_POINT('Ctrl Pts',(5.55319152916825,9.9197861483072,110.244967295919));
#2191=CARTESIAN_POINT('Ctrl Pts',(5.48309854206155,9.90720834923641,110.735742586777));
#2192=CARTESIAN_POINT('Ctrl Pts',(5.27603172319235,9.85366442545443,111.243514480368));
#2193=CARTESIAN_POINT('Ctrl Pts',(5.14034246396659,9.80318656504389,111.49926655199));
#2194=CARTESIAN_POINT('Ctrl Pts',(6.24666279817638,10.0183008368405,110.));
#2195=CARTESIAN_POINT('Ctrl Pts',(6.24666279817638,10.0183008368405,110.276544337942));
#2196=CARTESIAN_POINT('Ctrl Pts',(6.14897243399269,10.0293404811576,110.829943684171));
#2197=CARTESIAN_POINT('Ctrl Pts',(5.86306714913015,10.0271252536639,111.38240942233));
#2198=CARTESIAN_POINT('Ctrl Pts',(5.67686475563075,9.99999999999999,111.655752220392));
#2199=CARTESIAN_POINT('Ctrl Pts',(6.62500000000001,9.92061459137963,110.));
#2200=CARTESIAN_POINT('Ctrl Pts',(6.62500000000001,9.92061459137963,110.295677721074));
#2201=CARTESIAN_POINT('Ctrl Pts',(6.51987896789469,9.95175792568648,110.886930975712));
#2202=CARTESIAN_POINT('Ctrl Pts',(6.20697440475143,10.,111.46614938777));
#2203=CARTESIAN_POINT('Ctrl Pts',(5.99999999999999,10.,111.75));
#2204=CARTESIAN_POINT('Ctrl Pts',(5.99999999999999,10.,111.75));
#2205=CARTESIAN_POINT('Ctrl Pts',(6.20697440475143,10.,111.46614938777));
#2206=CARTESIAN_POINT('Ctrl Pts',(6.51987896789469,9.95175792568648,110.886930975712));
#2207=CARTESIAN_POINT('Ctrl Pts',(6.62500000000001,9.92061459137963,110.295677721074));
#2208=CARTESIAN_POINT('Ctrl Pts',(6.62500000000001,9.92061459137963,110.));
#2209=CARTESIAN_POINT('Ctrl Pts',(4.75000000000001,8.46824583655185,110.));
#2210=CARTESIAN_POINT('Ctrl Pts',(4.75000000000001,8.46824583655185,110.224715068016));
#2211=CARTESIAN_POINT('Ctrl Pts',(4.71804320623998,8.4807031702746,110.674067541541));
#2212=CARTESIAN_POINT('Ctrl Pts',(4.62292021904444,8.5,111.114273534705));
#2213=CARTESIAN_POINT('Ctrl Pts',(4.55999999999999,8.5,111.33));
#2214=CARTESIAN_POINT('Ctrl Pts',(-4.56,8.5,111.33));
#2215=CARTESIAN_POINT('Ctrl Pts',(-4.62292041439025,8.5,111.114272864948));
#2216=CARTESIAN_POINT('Ctrl Pts',(-4.71803986356313,8.48070338237031,110.674079400825));
#2217=CARTESIAN_POINT('Ctrl Pts',(-4.75,8.46824583655185,110.224715475636));
#2218=CARTESIAN_POINT('Ctrl Pts',(-4.75,8.46824583655185,110.));
#2219=CARTESIAN_POINT('Ctrl Pts',(-4.56,8.72439947525641,111.33));
#2220=CARTESIAN_POINT('Ctrl Pts',(-4.62433667922056,8.73576783404256,111.109276518692));
#2221=CARTESIAN_POINT('Ctrl Pts',(-4.7191959367809,8.73446153400043,110.664797468215));
#2222=CARTESIAN_POINT('Ctrl Pts',(-4.75,8.72874249111428,110.22151449419));
#2223=CARTESIAN_POINT('Ctrl Pts',(-4.75,8.72874249111428,110.));
#2224=CARTESIAN_POINT('Ctrl Pts',(-4.65846207596784,9.17253319749317,111.358718105491));
#2225=CARTESIAN_POINT('Ctrl Pts',(-4.73722391563387,9.20652199139732,111.126313369192));
#2226=CARTESIAN_POINT('Ctrl Pts',(-4.85222284975247,9.24088139812084,110.665962953427));
#2227=CARTESIAN_POINT('Ctrl Pts',(-4.88888679362633,9.24845640958076,110.221746335002));
#2228=CARTESIAN_POINT('Ctrl Pts',(-4.88888679362633,9.24845640958076,110.));
#2229=CARTESIAN_POINT('Ctrl Pts',(-5.1403424639666,9.80318656504389,111.49926655199));
#2230=CARTESIAN_POINT('Ctrl Pts',(-5.27603214446123,9.85366458217096,111.243513686345));
#2231=CARTESIAN_POINT('Ctrl Pts',(-5.4830913127878,9.90720593292146,110.735756610225));
#2232=CARTESIAN_POINT('Ctrl Pts',(-5.55319152916825,9.91978614830721,110.244967740275));
#2233=CARTESIAN_POINT('Ctrl Pts',(-5.55319152916825,9.91978614830721,110.));
#2234=CARTESIAN_POINT('Ctrl Pts',(-5.67686475563077,10.,111.655752220392));
#2235=CARTESIAN_POINT('Ctrl Pts',(-5.86306772722509,10.0271253378786,111.382408573694));
#2236=CARTESIAN_POINT('Ctrl Pts',(-6.14896249509529,10.0293394625036,110.829958697409));
#2237=CARTESIAN_POINT('Ctrl Pts',(-6.24666279817638,10.0183008368405,110.276544839577));
#2238=CARTESIAN_POINT('Ctrl Pts',(-6.24666279817638,10.0183008368405,110.));
#2239=CARTESIAN_POINT('Ctrl Pts',(-6.,10.,111.75));
#2240=CARTESIAN_POINT('Ctrl Pts',(-6.20697504733637,10.,111.46614850651));
#2241=CARTESIAN_POINT('Ctrl Pts',(-6.51986797224716,9.95175845592577,110.886946580033));
#2242=CARTESIAN_POINT('Ctrl Pts',(-6.62500000000001,9.92061459137963,110.295678257415));
#2243=CARTESIAN_POINT('Ctrl Pts',(-6.62500000000001,9.92061459137963,110.));
#2244=CARTESIAN_POINT('',(-4.75,8.46824583655185,110.));
#2245=CARTESIAN_POINT('',(-6.62500000000001,9.92061459137963,110.));
#2246=CARTESIAN_POINT('Origin',(-6.25000000000001,8.46824583655185,110.));
#2247=CARTESIAN_POINT('Ctrl Pts',(-6.62500000000001,9.92061459137963,110.));
#2248=CARTESIAN_POINT('Ctrl Pts',(-6.62500000000001,9.92061459137963,110.295678257415));
#2249=CARTESIAN_POINT('Ctrl Pts',(-6.51986797224716,9.95175845592577,110.886946580033));
#2250=CARTESIAN_POINT('Ctrl Pts',(-6.20697504733637,10.,111.46614850651));
#2251=CARTESIAN_POINT('Ctrl Pts',(-6.,10.,111.75));
#2252=CARTESIAN_POINT('Ctrl Pts',(-4.56,8.5,111.33));
#2253=CARTESIAN_POINT('Ctrl Pts',(-4.62292041439025,8.5,111.114272864948));
#2254=CARTESIAN_POINT('Ctrl Pts',(-4.71803986356313,8.48070338237031,110.674079400825));
#2255=CARTESIAN_POINT('Ctrl Pts',(-4.75,8.46824583655185,110.224715475636));
#2256=CARTESIAN_POINT('Ctrl Pts',(-4.75,8.46824583655185,110.));
#2257=CARTESIAN_POINT('Origin',(-6.25,8.46824583655185,50.25));
#2258=CARTESIAN_POINT('',(-4.75,8.46824583655185,50.));
#2259=CARTESIAN_POINT('',(-6.625,9.92061459137964,50.));
#2260=CARTESIAN_POINT('Origin',(-6.25,8.46824583655185,50.));
#2261=CARTESIAN_POINT('',(-6.625,9.92061459137964,50.25));
#2262=CARTESIAN_POINT('',(-4.75,8.46824583655185,50.25));
#2263=CARTESIAN_POINT('Ctrl Pts',(-4.75,8.46824583655185,50.));
#2264=CARTESIAN_POINT('Ctrl Pts',(-4.75,8.46824583655185,48.7667228985381));
#2265=CARTESIAN_POINT('Ctrl Pts',(-4.75,8.5,47.5336149547246));
#2266=CARTESIAN_POINT('Ctrl Pts',(-4.75,8.5,46.3003378532628));
#2267=CARTESIAN_POINT('Ctrl Pts',(-4.75,8.72874249111428,50.));
#2268=CARTESIAN_POINT('Ctrl Pts',(-4.75,8.72874249111428,48.7697683852807));
#2269=CARTESIAN_POINT('Ctrl Pts',(-4.74991857464147,8.74791596031536,47.538625398668));
#2270=CARTESIAN_POINT('Ctrl Pts',(-4.75,8.72439947525641,46.3003378532628));
#2271=CARTESIAN_POINT('Ctrl Pts',(-4.88886718943465,9.2485049285377,50.));
#2272=CARTESIAN_POINT('Ctrl Pts',(-4.88886718943465,9.2485049285377,48.7758477906918));
#2273=CARTESIAN_POINT('Ctrl Pts',(-4.87434714590269,9.242868049647,47.5486346408901));
#2274=CARTESIAN_POINT('Ctrl Pts',(-4.85254825101455,9.17255913531252,46.3003378532628));
#2275=CARTESIAN_POINT('Ctrl Pts',(-5.55316879070818,9.91988253075093,50.));
#2276=CARTESIAN_POINT('Ctrl Pts',(-5.55316879070818,9.91988253075093,48.7836845853948));
#2277=CARTESIAN_POINT('Ctrl Pts',(-5.47582543915585,9.90765619916909,47.5627033895103));
#2278=CARTESIAN_POINT('Ctrl Pts',(-5.35449990466612,9.80323782551421,46.3003378532628));
#2279=CARTESIAN_POINT('Ctrl Pts',(-6.24666279817637,10.0183008368405,50.));
#2280=CARTESIAN_POINT('Ctrl Pts',(-6.24666279817637,10.0183008368405,48.7848732755435));
#2281=CARTESIAN_POINT('Ctrl Pts',(-6.12484933208829,10.0561112307362,47.5671346605825));
#2282=CARTESIAN_POINT('Ctrl Pts',(-5.91340078711538,10.,46.3003378532628));
#2283=CARTESIAN_POINT('Ctrl Pts',(-6.625,9.92061459137964,50.));
#2284=CARTESIAN_POINT('Ctrl Pts',(-6.625,9.92061459137964,48.7836946017693));
#2285=CARTESIAN_POINT('Ctrl Pts',(-6.49661251488433,10.,47.5670968991734));
#2286=CARTESIAN_POINT('Ctrl Pts',(-6.25,10.,46.3003378532628));
#2287=CARTESIAN_POINT('Ctrl Pts',(-6.25,10.,46.3003378532628));
#2288=CARTESIAN_POINT('Ctrl Pts',(-6.49661251488433,10.,47.5670968991734));
#2289=CARTESIAN_POINT('Ctrl Pts',(-6.625,9.92061459137964,48.7836946017693));
#2290=CARTESIAN_POINT('Ctrl Pts',(-6.625,9.92061459137964,50.));
#2291=CARTESIAN_POINT('Ctrl Pts',(-4.75,8.46824583655185,50.));
#2292=CARTESIAN_POINT('Ctrl Pts',(-4.75,8.46824583655185,48.7667228985381));
#2293=CARTESIAN_POINT('Ctrl Pts',(-4.75,8.5,47.5336149547246));
#2294=CARTESIAN_POINT('Ctrl Pts',(-4.75,8.5,46.3003378532628));
#2295=CARTESIAN_POINT('Origin',(33.5,7.5,50.));
#2296=CARTESIAN_POINT('',(8.5,7.5,50.));
#2297=CARTESIAN_POINT('Origin',(6.,7.5,50.));
#2298=CARTESIAN_POINT('',(26.8333333333333,7.5,25.9052795086651));
#2299=CARTESIAN_POINT('Origin',(33.5,7.5,50.));
#2300=CARTESIAN_POINT('',(26.1666666666667,10.,23.4958074595316));
#2301=CARTESIAN_POINT('Origin',(26.1666666666667,7.5,23.4958074595316));
#2302=CARTESIAN_POINT('Origin',(33.5,10.,50.));
#2303=CARTESIAN_POINT('Origin',(6.,7.5,87.75));
#2304=CARTESIAN_POINT('',(6.,10.,125.));
#2305=CARTESIAN_POINT('',(6.,10.,87.75));
#2306=CARTESIAN_POINT('',(8.5,7.5,125.));
#2307=CARTESIAN_POINT('Origin',(6.,7.5,125.));
#2308=CARTESIAN_POINT('',(8.5,7.5,87.75));
#2309=CARTESIAN_POINT('Origin',(0.,10.,50.5));
#2310=CARTESIAN_POINT('',(-6.,10.,125.));
#2311=CARTESIAN_POINT('',(-6.,10.,50.25));
#2312=CARTESIAN_POINT('Origin',(0.,10.,125.));
#2313=CARTESIAN_POINT('',(-5.,10.,125.));
#2314=CARTESIAN_POINT('Origin',(0.,10.,125.));
#2315=CARTESIAN_POINT('Origin',(-4.75000000000001,0.,110.));
#2316=CARTESIAN_POINT('',(-4.75000000000001,6.5,110.));
#2317=CARTESIAN_POINT('',(-4.75000000000001,0.,110.));
#2318=CARTESIAN_POINT('',(-4.75,6.5,37.5));
#2319=CARTESIAN_POINT('',(-4.75,6.5,91.875));
#2320=CARTESIAN_POINT('',(-4.75,0.,37.5));
#2321=CARTESIAN_POINT('Origin',(0.,0.,110.));
#2322=CARTESIAN_POINT('',(4.75000000000001,6.5,110.));
#2323=CARTESIAN_POINT('',(4.75000000000001,0.,110.));
#2324=CARTESIAN_POINT('Origin',(0.,6.5,110.));
#2325=CARTESIAN_POINT('Origin',(3.25,6.5,55.625));
#2326=CARTESIAN_POINT('',(4.75,6.5,37.5));
#2327=CARTESIAN_POINT('',(3.25,5.,37.5));
#2328=CARTESIAN_POINT('Origin',(3.25,6.5,37.5));
#2329=CARTESIAN_POINT('',(3.25000000000001,5.,110.));
#2330=CARTESIAN_POINT('',(3.25,5.,55.625));
#2331=CARTESIAN_POINT('Origin',(3.25000000000001,6.5,110.));
#2332=CARTESIAN_POINT('',(4.75,6.5,55.625));
#2333=CARTESIAN_POINT('Origin',(0.,6.5,110.));
#2334=CARTESIAN_POINT('',(-3.25000000000001,5.,110.));
#2335=CARTESIAN_POINT('Origin',(-3.25000000000001,6.5,110.));
#2336=CARTESIAN_POINT('Origin',(0.,5.,110.));
#2337=CARTESIAN_POINT('Origin',(-3.25,6.5,91.875));
#2338=CARTESIAN_POINT('',(-3.25,5.,37.5));
#2339=CARTESIAN_POINT('Origin',(-3.25,6.5,37.5));
#2340=CARTESIAN_POINT('',(-3.25,5.,91.875));
#2341=CARTESIAN_POINT('Origin',(0.,6.5,37.5));
#2342=CARTESIAN_POINT('Origin',(0.,6.5,37.5));
#2343=CARTESIAN_POINT('Origin',(0.,5.,37.5));
#2344=CARTESIAN_POINT('Origin',(0.,0.,37.5));
#2345=CARTESIAN_POINT('',(4.75,0.,37.5));
#2346=CARTESIAN_POINT('Origin',(4.75,0.,37.5));
#2347=CARTESIAN_POINT('Origin',(0.,5.,73.75));
#2348=CARTESIAN_POINT('Origin',(0.,-7.5,125.));
#2349=CARTESIAN_POINT('',(-8.5,-7.5,125.));
#2350=CARTESIAN_POINT('Origin',(0.,-7.5,125.));
#2351=CARTESIAN_POINT('Origin',(-6.,-7.5,125.));
#2352=CARTESIAN_POINT('Origin',(-6.,-7.5,50.25));
#2353=CARTESIAN_POINT('',(-8.5,-7.5,50.));
#2354=CARTESIAN_POINT('',(-8.5,-7.5,50.25));
#2355=CARTESIAN_POINT('Origin',(-6.,-7.5,50.));
#2356=CARTESIAN_POINT('Origin',(-33.5,-7.5,50.));
#2357=CARTESIAN_POINT('',(-26.8333333333333,-7.5,25.9052795086651));
#2358=CARTESIAN_POINT('Origin',(-33.5,-7.5,50.));
#2359=CARTESIAN_POINT('Origin',(-26.1666666666667,-7.5,23.4958074595316));
#2360=CARTESIAN_POINT('Origin',(-23.5,-7.5,13.8579192629976));
#2361=CARTESIAN_POINT('',(-36.,-7.5,13.8579192629976));
#2362=CARTESIAN_POINT('Origin',(-33.5,-7.5,13.8579192629976));
#2363=CARTESIAN_POINT('Origin',(-23.5,-7.5,13.8579192629976));
#2364=CARTESIAN_POINT('Origin',(-33.5,-7.5,8.99999999999999));
#2365=CARTESIAN_POINT('',(-36.,-7.5,-20.));
#2366=CARTESIAN_POINT('Origin',(-33.5,-7.5,-20.));
#2367=CARTESIAN_POINT('',(-36.,-7.5,8.99999999999999));
#2368=CARTESIAN_POINT('Origin',(-23.5,-7.5,-20.));
#2369=CARTESIAN_POINT('',(-23.5,-7.5,-32.5));
#2370=CARTESIAN_POINT('Origin',(-23.5,-7.5,-30.));
#2371=CARTESIAN_POINT('Origin',(-23.5,-7.5,-20.));
#2372=CARTESIAN_POINT('Origin',(18.,-7.5,-30.));
#2373=CARTESIAN_POINT('',(23.5,-7.5,-32.5));
#2374=CARTESIAN_POINT('Origin',(23.5,-7.5,-30.));
#2375=CARTESIAN_POINT('',(18.,-7.5,-32.5));
#2376=CARTESIAN_POINT('Origin',(23.5,-7.5,-20.));
#2377=CARTESIAN_POINT('',(36.,-7.5,-20.));
#2378=CARTESIAN_POINT('Origin',(33.5,-7.5,-20.));
#2379=CARTESIAN_POINT('Origin',(23.5,-7.5,-20.));
#2380=CARTESIAN_POINT('Origin',(33.5,-7.5,37.75));
#2381=CARTESIAN_POINT('',(36.,-7.5,13.8579192629976));
#2382=CARTESIAN_POINT('Origin',(33.5,-7.5,13.8579192629976));
#2383=CARTESIAN_POINT('',(36.,-7.5,37.75));
#2384=CARTESIAN_POINT('Origin',(23.5,-7.5,13.8579192629976));
#2385=CARTESIAN_POINT('Origin',(23.5,-7.5,13.8579192629976));
#2386=CARTESIAN_POINT('Origin',(-23.5,0.,-20.));
#2387=CARTESIAN_POINT('',(-36.,7.5,-20.));
#2388=CARTESIAN_POINT('',(-36.,0.,-20.));
#2389=CARTESIAN_POINT('',(-23.5,7.5,-32.5));
#2390=CARTESIAN_POINT('Origin',(-23.5,7.5,-20.));
#2391=CARTESIAN_POINT('',(-23.5,0.,-32.5));
#2392=CARTESIAN_POINT('Origin',(-36.,0.,-32.5));
#2393=CARTESIAN_POINT('',(-36.,7.5,13.8579192629976));
#2394=CARTESIAN_POINT('',(-36.,0.,13.8579192629976));
#2395=CARTESIAN_POINT('',(-36.,7.5,8.99999999999999));
#2396=CARTESIAN_POINT('Origin',(-23.5,0.,13.8579192629976));
#2397=CARTESIAN_POINT('',(-26.8333333333333,7.5,25.9052795086651));
#2398=CARTESIAN_POINT('',(-26.8333333333333,0.,25.9052795086651));
#2399=CARTESIAN_POINT('Origin',(-23.5,7.5,13.8579192629976));
#2400=CARTESIAN_POINT('Origin',(-33.5,0.,50.));
#2401=CARTESIAN_POINT('',(-8.5,7.5,50.));
#2402=CARTESIAN_POINT('',(-8.5,0.,50.));
#2403=CARTESIAN_POINT('Origin',(-33.5,7.5,50.));
#2404=CARTESIAN_POINT('Origin',(-8.5,0.,50.));
#2405=CARTESIAN_POINT('',(-8.5,7.5,125.));
#2406=CARTESIAN_POINT('',(-8.5,0.,125.));
#2407=CARTESIAN_POINT('',(-8.5,7.5,50.25));
#2408=CARTESIAN_POINT('Origin',(0.,0.,125.));
#2409=CARTESIAN_POINT('',(8.5,0.,125.));
#2410=CARTESIAN_POINT('Origin',(0.,7.5,125.));
#2411=CARTESIAN_POINT('Origin',(23.5,7.5,13.8579192629976));
#2412=CARTESIAN_POINT('',(36.,7.5,13.8579192629976));
#2413=CARTESIAN_POINT('',(33.5,10.,13.8579192629976));
#2414=CARTESIAN_POINT('Origin',(33.5,7.5,13.8579192629976));
#2415=CARTESIAN_POINT('Origin',(23.5,10.,13.8579192629976));
#2416=CARTESIAN_POINT('Origin',(23.5,7.5,13.8579192629976));
#2417=CARTESIAN_POINT('Origin',(0.,7.5,125.));
#2418=CARTESIAN_POINT('Origin',(-6.,7.5,125.));
#2419=CARTESIAN_POINT('Origin',(-6.,7.5,50.25));
#2420=CARTESIAN_POINT('Origin',(-6.,7.5,50.));
#2421=CARTESIAN_POINT('Origin',(-33.5,7.5,50.));
#2422=CARTESIAN_POINT('',(-26.1666666666667,10.,23.4958074595316));
#2423=CARTESIAN_POINT('Origin',(-33.5,10.,50.));
#2424=CARTESIAN_POINT('Origin',(-26.1666666666667,7.5,23.4958074595316));
#2425=CARTESIAN_POINT('Origin',(-23.5,7.5,13.8579192629976));
#2426=CARTESIAN_POINT('',(-33.5,10.,13.8579192629976));
#2427=CARTESIAN_POINT('Origin',(-33.5,7.5,13.8579192629976));
#2428=CARTESIAN_POINT('Origin',(-23.5,10.,13.8579192629976));
#2429=CARTESIAN_POINT('Origin',(-33.5,7.5,8.99999999999999));
#2430=CARTESIAN_POINT('',(-33.5,10.,-20.));
#2431=CARTESIAN_POINT('Origin',(-33.5,7.5,-20.));
#2432=CARTESIAN_POINT('',(-33.5,10.,8.99999999999999));
#2433=CARTESIAN_POINT('Origin',(-23.5,7.5,-20.));
#2434=CARTESIAN_POINT('',(-23.5,10.,-30.));
#2435=CARTESIAN_POINT('Origin',(-23.5,7.5,-30.));
#2436=CARTESIAN_POINT('Origin',(-23.5,10.,-20.));
#2437=CARTESIAN_POINT('Origin',(18.,7.5,-30.));
#2438=CARTESIAN_POINT('',(23.5,10.,-30.));
#2439=CARTESIAN_POINT('',(23.5,7.5,-32.5));
#2440=CARTESIAN_POINT('Origin',(23.5,7.5,-30.));
#2441=CARTESIAN_POINT('',(18.,7.5,-32.5));
#2442=CARTESIAN_POINT('',(18.,10.,-30.));
#2443=CARTESIAN_POINT('Origin',(23.5,7.5,-20.));
#2444=CARTESIAN_POINT('',(33.5,10.,-20.));
#2445=CARTESIAN_POINT('',(36.,7.5,-20.));
#2446=CARTESIAN_POINT('Origin',(33.5,7.5,-20.));
#2447=CARTESIAN_POINT('Origin',(23.5,7.5,-20.));
#2448=CARTESIAN_POINT('Origin',(23.5,10.,-20.));
#2449=CARTESIAN_POINT('Origin',(33.5,7.5,37.75));
#2450=CARTESIAN_POINT('',(33.5,10.,37.75));
#2451=CARTESIAN_POINT('',(36.,7.5,37.75));
#2452=CARTESIAN_POINT('Origin',(36.,0.,-32.5));
#2453=CARTESIAN_POINT('',(23.5,0.,-32.5));
#2454=CARTESIAN_POINT('Origin',(23.5,0.,-20.));
#2455=CARTESIAN_POINT('',(36.,0.,-20.));
#2456=CARTESIAN_POINT('Origin',(36.,0.,25.));
#2457=CARTESIAN_POINT('',(36.,0.,13.8579192629976));
#2458=CARTESIAN_POINT('Origin',(23.5,0.,13.8579192629976));
#2459=CARTESIAN_POINT('',(26.8333333333333,0.,25.9052795086651));
#2460=CARTESIAN_POINT('Origin',(0.,10.,50.5));
#2461=CARTESIAN_POINT('',(-22.5,10.,4.44089209850063E-15));
#2462=CARTESIAN_POINT('Origin',(0.,10.,0.));
#2463=CARTESIAN_POINT('Origin',(0.,0.,0.));
#2464=CARTESIAN_POINT('',(-22.5,0.,2.75545529808154E-15));
#2465=CARTESIAN_POINT('Origin',(0.,0.,125.));
#2466=CARTESIAN_POINT('',(-5.,0.,125.));
#2467=CARTESIAN_POINT('Origin',(33.5,0.,50.));
#2468=CARTESIAN_POINT('',(8.5,0.,50.));
#2469=CARTESIAN_POINT('Origin',(8.5,0.,125.));
#2470=UNCERTAINTY_MEASURE_WITH_UNIT(LENGTH_MEASURE(0.01),#2474,
'DISTANCE_ACCURACY_VALUE',
'Maximum model space distance between geometric entities at asserted c
onnectivities');
#2471=UNCERTAINTY_MEASURE_WITH_UNIT(LENGTH_MEASURE(0.01),#2474,
'DISTANCE_ACCURACY_VALUE',
'Maximum model space distance between geometric entities at asserted c
onnectivities');
#2472=(
GEOMETRIC_REPRESENTATION_CONTEXT(3)
GLOBAL_UNCERTAINTY_ASSIGNED_CONTEXT((#2470))
GLOBAL_UNIT_ASSIGNED_CONTEXT((#2474,#2476,#2477))
REPRESENTATION_CONTEXT('','3D')
);
#2473=(
GEOMETRIC_REPRESENTATION_CONTEXT(3)
GLOBAL_UNCERTAINTY_ASSIGNED_CONTEXT((#2471))
GLOBAL_UNIT_ASSIGNED_CONTEXT((#2474,#2476,#2477))
REPRESENTATION_CONTEXT('','3D')
);
#2474=(
LENGTH_UNIT()
NAMED_UNIT(*)
SI_UNIT(.MILLI.,.METRE.)
);
#2475=(
LENGTH_UNIT()
NAMED_UNIT(*)
SI_UNIT($,.METRE.)
);
#2476=(
NAMED_UNIT(*)
PLANE_ANGLE_UNIT()
SI_UNIT($,.RADIAN.)
);
#2477=(
NAMED_UNIT(*)
SI_UNIT($,.STERADIAN.)
SOLID_ANGLE_UNIT()
);
#2478=SHAPE_DEFINITION_REPRESENTATION(#2479,#2480);
#2479=PRODUCT_DEFINITION_SHAPE('',$,#2482);
#2480=SHAPE_REPRESENTATION('',(#1254),#2472);
#2481=PRODUCT_DEFINITION_CONTEXT('part definition',#2486,'design');
#2482=PRODUCT_DEFINITION('Connecting Rod','Connecting Rod',#2483,#2481);
#2483=PRODUCT_DEFINITION_FORMATION('',$,#2488);
#2484=PRODUCT_RELATED_PRODUCT_CATEGORY('Connecting Rod',
'Connecting Rod',(#2488));
#2485=APPLICATION_PROTOCOL_DEFINITION('international standard',
'automotive_design',2009,#2486);
#2486=APPLICATION_CONTEXT(
'Core Data for Automotive Mechanical Design Process');
#2487=PRODUCT_CONTEXT('part definition',#2486,'mechanical');
#2488=PRODUCT('Connecting Rod','Connecting Rod',$,(#2487));
#2489=PRESENTATION_STYLE_ASSIGNMENT((#2490));
#2490=SURFACE_STYLE_USAGE(.BOTH.,#2491);
#2491=SURFACE_SIDE_STYLE('',(#2492));
#2492=SURFACE_STYLE_FILL_AREA(#2493);
#2493=FILL_AREA_STYLE('Steel - Satin',(#2494));
#2494=FILL_AREA_STYLE_COLOUR('Steel - Satin',#2495);
#2495=COLOUR_RGB('Steel - Satin',0.627450980392157,0.627450980392157,0.627450980392157);
ENDSEC;
END-ISO-10303-21;
