ISO-10303-21;
HEADER;
/* Generated by software containing ST-Developer
 * from STEP Tools, Inc. (www.steptools.com) 
 */

FILE_DESCRIPTION(
/* description */ (''),
/* implementation_level */ '2;1');

FILE_NAME(
/* name */ 'crankshaft.step',
/* time_stamp */ '2026-08-18T13:53:46-04:00',
/* author */ (''),
/* organization */ (''),
/* preprocessor_version */ 'ST-DEVELOPER v20.1',
/* originating_system */ 'Autodesk Translation Framework v15.8.0.0',
/* authorisation */ '');

FILE_SCHEMA (('AUTOMOTIVE_DESIGN { 1 0 10303 214 3 1 1 }'));
ENDSEC;

DATA;
#10=MECHANICAL_DESIGN_GEOMETRIC_PRESENTATION_REPRESENTATION('',(#13),#7254);
#11=SHAPE_REPRESENTATION_RELATIONSHIP('SRR','None',#7261,#12);
#12=ADVANCED_BREP_SHAPE_REPRESENTATION('',(#14),#7253);
#13=STYLED_ITEM('',(#7270),#14);
#14=MANIFOLD_SOLID_BREP('Body4',#3866);
#15=FACE_BOUND('',#810,.T.);
#16=FACE_BOUND('',#813,.T.);
#17=FACE_BOUND('',#828,.T.);
#18=FACE_BOUND('',#844,.T.);
#19=FACE_BOUND('',#847,.T.);
#20=FACE_BOUND('',#862,.T.);
#21=FACE_BOUND('',#879,.T.);
#22=FACE_BOUND('',#882,.T.);
#23=FACE_BOUND('',#898,.T.);
#24=FACE_BOUND('',#914,.T.);
#25=FACE_BOUND('',#917,.T.);
#26=FACE_BOUND('',#932,.T.);
#27=FACE_BOUND('',#949,.T.);
#28=FACE_BOUND('',#952,.T.);
#29=FACE_BOUND('',#968,.T.);
#30=FACE_BOUND('',#984,.T.);
#31=FACE_BOUND('',#987,.T.);
#32=FACE_BOUND('',#1003,.T.);
#33=FACE_BOUND('',#1020,.T.);
#34=FACE_BOUND('',#1023,.T.);
#35=FACE_BOUND('',#1039,.T.);
#36=FACE_BOUND('',#1055,.T.);
#37=FACE_BOUND('',#1058,.T.);
#38=FACE_BOUND('',#1074,.T.);
#39=TOROIDAL_SURFACE('',#3885,26.5,1.5);
#40=TOROIDAL_SURFACE('',#3900,23.5,1.5);
#41=TOROIDAL_SURFACE('',#3905,21.5,1.5);
#42=TOROIDAL_SURFACE('',#3909,32.5,2.5);
#43=TOROIDAL_SURFACE('',#3914,22.5,2.5);
#44=TOROIDAL_SURFACE('',#3918,52.5,2.5);
#45=TOROIDAL_SURFACE('',#3922,22.5,2.5);
#46=TOROIDAL_SURFACE('',#3926,32.5,2.5);
#47=TOROIDAL_SURFACE('',#3932,32.5,2.5);
#48=TOROIDAL_SURFACE('',#3949,32.5,2.5);
#49=TOROIDAL_SURFACE('',#3952,22.5,2.5);
#50=TOROIDAL_SURFACE('',#3954,52.5,2.5);
#51=TOROIDAL_SURFACE('',#3956,22.5,2.5);
#52=TOROIDAL_SURFACE('',#3958,32.5,2.5);
#53=TOROIDAL_SURFACE('',#3962,32.5,2.5);
#54=TOROIDAL_SURFACE('',#3968,26.5,1.5);
#55=TOROIDAL_SURFACE('',#3983,23.5,1.5);
#56=TOROIDAL_SURFACE('',#3988,21.5,1.5);
#57=TOROIDAL_SURFACE('',#3992,32.5,2.5);
#58=TOROIDAL_SURFACE('',#3997,22.5,2.5);
#59=TOROIDAL_SURFACE('',#4001,52.5,2.5);
#60=TOROIDAL_SURFACE('',#4005,22.5,2.5);
#61=TOROIDAL_SURFACE('',#4009,32.5,2.5);
#62=TOROIDAL_SURFACE('',#4015,32.5,2.5);
#63=TOROIDAL_SURFACE('',#4032,32.5,2.5);
#64=TOROIDAL_SURFACE('',#4035,22.5,2.5);
#65=TOROIDAL_SURFACE('',#4037,52.5,2.5);
#66=TOROIDAL_SURFACE('',#4039,22.5,2.5);
#67=TOROIDAL_SURFACE('',#4041,32.5,2.5);
#68=TOROIDAL_SURFACE('',#4045,32.5,2.5);
#69=TOROIDAL_SURFACE('',#4054,26.5,1.5);
#70=TOROIDAL_SURFACE('',#4069,23.5,1.5);
#71=TOROIDAL_SURFACE('',#4074,21.5,1.5);
#72=TOROIDAL_SURFACE('',#4079,32.5,2.5);
#73=TOROIDAL_SURFACE('',#4084,22.5,2.5);
#74=TOROIDAL_SURFACE('',#4088,52.5,2.5);
#75=TOROIDAL_SURFACE('',#4092,22.5,2.5);
#76=TOROIDAL_SURFACE('',#4096,32.5,2.5);
#77=TOROIDAL_SURFACE('',#4102,32.5,2.5);
#78=TOROIDAL_SURFACE('',#4119,32.5,2.5);
#79=TOROIDAL_SURFACE('',#4122,22.5,2.5);
#80=TOROIDAL_SURFACE('',#4124,52.5,2.5);
#81=TOROIDAL_SURFACE('',#4126,22.5,2.5);
#82=TOROIDAL_SURFACE('',#4128,32.5,2.5);
#83=TOROIDAL_SURFACE('',#4132,32.5,2.5);
#84=TOROIDAL_SURFACE('',#4138,26.5,1.5);
#85=TOROIDAL_SURFACE('',#4153,23.5,1.5);
#86=TOROIDAL_SURFACE('',#4158,21.5,1.5);
#87=TOROIDAL_SURFACE('',#4162,32.5,2.5);
#88=TOROIDAL_SURFACE('',#4167,22.5,2.5);
#89=TOROIDAL_SURFACE('',#4171,52.5,2.5);
#90=TOROIDAL_SURFACE('',#4175,22.5,2.5);
#91=TOROIDAL_SURFACE('',#4179,32.5,2.5);
#92=TOROIDAL_SURFACE('',#4185,32.5,2.5);
#93=TOROIDAL_SURFACE('',#4202,32.5,2.5);
#94=TOROIDAL_SURFACE('',#4205,22.5,2.5);
#95=TOROIDAL_SURFACE('',#4207,52.5,2.5);
#96=TOROIDAL_SURFACE('',#4209,22.5,2.5);
#97=TOROIDAL_SURFACE('',#4211,32.5,2.5);
#98=TOROIDAL_SURFACE('',#4215,32.5,2.5);
#99=TOROIDAL_SURFACE('',#4224,26.5,1.5);
#100=TOROIDAL_SURFACE('',#4239,23.5,1.5);
#101=TOROIDAL_SURFACE('',#4244,21.5,1.5);
#102=TOROIDAL_SURFACE('',#4249,32.5,2.5);
#103=TOROIDAL_SURFACE('',#4254,22.5,2.5);
#104=TOROIDAL_SURFACE('',#4258,52.5,2.5);
#105=TOROIDAL_SURFACE('',#4262,22.5,2.5);
#106=TOROIDAL_SURFACE('',#4266,32.5,2.5);
#107=TOROIDAL_SURFACE('',#4272,32.5,2.5);
#108=TOROIDAL_SURFACE('',#4289,32.5,2.5);
#109=TOROIDAL_SURFACE('',#4292,22.5,2.5);
#110=TOROIDAL_SURFACE('',#4294,52.5,2.5);
#111=TOROIDAL_SURFACE('',#4296,22.5,2.5);
#112=TOROIDAL_SURFACE('',#4298,32.5,2.5);
#113=TOROIDAL_SURFACE('',#4302,32.5,2.5);
#114=TOROIDAL_SURFACE('',#4308,26.5,1.5);
#115=TOROIDAL_SURFACE('',#4323,23.5,1.5);
#116=TOROIDAL_SURFACE('',#4328,21.5,1.5);
#117=TOROIDAL_SURFACE('',#4333,32.5,2.5);
#118=TOROIDAL_SURFACE('',#4338,22.5,2.5);
#119=TOROIDAL_SURFACE('',#4342,52.5,2.5);
#120=TOROIDAL_SURFACE('',#4346,22.5,2.5);
#121=TOROIDAL_SURFACE('',#4350,32.5,2.5);
#122=TOROIDAL_SURFACE('',#4356,32.5,2.5);
#123=TOROIDAL_SURFACE('',#4373,32.5,2.5);
#124=TOROIDAL_SURFACE('',#4376,22.5,2.5);
#125=TOROIDAL_SURFACE('',#4378,52.5,2.5);
#126=TOROIDAL_SURFACE('',#4380,22.5,2.5);
#127=TOROIDAL_SURFACE('',#4382,32.5,2.5);
#128=TOROIDAL_SURFACE('',#4386,32.5,2.5);
#129=TOROIDAL_SURFACE('',#4395,26.5,1.5);
#130=TOROIDAL_SURFACE('',#4410,23.5,1.5);
#131=TOROIDAL_SURFACE('',#4415,21.5,1.5);
#132=TOROIDAL_SURFACE('',#4420,32.5,2.5);
#133=TOROIDAL_SURFACE('',#4425,22.5,2.5);
#134=TOROIDAL_SURFACE('',#4429,52.5,2.5);
#135=TOROIDAL_SURFACE('',#4433,22.5,2.5);
#136=TOROIDAL_SURFACE('',#4437,32.5,2.5);
#137=TOROIDAL_SURFACE('',#4443,32.5,2.5);
#138=TOROIDAL_SURFACE('',#4460,32.5,2.5);
#139=TOROIDAL_SURFACE('',#4463,22.5,2.5);
#140=TOROIDAL_SURFACE('',#4465,52.5,2.5);
#141=TOROIDAL_SURFACE('',#4467,22.5,2.5);
#142=TOROIDAL_SURFACE('',#4469,32.5,2.5);
#143=TOROIDAL_SURFACE('',#4473,32.5,2.5);
#144=TOROIDAL_SURFACE('',#4479,26.5,1.5);
#145=TOROIDAL_SURFACE('',#4494,23.5,1.5);
#146=TOROIDAL_SURFACE('',#4499,21.5,1.5);
#147=TOROIDAL_SURFACE('',#4505,32.5,2.5);
#148=TOROIDAL_SURFACE('',#4510,22.5,2.5);
#149=TOROIDAL_SURFACE('',#4514,52.5,2.5);
#150=TOROIDAL_SURFACE('',#4518,22.5,2.5);
#151=TOROIDAL_SURFACE('',#4522,32.5,2.5);
#152=TOROIDAL_SURFACE('',#4528,32.5,2.5);
#153=TOROIDAL_SURFACE('',#4545,32.5,2.5);
#154=TOROIDAL_SURFACE('',#4548,22.5,2.5);
#155=TOROIDAL_SURFACE('',#4550,52.5,2.5);
#156=TOROIDAL_SURFACE('',#4552,22.5,2.5);
#157=TOROIDAL_SURFACE('',#4554,32.5,2.5);
#158=TOROIDAL_SURFACE('',#4558,32.5,2.5);
#159=LINE('',#6090,#304);
#160=LINE('',#6105,#305);
#161=LINE('',#6109,#306);
#162=LINE('',#6113,#307);
#163=LINE('',#6173,#308);
#164=LINE('',#6174,#309);
#165=LINE('',#6182,#310);
#166=LINE('',#6183,#311);
#167=LINE('',#6186,#312);
#168=LINE('',#6189,#313);
#169=LINE('',#6193,#314);
#170=LINE('',#6197,#315);
#171=LINE('',#6201,#316);
#172=LINE('',#6208,#317);
#173=LINE('',#6223,#318);
#174=LINE('',#6227,#319);
#175=LINE('',#6229,#320);
#176=LINE('',#6231,#321);
#177=LINE('',#6245,#322);
#178=LINE('',#6250,#323);
#179=LINE('',#6262,#324);
#180=LINE('',#6314,#325);
#181=LINE('',#6315,#326);
#182=LINE('',#6323,#327);
#183=LINE('',#6324,#328);
#184=LINE('',#6327,#329);
#185=LINE('',#6330,#330);
#186=LINE('',#6333,#331);
#187=LINE('',#6337,#332);
#188=LINE('',#6341,#333);
#189=LINE('',#6348,#334);
#190=LINE('',#6364,#335);
#191=LINE('',#6368,#336);
#192=LINE('',#6370,#337);
#193=LINE('',#6372,#338);
#194=LINE('',#6378,#339);
#195=LINE('',#6393,#340);
#196=LINE('',#6397,#341);
#197=LINE('',#6401,#342);
#198=LINE('',#6425,#343);
#199=LINE('',#6463,#344);
#200=LINE('',#6464,#345);
#201=LINE('',#6472,#346);
#202=LINE('',#6473,#347);
#203=LINE('',#6476,#348);
#204=LINE('',#6479,#349);
#205=LINE('',#6483,#350);
#206=LINE('',#6487,#351);
#207=LINE('',#6491,#352);
#208=LINE('',#6498,#353);
#209=LINE('',#6513,#354);
#210=LINE('',#6517,#355);
#211=LINE('',#6519,#356);
#212=LINE('',#6521,#357);
#213=LINE('',#6535,#358);
#214=LINE('',#6540,#359);
#215=LINE('',#6552,#360);
#216=LINE('',#6604,#361);
#217=LINE('',#6605,#362);
#218=LINE('',#6613,#363);
#219=LINE('',#6614,#364);
#220=LINE('',#6617,#365);
#221=LINE('',#6620,#366);
#222=LINE('',#6623,#367);
#223=LINE('',#6627,#368);
#224=LINE('',#6631,#369);
#225=LINE('',#6638,#370);
#226=LINE('',#6654,#371);
#227=LINE('',#6658,#372);
#228=LINE('',#6660,#373);
#229=LINE('',#6662,#374);
#230=LINE('',#6668,#375);
#231=LINE('',#6683,#376);
#232=LINE('',#6687,#377);
#233=LINE('',#6691,#378);
#234=LINE('',#6715,#379);
#235=LINE('',#6753,#380);
#236=LINE('',#6754,#381);
#237=LINE('',#6762,#382);
#238=LINE('',#6763,#383);
#239=LINE('',#6766,#384);
#240=LINE('',#6769,#385);
#241=LINE('',#6773,#386);
#242=LINE('',#6777,#387);
#243=LINE('',#6781,#388);
#244=LINE('',#6788,#389);
#245=LINE('',#6803,#390);
#246=LINE('',#6807,#391);
#247=LINE('',#6809,#392);
#248=LINE('',#6811,#393);
#249=LINE('',#6825,#394);
#250=LINE('',#6830,#395);
#251=LINE('',#6842,#396);
#252=LINE('',#6858,#397);
#253=LINE('',#6896,#398);
#254=LINE('',#6897,#399);
#255=LINE('',#6905,#400);
#256=LINE('',#6906,#401);
#257=LINE('',#6909,#402);
#258=LINE('',#6912,#403);
#259=LINE('',#6915,#404);
#260=LINE('',#6919,#405);
#261=LINE('',#6923,#406);
#262=LINE('',#6930,#407);
#263=LINE('',#6946,#408);
#264=LINE('',#6950,#409);
#265=LINE('',#6952,#410);
#266=LINE('',#6954,#411);
#267=LINE('',#6960,#412);
#268=LINE('',#6975,#413);
#269=LINE('',#6979,#414);
#270=LINE('',#6983,#415);
#271=LINE('',#7007,#416);
#272=LINE('',#7045,#417);
#273=LINE('',#7046,#418);
#274=LINE('',#7054,#419);
#275=LINE('',#7055,#420);
#276=LINE('',#7058,#421);
#277=LINE('',#7061,#422);
#278=LINE('',#7065,#423);
#279=LINE('',#7069,#424);
#280=LINE('',#7073,#425);
#281=LINE('',#7080,#426);
#282=LINE('',#7095,#427);
#283=LINE('',#7099,#428);
#284=LINE('',#7101,#429);
#285=LINE('',#7103,#430);
#286=LINE('',#7117,#431);
#287=LINE('',#7122,#432);
#288=LINE('',#7134,#433);
#289=LINE('',#7152,#434);
#290=LINE('',#7190,#435);
#291=LINE('',#7191,#436);
#292=LINE('',#7199,#437);
#293=LINE('',#7200,#438);
#294=LINE('',#7203,#439);
#295=LINE('',#7206,#440);
#296=LINE('',#7209,#441);
#297=LINE('',#7213,#442);
#298=LINE('',#7217,#443);
#299=LINE('',#7224,#444);
#300=LINE('',#7240,#445);
#301=LINE('',#7244,#446);
#302=LINE('',#7246,#447);
#303=LINE('',#7249,#448);
#304=VECTOR('',#4575,22.5);
#305=VECTOR('',#4594,25.);
#306=VECTOR('',#4597,10.);
#307=VECTOR('',#4600,10.);
#308=VECTOR('',#4675,10.);
#309=VECTOR('',#4676,10.);
#310=VECTOR('',#4687,10.);
#311=VECTOR('',#4688,10.);
#312=VECTOR('',#4691,10.);
#313=VECTOR('',#4694,10.);
#314=VECTOR('',#4699,10.);
#315=VECTOR('',#4704,10.);
#316=VECTOR('',#4709,30.);
#317=VECTOR('',#4718,10.);
#318=VECTOR('',#4745,10.);
#319=VECTOR('',#4752,30.);
#320=VECTOR('',#4755,10.);
#321=VECTOR('',#4758,10.);
#322=VECTOR('',#4775,25.);
#323=VECTOR('',#4780,10.);
#324=VECTOR('',#4791,10.);
#325=VECTOR('',#4858,10.);
#326=VECTOR('',#4859,10.);
#327=VECTOR('',#4870,10.);
#328=VECTOR('',#4871,10.);
#329=VECTOR('',#4874,10.);
#330=VECTOR('',#4877,10.);
#331=VECTOR('',#4880,10.);
#332=VECTOR('',#4885,10.);
#333=VECTOR('',#4890,30.);
#334=VECTOR('',#4899,10.);
#335=VECTOR('',#4928,10.);
#336=VECTOR('',#4935,30.);
#337=VECTOR('',#4938,10.);
#338=VECTOR('',#4941,10.);
#339=VECTOR('',#4948,22.5);
#340=VECTOR('',#4967,25.);
#341=VECTOR('',#4970,10.);
#342=VECTOR('',#4973,10.);
#343=VECTOR('',#5004,20.);
#344=VECTOR('',#5051,10.);
#345=VECTOR('',#5052,10.);
#346=VECTOR('',#5063,10.);
#347=VECTOR('',#5064,10.);
#348=VECTOR('',#5067,10.);
#349=VECTOR('',#5070,10.);
#350=VECTOR('',#5075,10.);
#351=VECTOR('',#5080,10.);
#352=VECTOR('',#5085,30.);
#353=VECTOR('',#5094,10.);
#354=VECTOR('',#5121,10.);
#355=VECTOR('',#5128,30.);
#356=VECTOR('',#5131,10.);
#357=VECTOR('',#5134,10.);
#358=VECTOR('',#5151,25.);
#359=VECTOR('',#5156,10.);
#360=VECTOR('',#5167,10.);
#361=VECTOR('',#5234,10.);
#362=VECTOR('',#5235,10.);
#363=VECTOR('',#5246,10.);
#364=VECTOR('',#5247,10.);
#365=VECTOR('',#5250,10.);
#366=VECTOR('',#5253,10.);
#367=VECTOR('',#5256,10.);
#368=VECTOR('',#5261,10.);
#369=VECTOR('',#5266,30.);
#370=VECTOR('',#5275,10.);
#371=VECTOR('',#5304,10.);
#372=VECTOR('',#5311,30.);
#373=VECTOR('',#5314,10.);
#374=VECTOR('',#5317,10.);
#375=VECTOR('',#5324,22.5);
#376=VECTOR('',#5343,25.);
#377=VECTOR('',#5346,10.);
#378=VECTOR('',#5349,10.);
#379=VECTOR('',#5380,20.);
#380=VECTOR('',#5427,10.);
#381=VECTOR('',#5428,10.);
#382=VECTOR('',#5439,10.);
#383=VECTOR('',#5440,10.);
#384=VECTOR('',#5443,10.);
#385=VECTOR('',#5446,10.);
#386=VECTOR('',#5451,10.);
#387=VECTOR('',#5456,10.);
#388=VECTOR('',#5461,30.);
#389=VECTOR('',#5470,10.);
#390=VECTOR('',#5497,10.);
#391=VECTOR('',#5504,30.);
#392=VECTOR('',#5507,10.);
#393=VECTOR('',#5510,10.);
#394=VECTOR('',#5527,25.);
#395=VECTOR('',#5532,10.);
#396=VECTOR('',#5543,10.);
#397=VECTOR('',#5566,20.);
#398=VECTOR('',#5613,10.);
#399=VECTOR('',#5614,10.);
#400=VECTOR('',#5625,10.);
#401=VECTOR('',#5626,10.);
#402=VECTOR('',#5629,10.);
#403=VECTOR('',#5632,10.);
#404=VECTOR('',#5635,10.);
#405=VECTOR('',#5640,10.);
#406=VECTOR('',#5645,30.);
#407=VECTOR('',#5654,10.);
#408=VECTOR('',#5683,10.);
#409=VECTOR('',#5690,30.);
#410=VECTOR('',#5693,10.);
#411=VECTOR('',#5696,10.);
#412=VECTOR('',#5703,22.5);
#413=VECTOR('',#5722,25.);
#414=VECTOR('',#5725,10.);
#415=VECTOR('',#5728,10.);
#416=VECTOR('',#5759,20.);
#417=VECTOR('',#5806,10.);
#418=VECTOR('',#5807,10.);
#419=VECTOR('',#5818,10.);
#420=VECTOR('',#5819,10.);
#421=VECTOR('',#5822,10.);
#422=VECTOR('',#5825,10.);
#423=VECTOR('',#5830,10.);
#424=VECTOR('',#5835,10.);
#425=VECTOR('',#5840,30.);
#426=VECTOR('',#5849,10.);
#427=VECTOR('',#5876,10.);
#428=VECTOR('',#5883,30.);
#429=VECTOR('',#5886,10.);
#430=VECTOR('',#5889,10.);
#431=VECTOR('',#5906,25.);
#432=VECTOR('',#5911,10.);
#433=VECTOR('',#5922,10.);
#434=VECTOR('',#5947,20.);
#435=VECTOR('',#5994,10.);
#436=VECTOR('',#5995,10.);
#437=VECTOR('',#6006,10.);
#438=VECTOR('',#6007,10.);
#439=VECTOR('',#6010,10.);
#440=VECTOR('',#6013,10.);
#441=VECTOR('',#6016,10.);
#442=VECTOR('',#6021,10.);
#443=VECTOR('',#6026,30.);
#444=VECTOR('',#6035,10.);
#445=VECTOR('',#6064,10.);
#446=VECTOR('',#6071,30.);
#447=VECTOR('',#6074,10.);
#448=VECTOR('',#6079,10.);
#449=CYLINDRICAL_SURFACE('',#3882,22.5);
#450=CYLINDRICAL_SURFACE('',#3890,25.);
#451=CYLINDRICAL_SURFACE('',#3930,2.5);
#452=CYLINDRICAL_SURFACE('',#3936,2.5);
#453=CYLINDRICAL_SURFACE('',#3937,25.);
#454=CYLINDRICAL_SURFACE('',#3939,55.);
#455=CYLINDRICAL_SURFACE('',#3941,25.);
#456=CYLINDRICAL_SURFACE('',#3943,30.);
#457=CYLINDRICAL_SURFACE('',#3946,2.5);
#458=CYLINDRICAL_SURFACE('',#3960,2.5);
#459=CYLINDRICAL_SURFACE('',#3964,30.);
#460=CYLINDRICAL_SURFACE('',#3967,35.);
#461=CYLINDRICAL_SURFACE('',#3973,25.);
#462=CYLINDRICAL_SURFACE('',#4013,2.5);
#463=CYLINDRICAL_SURFACE('',#4019,2.5);
#464=CYLINDRICAL_SURFACE('',#4020,25.);
#465=CYLINDRICAL_SURFACE('',#4022,55.);
#466=CYLINDRICAL_SURFACE('',#4024,25.);
#467=CYLINDRICAL_SURFACE('',#4026,30.);
#468=CYLINDRICAL_SURFACE('',#4029,2.5);
#469=CYLINDRICAL_SURFACE('',#4043,2.5);
#470=CYLINDRICAL_SURFACE('',#4047,30.);
#471=CYLINDRICAL_SURFACE('',#4050,35.);
#472=CYLINDRICAL_SURFACE('',#4051,22.5);
#473=CYLINDRICAL_SURFACE('',#4059,25.);
#474=CYLINDRICAL_SURFACE('',#4078,20.);
#475=CYLINDRICAL_SURFACE('',#4100,2.5);
#476=CYLINDRICAL_SURFACE('',#4106,2.5);
#477=CYLINDRICAL_SURFACE('',#4107,25.);
#478=CYLINDRICAL_SURFACE('',#4109,55.);
#479=CYLINDRICAL_SURFACE('',#4111,25.);
#480=CYLINDRICAL_SURFACE('',#4113,30.);
#481=CYLINDRICAL_SURFACE('',#4116,2.5);
#482=CYLINDRICAL_SURFACE('',#4130,2.5);
#483=CYLINDRICAL_SURFACE('',#4134,30.);
#484=CYLINDRICAL_SURFACE('',#4137,35.);
#485=CYLINDRICAL_SURFACE('',#4143,25.);
#486=CYLINDRICAL_SURFACE('',#4183,2.5);
#487=CYLINDRICAL_SURFACE('',#4189,2.5);
#488=CYLINDRICAL_SURFACE('',#4190,25.);
#489=CYLINDRICAL_SURFACE('',#4192,55.);
#490=CYLINDRICAL_SURFACE('',#4194,25.);
#491=CYLINDRICAL_SURFACE('',#4196,30.);
#492=CYLINDRICAL_SURFACE('',#4199,2.5);
#493=CYLINDRICAL_SURFACE('',#4213,2.5);
#494=CYLINDRICAL_SURFACE('',#4217,30.);
#495=CYLINDRICAL_SURFACE('',#4220,35.);
#496=CYLINDRICAL_SURFACE('',#4221,22.5);
#497=CYLINDRICAL_SURFACE('',#4229,25.);
#498=CYLINDRICAL_SURFACE('',#4248,20.);
#499=CYLINDRICAL_SURFACE('',#4270,2.5);
#500=CYLINDRICAL_SURFACE('',#4276,2.5);
#501=CYLINDRICAL_SURFACE('',#4277,25.);
#502=CYLINDRICAL_SURFACE('',#4279,55.);
#503=CYLINDRICAL_SURFACE('',#4281,25.);
#504=CYLINDRICAL_SURFACE('',#4283,30.);
#505=CYLINDRICAL_SURFACE('',#4286,2.5);
#506=CYLINDRICAL_SURFACE('',#4300,2.5);
#507=CYLINDRICAL_SURFACE('',#4304,30.);
#508=CYLINDRICAL_SURFACE('',#4307,35.);
#509=CYLINDRICAL_SURFACE('',#4313,25.);
#510=CYLINDRICAL_SURFACE('',#4332,20.);
#511=CYLINDRICAL_SURFACE('',#4354,2.5);
#512=CYLINDRICAL_SURFACE('',#4360,2.5);
#513=CYLINDRICAL_SURFACE('',#4361,25.);
#514=CYLINDRICAL_SURFACE('',#4363,55.);
#515=CYLINDRICAL_SURFACE('',#4365,25.);
#516=CYLINDRICAL_SURFACE('',#4367,30.);
#517=CYLINDRICAL_SURFACE('',#4370,2.5);
#518=CYLINDRICAL_SURFACE('',#4384,2.5);
#519=CYLINDRICAL_SURFACE('',#4388,30.);
#520=CYLINDRICAL_SURFACE('',#4391,35.);
#521=CYLINDRICAL_SURFACE('',#4392,22.5);
#522=CYLINDRICAL_SURFACE('',#4400,25.);
#523=CYLINDRICAL_SURFACE('',#4419,20.);
#524=CYLINDRICAL_SURFACE('',#4441,2.5);
#525=CYLINDRICAL_SURFACE('',#4447,2.5);
#526=CYLINDRICAL_SURFACE('',#4448,25.);
#527=CYLINDRICAL_SURFACE('',#4450,55.);
#528=CYLINDRICAL_SURFACE('',#4452,25.);
#529=CYLINDRICAL_SURFACE('',#4454,30.);
#530=CYLINDRICAL_SURFACE('',#4457,2.5);
#531=CYLINDRICAL_SURFACE('',#4471,2.5);
#532=CYLINDRICAL_SURFACE('',#4475,30.);
#533=CYLINDRICAL_SURFACE('',#4478,35.);
#534=CYLINDRICAL_SURFACE('',#4484,25.);
#535=CYLINDRICAL_SURFACE('',#4503,20.);
#536=CYLINDRICAL_SURFACE('',#4526,2.5);
#537=CYLINDRICAL_SURFACE('',#4532,2.5);
#538=CYLINDRICAL_SURFACE('',#4533,25.);
#539=CYLINDRICAL_SURFACE('',#4535,55.);
#540=CYLINDRICAL_SURFACE('',#4537,25.);
#541=CYLINDRICAL_SURFACE('',#4539,30.);
#542=CYLINDRICAL_SURFACE('',#4542,2.5);
#543=CYLINDRICAL_SURFACE('',#4556,2.5);
#544=CYLINDRICAL_SURFACE('',#4560,30.);
#545=CYLINDRICAL_SURFACE('',#4564,35.);
#546=FACE_OUTER_BOUND('',#805,.T.);
#547=FACE_OUTER_BOUND('',#806,.T.);
#548=FACE_OUTER_BOUND('',#807,.T.);
#549=FACE_OUTER_BOUND('',#808,.T.);
#550=FACE_OUTER_BOUND('',#809,.T.);
#551=FACE_OUTER_BOUND('',#811,.T.);
#552=FACE_OUTER_BOUND('',#812,.T.);
#553=FACE_OUTER_BOUND('',#814,.T.);
#554=FACE_OUTER_BOUND('',#815,.T.);
#555=FACE_OUTER_BOUND('',#816,.T.);
#556=FACE_OUTER_BOUND('',#817,.T.);
#557=FACE_OUTER_BOUND('',#818,.T.);
#558=FACE_OUTER_BOUND('',#819,.T.);
#559=FACE_OUTER_BOUND('',#820,.T.);
#560=FACE_OUTER_BOUND('',#821,.T.);
#561=FACE_OUTER_BOUND('',#822,.T.);
#562=FACE_OUTER_BOUND('',#823,.T.);
#563=FACE_OUTER_BOUND('',#824,.T.);
#564=FACE_OUTER_BOUND('',#825,.T.);
#565=FACE_OUTER_BOUND('',#826,.T.);
#566=FACE_OUTER_BOUND('',#827,.T.);
#567=FACE_OUTER_BOUND('',#829,.T.);
#568=FACE_OUTER_BOUND('',#830,.T.);
#569=FACE_OUTER_BOUND('',#831,.T.);
#570=FACE_OUTER_BOUND('',#832,.T.);
#571=FACE_OUTER_BOUND('',#833,.T.);
#572=FACE_OUTER_BOUND('',#834,.T.);
#573=FACE_OUTER_BOUND('',#835,.T.);
#574=FACE_OUTER_BOUND('',#836,.T.);
#575=FACE_OUTER_BOUND('',#837,.T.);
#576=FACE_OUTER_BOUND('',#838,.T.);
#577=FACE_OUTER_BOUND('',#839,.T.);
#578=FACE_OUTER_BOUND('',#840,.T.);
#579=FACE_OUTER_BOUND('',#841,.T.);
#580=FACE_OUTER_BOUND('',#842,.T.);
#581=FACE_OUTER_BOUND('',#843,.T.);
#582=FACE_OUTER_BOUND('',#845,.T.);
#583=FACE_OUTER_BOUND('',#846,.T.);
#584=FACE_OUTER_BOUND('',#848,.T.);
#585=FACE_OUTER_BOUND('',#849,.T.);
#586=FACE_OUTER_BOUND('',#850,.T.);
#587=FACE_OUTER_BOUND('',#851,.T.);
#588=FACE_OUTER_BOUND('',#852,.T.);
#589=FACE_OUTER_BOUND('',#853,.T.);
#590=FACE_OUTER_BOUND('',#854,.T.);
#591=FACE_OUTER_BOUND('',#855,.T.);
#592=FACE_OUTER_BOUND('',#856,.T.);
#593=FACE_OUTER_BOUND('',#857,.T.);
#594=FACE_OUTER_BOUND('',#858,.T.);
#595=FACE_OUTER_BOUND('',#859,.T.);
#596=FACE_OUTER_BOUND('',#860,.T.);
#597=FACE_OUTER_BOUND('',#861,.T.);
#598=FACE_OUTER_BOUND('',#863,.T.);
#599=FACE_OUTER_BOUND('',#864,.T.);
#600=FACE_OUTER_BOUND('',#865,.T.);
#601=FACE_OUTER_BOUND('',#866,.T.);
#602=FACE_OUTER_BOUND('',#867,.T.);
#603=FACE_OUTER_BOUND('',#868,.T.);
#604=FACE_OUTER_BOUND('',#869,.T.);
#605=FACE_OUTER_BOUND('',#870,.T.);
#606=FACE_OUTER_BOUND('',#871,.T.);
#607=FACE_OUTER_BOUND('',#872,.T.);
#608=FACE_OUTER_BOUND('',#873,.T.);
#609=FACE_OUTER_BOUND('',#874,.T.);
#610=FACE_OUTER_BOUND('',#875,.T.);
#611=FACE_OUTER_BOUND('',#876,.T.);
#612=FACE_OUTER_BOUND('',#877,.T.);
#613=FACE_OUTER_BOUND('',#878,.T.);
#614=FACE_OUTER_BOUND('',#880,.T.);
#615=FACE_OUTER_BOUND('',#881,.T.);
#616=FACE_OUTER_BOUND('',#883,.T.);
#617=FACE_OUTER_BOUND('',#884,.T.);
#618=FACE_OUTER_BOUND('',#885,.T.);
#619=FACE_OUTER_BOUND('',#886,.T.);
#620=FACE_OUTER_BOUND('',#887,.T.);
#621=FACE_OUTER_BOUND('',#888,.T.);
#622=FACE_OUTER_BOUND('',#889,.T.);
#623=FACE_OUTER_BOUND('',#890,.T.);
#624=FACE_OUTER_BOUND('',#891,.T.);
#625=FACE_OUTER_BOUND('',#892,.T.);
#626=FACE_OUTER_BOUND('',#893,.T.);
#627=FACE_OUTER_BOUND('',#894,.T.);
#628=FACE_OUTER_BOUND('',#895,.T.);
#629=FACE_OUTER_BOUND('',#896,.T.);
#630=FACE_OUTER_BOUND('',#897,.T.);
#631=FACE_OUTER_BOUND('',#899,.T.);
#632=FACE_OUTER_BOUND('',#900,.T.);
#633=FACE_OUTER_BOUND('',#901,.T.);
#634=FACE_OUTER_BOUND('',#902,.T.);
#635=FACE_OUTER_BOUND('',#903,.T.);
#636=FACE_OUTER_BOUND('',#904,.T.);
#637=FACE_OUTER_BOUND('',#905,.T.);
#638=FACE_OUTER_BOUND('',#906,.T.);
#639=FACE_OUTER_BOUND('',#907,.T.);
#640=FACE_OUTER_BOUND('',#908,.T.);
#641=FACE_OUTER_BOUND('',#909,.T.);
#642=FACE_OUTER_BOUND('',#910,.T.);
#643=FACE_OUTER_BOUND('',#911,.T.);
#644=FACE_OUTER_BOUND('',#912,.T.);
#645=FACE_OUTER_BOUND('',#913,.T.);
#646=FACE_OUTER_BOUND('',#915,.T.);
#647=FACE_OUTER_BOUND('',#916,.T.);
#648=FACE_OUTER_BOUND('',#918,.T.);
#649=FACE_OUTER_BOUND('',#919,.T.);
#650=FACE_OUTER_BOUND('',#920,.T.);
#651=FACE_OUTER_BOUND('',#921,.T.);
#652=FACE_OUTER_BOUND('',#922,.T.);
#653=FACE_OUTER_BOUND('',#923,.T.);
#654=FACE_OUTER_BOUND('',#924,.T.);
#655=FACE_OUTER_BOUND('',#925,.T.);
#656=FACE_OUTER_BOUND('',#926,.T.);
#657=FACE_OUTER_BOUND('',#927,.T.);
#658=FACE_OUTER_BOUND('',#928,.T.);
#659=FACE_OUTER_BOUND('',#929,.T.);
#660=FACE_OUTER_BOUND('',#930,.T.);
#661=FACE_OUTER_BOUND('',#931,.T.);
#662=FACE_OUTER_BOUND('',#933,.T.);
#663=FACE_OUTER_BOUND('',#934,.T.);
#664=FACE_OUTER_BOUND('',#935,.T.);
#665=FACE_OUTER_BOUND('',#936,.T.);
#666=FACE_OUTER_BOUND('',#937,.T.);
#667=FACE_OUTER_BOUND('',#938,.T.);
#668=FACE_OUTER_BOUND('',#939,.T.);
#669=FACE_OUTER_BOUND('',#940,.T.);
#670=FACE_OUTER_BOUND('',#941,.T.);
#671=FACE_OUTER_BOUND('',#942,.T.);
#672=FACE_OUTER_BOUND('',#943,.T.);
#673=FACE_OUTER_BOUND('',#944,.T.);
#674=FACE_OUTER_BOUND('',#945,.T.);
#675=FACE_OUTER_BOUND('',#946,.T.);
#676=FACE_OUTER_BOUND('',#947,.T.);
#677=FACE_OUTER_BOUND('',#948,.T.);
#678=FACE_OUTER_BOUND('',#950,.T.);
#679=FACE_OUTER_BOUND('',#951,.T.);
#680=FACE_OUTER_BOUND('',#953,.T.);
#681=FACE_OUTER_BOUND('',#954,.T.);
#682=FACE_OUTER_BOUND('',#955,.T.);
#683=FACE_OUTER_BOUND('',#956,.T.);
#684=FACE_OUTER_BOUND('',#957,.T.);
#685=FACE_OUTER_BOUND('',#958,.T.);
#686=FACE_OUTER_BOUND('',#959,.T.);
#687=FACE_OUTER_BOUND('',#960,.T.);
#688=FACE_OUTER_BOUND('',#961,.T.);
#689=FACE_OUTER_BOUND('',#962,.T.);
#690=FACE_OUTER_BOUND('',#963,.T.);
#691=FACE_OUTER_BOUND('',#964,.T.);
#692=FACE_OUTER_BOUND('',#965,.T.);
#693=FACE_OUTER_BOUND('',#966,.T.);
#694=FACE_OUTER_BOUND('',#967,.T.);
#695=FACE_OUTER_BOUND('',#969,.T.);
#696=FACE_OUTER_BOUND('',#970,.T.);
#697=FACE_OUTER_BOUND('',#971,.T.);
#698=FACE_OUTER_BOUND('',#972,.T.);
#699=FACE_OUTER_BOUND('',#973,.T.);
#700=FACE_OUTER_BOUND('',#974,.T.);
#701=FACE_OUTER_BOUND('',#975,.T.);
#702=FACE_OUTER_BOUND('',#976,.T.);
#703=FACE_OUTER_BOUND('',#977,.T.);
#704=FACE_OUTER_BOUND('',#978,.T.);
#705=FACE_OUTER_BOUND('',#979,.T.);
#706=FACE_OUTER_BOUND('',#980,.T.);
#707=FACE_OUTER_BOUND('',#981,.T.);
#708=FACE_OUTER_BOUND('',#982,.T.);
#709=FACE_OUTER_BOUND('',#983,.T.);
#710=FACE_OUTER_BOUND('',#985,.T.);
#711=FACE_OUTER_BOUND('',#986,.T.);
#712=FACE_OUTER_BOUND('',#988,.T.);
#713=FACE_OUTER_BOUND('',#989,.T.);
#714=FACE_OUTER_BOUND('',#990,.T.);
#715=FACE_OUTER_BOUND('',#991,.T.);
#716=FACE_OUTER_BOUND('',#992,.T.);
#717=FACE_OUTER_BOUND('',#993,.T.);
#718=FACE_OUTER_BOUND('',#994,.T.);
#719=FACE_OUTER_BOUND('',#995,.T.);
#720=FACE_OUTER_BOUND('',#996,.T.);
#721=FACE_OUTER_BOUND('',#997,.T.);
#722=FACE_OUTER_BOUND('',#998,.T.);
#723=FACE_OUTER_BOUND('',#999,.T.);
#724=FACE_OUTER_BOUND('',#1000,.T.);
#725=FACE_OUTER_BOUND('',#1001,.T.);
#726=FACE_OUTER_BOUND('',#1002,.T.);
#727=FACE_OUTER_BOUND('',#1004,.T.);
#728=FACE_OUTER_BOUND('',#1005,.T.);
#729=FACE_OUTER_BOUND('',#1006,.T.);
#730=FACE_OUTER_BOUND('',#1007,.T.);
#731=FACE_OUTER_BOUND('',#1008,.T.);
#732=FACE_OUTER_BOUND('',#1009,.T.);
#733=FACE_OUTER_BOUND('',#1010,.T.);
#734=FACE_OUTER_BOUND('',#1011,.T.);
#735=FACE_OUTER_BOUND('',#1012,.T.);
#736=FACE_OUTER_BOUND('',#1013,.T.);
#737=FACE_OUTER_BOUND('',#1014,.T.);
#738=FACE_OUTER_BOUND('',#1015,.T.);
#739=FACE_OUTER_BOUND('',#1016,.T.);
#740=FACE_OUTER_BOUND('',#1017,.T.);
#741=FACE_OUTER_BOUND('',#1018,.T.);
#742=FACE_OUTER_BOUND('',#1019,.T.);
#743=FACE_OUTER_BOUND('',#1021,.T.);
#744=FACE_OUTER_BOUND('',#1022,.T.);
#745=FACE_OUTER_BOUND('',#1024,.T.);
#746=FACE_OUTER_BOUND('',#1025,.T.);
#747=FACE_OUTER_BOUND('',#1026,.T.);
#748=FACE_OUTER_BOUND('',#1027,.T.);
#749=FACE_OUTER_BOUND('',#1028,.T.);
#750=FACE_OUTER_BOUND('',#1029,.T.);
#751=FACE_OUTER_BOUND('',#1030,.T.);
#752=FACE_OUTER_BOUND('',#1031,.T.);
#753=FACE_OUTER_BOUND('',#1032,.T.);
#754=FACE_OUTER_BOUND('',#1033,.T.);
#755=FACE_OUTER_BOUND('',#1034,.T.);
#756=FACE_OUTER_BOUND('',#1035,.T.);
#757=FACE_OUTER_BOUND('',#1036,.T.);
#758=FACE_OUTER_BOUND('',#1037,.T.);
#759=FACE_OUTER_BOUND('',#1038,.T.);
#760=FACE_OUTER_BOUND('',#1040,.T.);
#761=FACE_OUTER_BOUND('',#1041,.T.);
#762=FACE_OUTER_BOUND('',#1042,.T.);
#763=FACE_OUTER_BOUND('',#1043,.T.);
#764=FACE_OUTER_BOUND('',#1044,.T.);
#765=FACE_OUTER_BOUND('',#1045,.T.);
#766=FACE_OUTER_BOUND('',#1046,.T.);
#767=FACE_OUTER_BOUND('',#1047,.T.);
#768=FACE_OUTER_BOUND('',#1048,.T.);
#769=FACE_OUTER_BOUND('',#1049,.T.);
#770=FACE_OUTER_BOUND('',#1050,.T.);
#771=FACE_OUTER_BOUND('',#1051,.T.);
#772=FACE_OUTER_BOUND('',#1052,.T.);
#773=FACE_OUTER_BOUND('',#1053,.T.);
#774=FACE_OUTER_BOUND('',#1054,.T.);
#775=FACE_OUTER_BOUND('',#1056,.T.);
#776=FACE_OUTER_BOUND('',#1057,.T.);
#777=FACE_OUTER_BOUND('',#1059,.T.);
#778=FACE_OUTER_BOUND('',#1060,.T.);
#779=FACE_OUTER_BOUND('',#1061,.T.);
#780=FACE_OUTER_BOUND('',#1062,.T.);
#781=FACE_OUTER_BOUND('',#1063,.T.);
#782=FACE_OUTER_BOUND('',#1064,.T.);
#783=FACE_OUTER_BOUND('',#1065,.T.);
#784=FACE_OUTER_BOUND('',#1066,.T.);
#785=FACE_OUTER_BOUND('',#1067,.T.);
#786=FACE_OUTER_BOUND('',#1068,.T.);
#787=FACE_OUTER_BOUND('',#1069,.T.);
#788=FACE_OUTER_BOUND('',#1070,.T.);
#789=FACE_OUTER_BOUND('',#1071,.T.);
#790=FACE_OUTER_BOUND('',#1072,.T.);
#791=FACE_OUTER_BOUND('',#1073,.T.);
#792=FACE_OUTER_BOUND('',#1075,.T.);
#793=FACE_OUTER_BOUND('',#1076,.T.);
#794=FACE_OUTER_BOUND('',#1077,.T.);
#795=FACE_OUTER_BOUND('',#1078,.T.);
#796=FACE_OUTER_BOUND('',#1079,.T.);
#797=FACE_OUTER_BOUND('',#1080,.T.);
#798=FACE_OUTER_BOUND('',#1081,.T.);
#799=FACE_OUTER_BOUND('',#1082,.T.);
#800=FACE_OUTER_BOUND('',#1083,.T.);
#801=FACE_OUTER_BOUND('',#1084,.T.);
#802=FACE_OUTER_BOUND('',#1085,.T.);
#803=FACE_OUTER_BOUND('',#1086,.T.);
#804=FACE_OUTER_BOUND('',#1087,.T.);
#805=EDGE_LOOP('',(#2423));
#806=EDGE_LOOP('',(#2424,#2425,#2426,#2427));
#807=EDGE_LOOP('',(#2428,#2429,#2430,#2431,#2432));
#808=EDGE_LOOP('',(#2433,#2434,#2435,#2436,#2437,#2438));
#809=EDGE_LOOP('',(#2439,#2440,#2441,#2442,#2443,#2444,#2445,#2446));
#810=EDGE_LOOP('',(#2447));
#811=EDGE_LOOP('',(#2448,#2449,#2450,#2451,#2452));
#812=EDGE_LOOP('',(#2453));
#813=EDGE_LOOP('',(#2454));
#814=EDGE_LOOP('',(#2455,#2456,#2457,#2458,#2459));
#815=EDGE_LOOP('',(#2460,#2461,#2462,#2463));
#816=EDGE_LOOP('',(#2464,#2465,#2466,#2467));
#817=EDGE_LOOP('',(#2468,#2469,#2470,#2471));
#818=EDGE_LOOP('',(#2472,#2473,#2474,#2475));
#819=EDGE_LOOP('',(#2476,#2477,#2478,#2479));
#820=EDGE_LOOP('',(#2480,#2481,#2482,#2483));
#821=EDGE_LOOP('',(#2484,#2485,#2486,#2487));
#822=EDGE_LOOP('',(#2488,#2489,#2490,#2491));
#823=EDGE_LOOP('',(#2492,#2493,#2494,#2495));
#824=EDGE_LOOP('',(#2496,#2497,#2498,#2499));
#825=EDGE_LOOP('',(#2500,#2501,#2502,#2503));
#826=EDGE_LOOP('',(#2504,#2505,#2506,#2507));
#827=EDGE_LOOP('',(#2508,#2509,#2510,#2511,#2512,#2513,#2514,#2515));
#828=EDGE_LOOP('',(#2516));
#829=EDGE_LOOP('',(#2517,#2518,#2519,#2520));
#830=EDGE_LOOP('',(#2521,#2522,#2523,#2524));
#831=EDGE_LOOP('',(#2525,#2526,#2527,#2528));
#832=EDGE_LOOP('',(#2529,#2530,#2531,#2532));
#833=EDGE_LOOP('',(#2533,#2534,#2535,#2536));
#834=EDGE_LOOP('',(#2537,#2538,#2539,#2540));
#835=EDGE_LOOP('',(#2541,#2542,#2543,#2544));
#836=EDGE_LOOP('',(#2545,#2546,#2547,#2548));
#837=EDGE_LOOP('',(#2549,#2550,#2551,#2552));
#838=EDGE_LOOP('',(#2553,#2554,#2555,#2556));
#839=EDGE_LOOP('',(#2557,#2558,#2559,#2560));
#840=EDGE_LOOP('',(#2561,#2562,#2563,#2564));
#841=EDGE_LOOP('',(#2565,#2566,#2567,#2568,#2569));
#842=EDGE_LOOP('',(#2570,#2571,#2572,#2573,#2574,#2575));
#843=EDGE_LOOP('',(#2576,#2577,#2578,#2579,#2580,#2581,#2582,#2583));
#844=EDGE_LOOP('',(#2584));
#845=EDGE_LOOP('',(#2585,#2586,#2587,#2588,#2589));
#846=EDGE_LOOP('',(#2590));
#847=EDGE_LOOP('',(#2591));
#848=EDGE_LOOP('',(#2592,#2593,#2594,#2595,#2596));
#849=EDGE_LOOP('',(#2597,#2598,#2599,#2600));
#850=EDGE_LOOP('',(#2601,#2602,#2603,#2604));
#851=EDGE_LOOP('',(#2605,#2606,#2607,#2608));
#852=EDGE_LOOP('',(#2609,#2610,#2611,#2612));
#853=EDGE_LOOP('',(#2613,#2614,#2615,#2616));
#854=EDGE_LOOP('',(#2617,#2618,#2619,#2620));
#855=EDGE_LOOP('',(#2621,#2622,#2623,#2624));
#856=EDGE_LOOP('',(#2625,#2626,#2627,#2628));
#857=EDGE_LOOP('',(#2629,#2630,#2631,#2632));
#858=EDGE_LOOP('',(#2633,#2634,#2635,#2636));
#859=EDGE_LOOP('',(#2637,#2638,#2639,#2640));
#860=EDGE_LOOP('',(#2641,#2642,#2643,#2644));
#861=EDGE_LOOP('',(#2645,#2646,#2647,#2648,#2649,#2650,#2651,#2652));
#862=EDGE_LOOP('',(#2653));
#863=EDGE_LOOP('',(#2654,#2655,#2656,#2657));
#864=EDGE_LOOP('',(#2658,#2659,#2660,#2661));
#865=EDGE_LOOP('',(#2662,#2663,#2664,#2665));
#866=EDGE_LOOP('',(#2666,#2667,#2668,#2669));
#867=EDGE_LOOP('',(#2670,#2671,#2672,#2673));
#868=EDGE_LOOP('',(#2674,#2675,#2676,#2677));
#869=EDGE_LOOP('',(#2678,#2679,#2680,#2681));
#870=EDGE_LOOP('',(#2682,#2683,#2684,#2685));
#871=EDGE_LOOP('',(#2686,#2687,#2688,#2689));
#872=EDGE_LOOP('',(#2690,#2691,#2692,#2693));
#873=EDGE_LOOP('',(#2694,#2695,#2696,#2697));
#874=EDGE_LOOP('',(#2698,#2699,#2700,#2701));
#875=EDGE_LOOP('',(#2702,#2703,#2704,#2705));
#876=EDGE_LOOP('',(#2706,#2707,#2708,#2709,#2710));
#877=EDGE_LOOP('',(#2711,#2712,#2713,#2714,#2715,#2716));
#878=EDGE_LOOP('',(#2717,#2718,#2719,#2720,#2721,#2722,#2723,#2724));
#879=EDGE_LOOP('',(#2725));
#880=EDGE_LOOP('',(#2726,#2727,#2728,#2729,#2730));
#881=EDGE_LOOP('',(#2731));
#882=EDGE_LOOP('',(#2732));
#883=EDGE_LOOP('',(#2733,#2734,#2735,#2736,#2737));
#884=EDGE_LOOP('',(#2738,#2739,#2740,#2741,#2742));
#885=EDGE_LOOP('',(#2743,#2744,#2745,#2746));
#886=EDGE_LOOP('',(#2747,#2748,#2749,#2750));
#887=EDGE_LOOP('',(#2751,#2752,#2753,#2754));
#888=EDGE_LOOP('',(#2755,#2756,#2757,#2758));
#889=EDGE_LOOP('',(#2759,#2760,#2761,#2762));
#890=EDGE_LOOP('',(#2763,#2764,#2765,#2766));
#891=EDGE_LOOP('',(#2767,#2768,#2769,#2770));
#892=EDGE_LOOP('',(#2771,#2772,#2773,#2774));
#893=EDGE_LOOP('',(#2775,#2776,#2777,#2778));
#894=EDGE_LOOP('',(#2779,#2780,#2781,#2782));
#895=EDGE_LOOP('',(#2783,#2784,#2785,#2786));
#896=EDGE_LOOP('',(#2787,#2788,#2789,#2790));
#897=EDGE_LOOP('',(#2791,#2792,#2793,#2794,#2795,#2796,#2797,#2798));
#898=EDGE_LOOP('',(#2799));
#899=EDGE_LOOP('',(#2800,#2801,#2802,#2803));
#900=EDGE_LOOP('',(#2804,#2805,#2806,#2807));
#901=EDGE_LOOP('',(#2808,#2809,#2810,#2811));
#902=EDGE_LOOP('',(#2812,#2813,#2814,#2815));
#903=EDGE_LOOP('',(#2816,#2817,#2818,#2819));
#904=EDGE_LOOP('',(#2820,#2821,#2822,#2823));
#905=EDGE_LOOP('',(#2824,#2825,#2826,#2827));
#906=EDGE_LOOP('',(#2828,#2829,#2830,#2831));
#907=EDGE_LOOP('',(#2832,#2833,#2834,#2835));
#908=EDGE_LOOP('',(#2836,#2837,#2838,#2839));
#909=EDGE_LOOP('',(#2840,#2841,#2842,#2843));
#910=EDGE_LOOP('',(#2844,#2845,#2846,#2847));
#911=EDGE_LOOP('',(#2848,#2849,#2850,#2851,#2852));
#912=EDGE_LOOP('',(#2853,#2854,#2855,#2856,#2857,#2858));
#913=EDGE_LOOP('',(#2859,#2860,#2861,#2862,#2863,#2864,#2865,#2866));
#914=EDGE_LOOP('',(#2867));
#915=EDGE_LOOP('',(#2868,#2869,#2870,#2871,#2872));
#916=EDGE_LOOP('',(#2873));
#917=EDGE_LOOP('',(#2874));
#918=EDGE_LOOP('',(#2875,#2876,#2877,#2878,#2879));
#919=EDGE_LOOP('',(#2880,#2881,#2882,#2883));
#920=EDGE_LOOP('',(#2884,#2885,#2886,#2887));
#921=EDGE_LOOP('',(#2888,#2889,#2890,#2891));
#922=EDGE_LOOP('',(#2892,#2893,#2894,#2895));
#923=EDGE_LOOP('',(#2896,#2897,#2898,#2899));
#924=EDGE_LOOP('',(#2900,#2901,#2902,#2903));
#925=EDGE_LOOP('',(#2904,#2905,#2906,#2907));
#926=EDGE_LOOP('',(#2908,#2909,#2910,#2911));
#927=EDGE_LOOP('',(#2912,#2913,#2914,#2915));
#928=EDGE_LOOP('',(#2916,#2917,#2918,#2919));
#929=EDGE_LOOP('',(#2920,#2921,#2922,#2923));
#930=EDGE_LOOP('',(#2924,#2925,#2926,#2927));
#931=EDGE_LOOP('',(#2928,#2929,#2930,#2931,#2932,#2933,#2934,#2935));
#932=EDGE_LOOP('',(#2936));
#933=EDGE_LOOP('',(#2937,#2938,#2939,#2940));
#934=EDGE_LOOP('',(#2941,#2942,#2943,#2944));
#935=EDGE_LOOP('',(#2945,#2946,#2947,#2948));
#936=EDGE_LOOP('',(#2949,#2950,#2951,#2952));
#937=EDGE_LOOP('',(#2953,#2954,#2955,#2956));
#938=EDGE_LOOP('',(#2957,#2958,#2959,#2960));
#939=EDGE_LOOP('',(#2961,#2962,#2963,#2964));
#940=EDGE_LOOP('',(#2965,#2966,#2967,#2968));
#941=EDGE_LOOP('',(#2969,#2970,#2971,#2972));
#942=EDGE_LOOP('',(#2973,#2974,#2975,#2976));
#943=EDGE_LOOP('',(#2977,#2978,#2979,#2980));
#944=EDGE_LOOP('',(#2981,#2982,#2983,#2984));
#945=EDGE_LOOP('',(#2985,#2986,#2987,#2988));
#946=EDGE_LOOP('',(#2989,#2990,#2991,#2992,#2993));
#947=EDGE_LOOP('',(#2994,#2995,#2996,#2997,#2998,#2999));
#948=EDGE_LOOP('',(#3000,#3001,#3002,#3003,#3004,#3005,#3006,#3007));
#949=EDGE_LOOP('',(#3008));
#950=EDGE_LOOP('',(#3009,#3010,#3011,#3012,#3013));
#951=EDGE_LOOP('',(#3014));
#952=EDGE_LOOP('',(#3015));
#953=EDGE_LOOP('',(#3016,#3017,#3018,#3019,#3020));
#954=EDGE_LOOP('',(#3021,#3022,#3023,#3024,#3025,#3026));
#955=EDGE_LOOP('',(#3027,#3028,#3029,#3030));
#956=EDGE_LOOP('',(#3031,#3032,#3033,#3034));
#957=EDGE_LOOP('',(#3035,#3036,#3037,#3038));
#958=EDGE_LOOP('',(#3039,#3040,#3041,#3042));
#959=EDGE_LOOP('',(#3043,#3044,#3045,#3046));
#960=EDGE_LOOP('',(#3047,#3048,#3049,#3050));
#961=EDGE_LOOP('',(#3051,#3052,#3053,#3054));
#962=EDGE_LOOP('',(#3055,#3056,#3057,#3058));
#963=EDGE_LOOP('',(#3059,#3060,#3061,#3062));
#964=EDGE_LOOP('',(#3063,#3064,#3065,#3066));
#965=EDGE_LOOP('',(#3067,#3068,#3069,#3070));
#966=EDGE_LOOP('',(#3071,#3072,#3073,#3074));
#967=EDGE_LOOP('',(#3075,#3076,#3077,#3078,#3079,#3080,#3081,#3082));
#968=EDGE_LOOP('',(#3083));
#969=EDGE_LOOP('',(#3084,#3085,#3086,#3087));
#970=EDGE_LOOP('',(#3088,#3089,#3090,#3091));
#971=EDGE_LOOP('',(#3092,#3093,#3094,#3095));
#972=EDGE_LOOP('',(#3096,#3097,#3098,#3099));
#973=EDGE_LOOP('',(#3100,#3101,#3102,#3103));
#974=EDGE_LOOP('',(#3104,#3105,#3106,#3107));
#975=EDGE_LOOP('',(#3108,#3109,#3110,#3111));
#976=EDGE_LOOP('',(#3112,#3113,#3114,#3115));
#977=EDGE_LOOP('',(#3116,#3117,#3118,#3119));
#978=EDGE_LOOP('',(#3120,#3121,#3122,#3123));
#979=EDGE_LOOP('',(#3124,#3125,#3126,#3127));
#980=EDGE_LOOP('',(#3128,#3129,#3130,#3131));
#981=EDGE_LOOP('',(#3132,#3133,#3134,#3135,#3136));
#982=EDGE_LOOP('',(#3137,#3138,#3139,#3140,#3141,#3142));
#983=EDGE_LOOP('',(#3143,#3144,#3145,#3146,#3147,#3148,#3149,#3150));
#984=EDGE_LOOP('',(#3151));
#985=EDGE_LOOP('',(#3152,#3153,#3154,#3155,#3156));
#986=EDGE_LOOP('',(#3157));
#987=EDGE_LOOP('',(#3158));
#988=EDGE_LOOP('',(#3159,#3160,#3161,#3162,#3163));
#989=EDGE_LOOP('',(#3164,#3165,#3166,#3167,#3168,#3169));
#990=EDGE_LOOP('',(#3170,#3171,#3172,#3173));
#991=EDGE_LOOP('',(#3174,#3175,#3176,#3177));
#992=EDGE_LOOP('',(#3178,#3179,#3180,#3181));
#993=EDGE_LOOP('',(#3182,#3183,#3184,#3185));
#994=EDGE_LOOP('',(#3186,#3187,#3188,#3189));
#995=EDGE_LOOP('',(#3190,#3191,#3192,#3193));
#996=EDGE_LOOP('',(#3194,#3195,#3196,#3197));
#997=EDGE_LOOP('',(#3198,#3199,#3200,#3201));
#998=EDGE_LOOP('',(#3202,#3203,#3204,#3205));
#999=EDGE_LOOP('',(#3206,#3207,#3208,#3209));
#1000=EDGE_LOOP('',(#3210,#3211,#3212,#3213));
#1001=EDGE_LOOP('',(#3214,#3215,#3216,#3217));
#1002=EDGE_LOOP('',(#3218,#3219,#3220,#3221,#3222,#3223,#3224,#3225));
#1003=EDGE_LOOP('',(#3226));
#1004=EDGE_LOOP('',(#3227,#3228,#3229,#3230));
#1005=EDGE_LOOP('',(#3231,#3232,#3233,#3234));
#1006=EDGE_LOOP('',(#3235,#3236,#3237,#3238));
#1007=EDGE_LOOP('',(#3239,#3240,#3241,#3242));
#1008=EDGE_LOOP('',(#3243,#3244,#3245,#3246));
#1009=EDGE_LOOP('',(#3247,#3248,#3249,#3250));
#1010=EDGE_LOOP('',(#3251,#3252,#3253,#3254));
#1011=EDGE_LOOP('',(#3255,#3256,#3257,#3258));
#1012=EDGE_LOOP('',(#3259,#3260,#3261,#3262));
#1013=EDGE_LOOP('',(#3263,#3264,#3265,#3266));
#1014=EDGE_LOOP('',(#3267,#3268,#3269,#3270));
#1015=EDGE_LOOP('',(#3271,#3272,#3273,#3274));
#1016=EDGE_LOOP('',(#3275,#3276,#3277,#3278));
#1017=EDGE_LOOP('',(#3279,#3280,#3281,#3282,#3283));
#1018=EDGE_LOOP('',(#3284,#3285,#3286,#3287,#3288,#3289));
#1019=EDGE_LOOP('',(#3290,#3291,#3292,#3293,#3294,#3295,#3296,#3297));
#1020=EDGE_LOOP('',(#3298));
#1021=EDGE_LOOP('',(#3299,#3300,#3301,#3302,#3303));
#1022=EDGE_LOOP('',(#3304));
#1023=EDGE_LOOP('',(#3305));
#1024=EDGE_LOOP('',(#3306,#3307,#3308,#3309,#3310));
#1025=EDGE_LOOP('',(#3311,#3312,#3313,#3314,#3315,#3316));
#1026=EDGE_LOOP('',(#3317,#3318,#3319,#3320));
#1027=EDGE_LOOP('',(#3321,#3322,#3323,#3324));
#1028=EDGE_LOOP('',(#3325,#3326,#3327,#3328));
#1029=EDGE_LOOP('',(#3329,#3330,#3331,#3332));
#1030=EDGE_LOOP('',(#3333,#3334,#3335,#3336));
#1031=EDGE_LOOP('',(#3337,#3338,#3339,#3340));
#1032=EDGE_LOOP('',(#3341,#3342,#3343,#3344));
#1033=EDGE_LOOP('',(#3345,#3346,#3347,#3348));
#1034=EDGE_LOOP('',(#3349,#3350,#3351,#3352));
#1035=EDGE_LOOP('',(#3353,#3354,#3355,#3356));
#1036=EDGE_LOOP('',(#3357,#3358,#3359,#3360));
#1037=EDGE_LOOP('',(#3361,#3362,#3363,#3364));
#1038=EDGE_LOOP('',(#3365,#3366,#3367,#3368,#3369,#3370,#3371,#3372));
#1039=EDGE_LOOP('',(#3373));
#1040=EDGE_LOOP('',(#3374,#3375,#3376,#3377));
#1041=EDGE_LOOP('',(#3378,#3379,#3380,#3381));
#1042=EDGE_LOOP('',(#3382,#3383,#3384,#3385));
#1043=EDGE_LOOP('',(#3386,#3387,#3388,#3389));
#1044=EDGE_LOOP('',(#3390,#3391,#3392,#3393));
#1045=EDGE_LOOP('',(#3394,#3395,#3396,#3397));
#1046=EDGE_LOOP('',(#3398,#3399,#3400,#3401));
#1047=EDGE_LOOP('',(#3402,#3403,#3404,#3405));
#1048=EDGE_LOOP('',(#3406,#3407,#3408,#3409));
#1049=EDGE_LOOP('',(#3410,#3411,#3412,#3413));
#1050=EDGE_LOOP('',(#3414,#3415,#3416,#3417));
#1051=EDGE_LOOP('',(#3418,#3419,#3420,#3421));
#1052=EDGE_LOOP('',(#3422,#3423,#3424,#3425,#3426));
#1053=EDGE_LOOP('',(#3427,#3428,#3429,#3430,#3431,#3432));
#1054=EDGE_LOOP('',(#3433,#3434,#3435,#3436,#3437,#3438,#3439,#3440));
#1055=EDGE_LOOP('',(#3441));
#1056=EDGE_LOOP('',(#3442,#3443,#3444,#3445,#3446));
#1057=EDGE_LOOP('',(#3447));
#1058=EDGE_LOOP('',(#3448));
#1059=EDGE_LOOP('',(#3449,#3450,#3451,#3452,#3453));
#1060=EDGE_LOOP('',(#3454,#3455,#3456,#3457,#3458));
#1061=EDGE_LOOP('',(#3459,#3460,#3461,#3462));
#1062=EDGE_LOOP('',(#3463,#3464,#3465,#3466));
#1063=EDGE_LOOP('',(#3467,#3468,#3469,#3470));
#1064=EDGE_LOOP('',(#3471,#3472,#3473,#3474));
#1065=EDGE_LOOP('',(#3475,#3476,#3477,#3478));
#1066=EDGE_LOOP('',(#3479,#3480,#3481,#3482));
#1067=EDGE_LOOP('',(#3483,#3484,#3485,#3486));
#1068=EDGE_LOOP('',(#3487,#3488,#3489,#3490));
#1069=EDGE_LOOP('',(#3491,#3492,#3493,#3494));
#1070=EDGE_LOOP('',(#3495,#3496,#3497,#3498));
#1071=EDGE_LOOP('',(#3499,#3500,#3501,#3502));
#1072=EDGE_LOOP('',(#3503,#3504,#3505,#3506));
#1073=EDGE_LOOP('',(#3507,#3508,#3509,#3510,#3511,#3512,#3513,#3514));
#1074=EDGE_LOOP('',(#3515));
#1075=EDGE_LOOP('',(#3516,#3517,#3518,#3519));
#1076=EDGE_LOOP('',(#3520,#3521,#3522,#3523));
#1077=EDGE_LOOP('',(#3524,#3525,#3526,#3527));
#1078=EDGE_LOOP('',(#3528,#3529,#3530,#3531));
#1079=EDGE_LOOP('',(#3532,#3533,#3534,#3535));
#1080=EDGE_LOOP('',(#3536,#3537,#3538,#3539));
#1081=EDGE_LOOP('',(#3540,#3541,#3542,#3543));
#1082=EDGE_LOOP('',(#3544,#3545,#3546,#3547));
#1083=EDGE_LOOP('',(#3548,#3549,#3550,#3551));
#1084=EDGE_LOOP('',(#3552,#3553,#3554,#3555));
#1085=EDGE_LOOP('',(#3556));
#1086=EDGE_LOOP('',(#3557,#3558,#3559,#3560));
#1087=EDGE_LOOP('',(#3561,#3562,#3563,#3564));
#1088=CIRCLE('',#3881,20.);
#1089=CIRCLE('',#3883,22.5);
#1090=CIRCLE('',#3884,22.5);
#1091=CIRCLE('',#3886,25.);
#1092=CIRCLE('',#3887,25.);
#1093=CIRCLE('',#3888,1.5);
#1094=CIRCLE('',#3889,26.5);
#1095=CIRCLE('',#3891,25.);
#1096=CIRCLE('',#3892,25.);
#1097=CIRCLE('',#3894,32.5);
#1098=CIRCLE('',#3895,32.5);
#1099=CIRCLE('',#3896,22.5);
#1100=CIRCLE('',#3897,52.5);
#1101=CIRCLE('',#3898,22.5);
#1102=CIRCLE('',#3899,32.5);
#1103=CIRCLE('',#3901,23.5);
#1104=CIRCLE('',#3902,1.5);
#1105=CIRCLE('',#3904,21.5);
#1106=CIRCLE('',#3906,1.5);
#1107=CIRCLE('',#3907,20.);
#1108=CIRCLE('',#3908,20.);
#1109=CIRCLE('',#3910,2.5);
#1110=CIRCLE('',#3911,32.5);
#1111=CIRCLE('',#3912,2.49999999999999);
#1112=CIRCLE('',#3913,30.);
#1113=CIRCLE('',#3915,2.5);
#1114=CIRCLE('',#3916,25.);
#1115=CIRCLE('',#3917,22.5);
#1116=CIRCLE('',#3919,2.49999999999999);
#1117=CIRCLE('',#3920,55.);
#1118=CIRCLE('',#3921,52.5);
#1119=CIRCLE('',#3923,2.5);
#1120=CIRCLE('',#3924,25.);
#1121=CIRCLE('',#3925,22.5);
#1122=CIRCLE('',#3927,2.5);
#1123=CIRCLE('',#3928,30.);
#1124=CIRCLE('',#3929,32.5);
#1125=CIRCLE('',#3931,2.5);
#1126=CIRCLE('',#3933,2.5);
#1127=CIRCLE('',#3934,35.);
#1128=CIRCLE('',#3935,32.5);
#1129=CIRCLE('',#3938,25.);
#1130=CIRCLE('',#3940,55.);
#1131=CIRCLE('',#3942,25.);
#1132=CIRCLE('',#3944,30.);
#1133=CIRCLE('',#3947,2.5);
#1134=CIRCLE('',#3948,2.5);
#1135=CIRCLE('',#3950,2.5);
#1136=CIRCLE('',#3951,30.);
#1137=CIRCLE('',#3953,2.5);
#1138=CIRCLE('',#3955,2.49999999999999);
#1139=CIRCLE('',#3957,2.49999999999998);
#1140=CIRCLE('',#3959,2.5);
#1141=CIRCLE('',#3961,2.5);
#1142=CIRCLE('',#3963,35.);
#1143=CIRCLE('',#3969,25.);
#1144=CIRCLE('',#3970,1.5);
#1145=CIRCLE('',#3971,26.5);
#1146=CIRCLE('',#3972,25.);
#1147=CIRCLE('',#3974,25.);
#1148=CIRCLE('',#3975,25.);
#1149=CIRCLE('',#3977,32.5);
#1150=CIRCLE('',#3978,22.5);
#1151=CIRCLE('',#3979,52.5);
#1152=CIRCLE('',#3980,22.5);
#1153=CIRCLE('',#3981,32.5);
#1154=CIRCLE('',#3982,32.5);
#1155=CIRCLE('',#3984,23.5);
#1156=CIRCLE('',#3985,1.5);
#1157=CIRCLE('',#3987,21.5);
#1158=CIRCLE('',#3989,1.5);
#1159=CIRCLE('',#3990,20.);
#1160=CIRCLE('',#3991,20.);
#1161=CIRCLE('',#3993,2.5);
#1162=CIRCLE('',#3994,30.);
#1163=CIRCLE('',#3995,2.49999999999999);
#1164=CIRCLE('',#3996,32.5);
#1165=CIRCLE('',#3998,2.5);
#1166=CIRCLE('',#3999,22.5);
#1167=CIRCLE('',#4000,25.);
#1168=CIRCLE('',#4002,2.49999999999999);
#1169=CIRCLE('',#4003,52.5);
#1170=CIRCLE('',#4004,55.);
#1171=CIRCLE('',#4006,2.5);
#1172=CIRCLE('',#4007,22.5);
#1173=CIRCLE('',#4008,25.);
#1174=CIRCLE('',#4010,2.5);
#1175=CIRCLE('',#4011,32.5);
#1176=CIRCLE('',#4012,30.);
#1177=CIRCLE('',#4014,2.5);
#1178=CIRCLE('',#4016,2.5);
#1179=CIRCLE('',#4017,32.5);
#1180=CIRCLE('',#4018,35.);
#1181=CIRCLE('',#4021,25.);
#1182=CIRCLE('',#4023,55.);
#1183=CIRCLE('',#4025,25.);
#1184=CIRCLE('',#4027,30.);
#1185=CIRCLE('',#4030,2.5);
#1186=CIRCLE('',#4031,2.5);
#1187=CIRCLE('',#4033,2.5);
#1188=CIRCLE('',#4034,30.);
#1189=CIRCLE('',#4036,2.5);
#1190=CIRCLE('',#4038,2.49999999999999);
#1191=CIRCLE('',#4040,2.49999999999998);
#1192=CIRCLE('',#4042,2.5);
#1193=CIRCLE('',#4044,2.5);
#1194=CIRCLE('',#4046,35.);
#1195=CIRCLE('',#4052,22.5);
#1196=CIRCLE('',#4053,22.5);
#1197=CIRCLE('',#4055,25.);
#1198=CIRCLE('',#4056,25.);
#1199=CIRCLE('',#4057,1.5);
#1200=CIRCLE('',#4058,26.5);
#1201=CIRCLE('',#4060,25.);
#1202=CIRCLE('',#4061,25.);
#1203=CIRCLE('',#4063,32.5);
#1204=CIRCLE('',#4064,32.5);
#1205=CIRCLE('',#4065,22.5);
#1206=CIRCLE('',#4066,52.5);
#1207=CIRCLE('',#4067,22.5);
#1208=CIRCLE('',#4068,32.5);
#1209=CIRCLE('',#4070,23.5);
#1210=CIRCLE('',#4071,1.5);
#1211=CIRCLE('',#4073,21.5);
#1212=CIRCLE('',#4075,1.5);
#1213=CIRCLE('',#4076,20.);
#1214=CIRCLE('',#4077,20.);
#1215=CIRCLE('',#4080,2.5);
#1216=CIRCLE('',#4081,32.5);
#1217=CIRCLE('',#4082,2.49999999999999);
#1218=CIRCLE('',#4083,30.);
#1219=CIRCLE('',#4085,2.5);
#1220=CIRCLE('',#4086,25.);
#1221=CIRCLE('',#4087,22.5);
#1222=CIRCLE('',#4089,2.49999999999999);
#1223=CIRCLE('',#4090,55.);
#1224=CIRCLE('',#4091,52.5);
#1225=CIRCLE('',#4093,2.5);
#1226=CIRCLE('',#4094,25.);
#1227=CIRCLE('',#4095,22.5);
#1228=CIRCLE('',#4097,2.5);
#1229=CIRCLE('',#4098,30.);
#1230=CIRCLE('',#4099,32.5);
#1231=CIRCLE('',#4101,2.5);
#1232=CIRCLE('',#4103,2.5);
#1233=CIRCLE('',#4104,35.);
#1234=CIRCLE('',#4105,32.5);
#1235=CIRCLE('',#4108,25.);
#1236=CIRCLE('',#4110,55.);
#1237=CIRCLE('',#4112,25.);
#1238=CIRCLE('',#4114,30.);
#1239=CIRCLE('',#4117,2.5);
#1240=CIRCLE('',#4118,2.5);
#1241=CIRCLE('',#4120,2.5);
#1242=CIRCLE('',#4121,30.);
#1243=CIRCLE('',#4123,2.5);
#1244=CIRCLE('',#4125,2.49999999999999);
#1245=CIRCLE('',#4127,2.49999999999998);
#1246=CIRCLE('',#4129,2.5);
#1247=CIRCLE('',#4131,2.5);
#1248=CIRCLE('',#4133,35.);
#1249=CIRCLE('',#4139,25.);
#1250=CIRCLE('',#4140,1.5);
#1251=CIRCLE('',#4141,26.5);
#1252=CIRCLE('',#4142,25.);
#1253=CIRCLE('',#4144,25.);
#1254=CIRCLE('',#4145,25.);
#1255=CIRCLE('',#4147,32.5);
#1256=CIRCLE('',#4148,22.5);
#1257=CIRCLE('',#4149,52.5);
#1258=CIRCLE('',#4150,22.5);
#1259=CIRCLE('',#4151,32.5);
#1260=CIRCLE('',#4152,32.5);
#1261=CIRCLE('',#4154,23.5);
#1262=CIRCLE('',#4155,1.5);
#1263=CIRCLE('',#4157,21.5);
#1264=CIRCLE('',#4159,1.5);
#1265=CIRCLE('',#4160,20.);
#1266=CIRCLE('',#4161,20.);
#1267=CIRCLE('',#4163,2.5);
#1268=CIRCLE('',#4164,30.);
#1269=CIRCLE('',#4165,2.49999999999999);
#1270=CIRCLE('',#4166,32.5);
#1271=CIRCLE('',#4168,2.5);
#1272=CIRCLE('',#4169,22.5);
#1273=CIRCLE('',#4170,25.);
#1274=CIRCLE('',#4172,2.49999999999999);
#1275=CIRCLE('',#4173,52.5);
#1276=CIRCLE('',#4174,55.);
#1277=CIRCLE('',#4176,2.5);
#1278=CIRCLE('',#4177,22.5);
#1279=CIRCLE('',#4178,25.);
#1280=CIRCLE('',#4180,2.5);
#1281=CIRCLE('',#4181,32.5);
#1282=CIRCLE('',#4182,30.);
#1283=CIRCLE('',#4184,2.5);
#1284=CIRCLE('',#4186,2.5);
#1285=CIRCLE('',#4187,32.5);
#1286=CIRCLE('',#4188,35.);
#1287=CIRCLE('',#4191,25.);
#1288=CIRCLE('',#4193,55.);
#1289=CIRCLE('',#4195,25.);
#1290=CIRCLE('',#4197,30.);
#1291=CIRCLE('',#4200,2.5);
#1292=CIRCLE('',#4201,2.5);
#1293=CIRCLE('',#4203,2.5);
#1294=CIRCLE('',#4204,30.);
#1295=CIRCLE('',#4206,2.5);
#1296=CIRCLE('',#4208,2.49999999999999);
#1297=CIRCLE('',#4210,2.49999999999998);
#1298=CIRCLE('',#4212,2.5);
#1299=CIRCLE('',#4214,2.5);
#1300=CIRCLE('',#4216,35.);
#1301=CIRCLE('',#4222,22.5);
#1302=CIRCLE('',#4223,22.5);
#1303=CIRCLE('',#4225,25.);
#1304=CIRCLE('',#4226,25.);
#1305=CIRCLE('',#4227,1.5);
#1306=CIRCLE('',#4228,26.5);
#1307=CIRCLE('',#4230,25.);
#1308=CIRCLE('',#4231,25.);
#1309=CIRCLE('',#4233,32.5);
#1310=CIRCLE('',#4234,32.5);
#1311=CIRCLE('',#4235,22.5);
#1312=CIRCLE('',#4236,52.5);
#1313=CIRCLE('',#4237,22.5);
#1314=CIRCLE('',#4238,32.5);
#1315=CIRCLE('',#4240,23.5);
#1316=CIRCLE('',#4241,1.5);
#1317=CIRCLE('',#4243,21.5);
#1318=CIRCLE('',#4245,1.5);
#1319=CIRCLE('',#4246,20.);
#1320=CIRCLE('',#4247,20.);
#1321=CIRCLE('',#4250,2.5);
#1322=CIRCLE('',#4251,32.5);
#1323=CIRCLE('',#4252,2.49999999999999);
#1324=CIRCLE('',#4253,30.);
#1325=CIRCLE('',#4255,2.5);
#1326=CIRCLE('',#4256,25.);
#1327=CIRCLE('',#4257,22.5);
#1328=CIRCLE('',#4259,2.49999999999999);
#1329=CIRCLE('',#4260,55.);
#1330=CIRCLE('',#4261,52.5);
#1331=CIRCLE('',#4263,2.5);
#1332=CIRCLE('',#4264,25.);
#1333=CIRCLE('',#4265,22.5);
#1334=CIRCLE('',#4267,2.5);
#1335=CIRCLE('',#4268,30.);
#1336=CIRCLE('',#4269,32.5);
#1337=CIRCLE('',#4271,2.5);
#1338=CIRCLE('',#4273,2.5);
#1339=CIRCLE('',#4274,35.);
#1340=CIRCLE('',#4275,32.5);
#1341=CIRCLE('',#4278,25.);
#1342=CIRCLE('',#4280,55.);
#1343=CIRCLE('',#4282,25.);
#1344=CIRCLE('',#4284,30.);
#1345=CIRCLE('',#4287,2.5);
#1346=CIRCLE('',#4288,2.5);
#1347=CIRCLE('',#4290,2.5);
#1348=CIRCLE('',#4291,30.);
#1349=CIRCLE('',#4293,2.5);
#1350=CIRCLE('',#4295,2.49999999999999);
#1351=CIRCLE('',#4297,2.49999999999998);
#1352=CIRCLE('',#4299,2.5);
#1353=CIRCLE('',#4301,2.5);
#1354=CIRCLE('',#4303,35.);
#1355=CIRCLE('',#4309,25.);
#1356=CIRCLE('',#4310,1.5);
#1357=CIRCLE('',#4311,26.5);
#1358=CIRCLE('',#4312,25.);
#1359=CIRCLE('',#4314,25.);
#1360=CIRCLE('',#4315,25.);
#1361=CIRCLE('',#4317,32.5);
#1362=CIRCLE('',#4318,22.5);
#1363=CIRCLE('',#4319,52.5);
#1364=CIRCLE('',#4320,22.5);
#1365=CIRCLE('',#4321,32.5);
#1366=CIRCLE('',#4322,32.5);
#1367=CIRCLE('',#4324,23.5);
#1368=CIRCLE('',#4325,1.5);
#1369=CIRCLE('',#4327,21.5);
#1370=CIRCLE('',#4329,1.5);
#1371=CIRCLE('',#4330,20.);
#1372=CIRCLE('',#4331,20.);
#1373=CIRCLE('',#4334,2.5);
#1374=CIRCLE('',#4335,30.);
#1375=CIRCLE('',#4336,2.49999999999999);
#1376=CIRCLE('',#4337,32.5);
#1377=CIRCLE('',#4339,2.5);
#1378=CIRCLE('',#4340,22.5);
#1379=CIRCLE('',#4341,25.);
#1380=CIRCLE('',#4343,2.49999999999999);
#1381=CIRCLE('',#4344,52.5);
#1382=CIRCLE('',#4345,55.);
#1383=CIRCLE('',#4347,2.5);
#1384=CIRCLE('',#4348,22.5);
#1385=CIRCLE('',#4349,25.);
#1386=CIRCLE('',#4351,2.5);
#1387=CIRCLE('',#4352,32.5);
#1388=CIRCLE('',#4353,30.);
#1389=CIRCLE('',#4355,2.5);
#1390=CIRCLE('',#4357,2.5);
#1391=CIRCLE('',#4358,32.5);
#1392=CIRCLE('',#4359,35.);
#1393=CIRCLE('',#4362,25.);
#1394=CIRCLE('',#4364,55.);
#1395=CIRCLE('',#4366,25.);
#1396=CIRCLE('',#4368,30.);
#1397=CIRCLE('',#4371,2.5);
#1398=CIRCLE('',#4372,2.5);
#1399=CIRCLE('',#4374,2.5);
#1400=CIRCLE('',#4375,30.);
#1401=CIRCLE('',#4377,2.5);
#1402=CIRCLE('',#4379,2.49999999999999);
#1403=CIRCLE('',#4381,2.49999999999998);
#1404=CIRCLE('',#4383,2.5);
#1405=CIRCLE('',#4385,2.5);
#1406=CIRCLE('',#4387,35.);
#1407=CIRCLE('',#4393,22.5);
#1408=CIRCLE('',#4394,22.5);
#1409=CIRCLE('',#4396,25.);
#1410=CIRCLE('',#4397,25.);
#1411=CIRCLE('',#4398,1.5);
#1412=CIRCLE('',#4399,26.5);
#1413=CIRCLE('',#4401,25.);
#1414=CIRCLE('',#4402,25.);
#1415=CIRCLE('',#4404,32.5);
#1416=CIRCLE('',#4405,32.5);
#1417=CIRCLE('',#4406,22.5);
#1418=CIRCLE('',#4407,52.5);
#1419=CIRCLE('',#4408,22.5);
#1420=CIRCLE('',#4409,32.5);
#1421=CIRCLE('',#4411,23.5);
#1422=CIRCLE('',#4412,1.5);
#1423=CIRCLE('',#4414,21.5);
#1424=CIRCLE('',#4416,1.5);
#1425=CIRCLE('',#4417,20.);
#1426=CIRCLE('',#4418,20.);
#1427=CIRCLE('',#4421,2.5);
#1428=CIRCLE('',#4422,32.5);
#1429=CIRCLE('',#4423,2.49999999999999);
#1430=CIRCLE('',#4424,30.);
#1431=CIRCLE('',#4426,2.5);
#1432=CIRCLE('',#4427,25.);
#1433=CIRCLE('',#4428,22.5);
#1434=CIRCLE('',#4430,2.49999999999999);
#1435=CIRCLE('',#4431,55.);
#1436=CIRCLE('',#4432,52.5);
#1437=CIRCLE('',#4434,2.5);
#1438=CIRCLE('',#4435,25.);
#1439=CIRCLE('',#4436,22.5);
#1440=CIRCLE('',#4438,2.5);
#1441=CIRCLE('',#4439,30.);
#1442=CIRCLE('',#4440,32.5);
#1443=CIRCLE('',#4442,2.5);
#1444=CIRCLE('',#4444,2.5);
#1445=CIRCLE('',#4445,35.);
#1446=CIRCLE('',#4446,32.5);
#1447=CIRCLE('',#4449,25.);
#1448=CIRCLE('',#4451,55.);
#1449=CIRCLE('',#4453,25.);
#1450=CIRCLE('',#4455,30.);
#1451=CIRCLE('',#4458,2.5);
#1452=CIRCLE('',#4459,2.5);
#1453=CIRCLE('',#4461,2.5);
#1454=CIRCLE('',#4462,30.);
#1455=CIRCLE('',#4464,2.5);
#1456=CIRCLE('',#4466,2.49999999999999);
#1457=CIRCLE('',#4468,2.49999999999998);
#1458=CIRCLE('',#4470,2.5);
#1459=CIRCLE('',#4472,2.5);
#1460=CIRCLE('',#4474,35.);
#1461=CIRCLE('',#4480,25.);
#1462=CIRCLE('',#4481,1.5);
#1463=CIRCLE('',#4482,26.5);
#1464=CIRCLE('',#4483,25.);
#1465=CIRCLE('',#4485,25.);
#1466=CIRCLE('',#4486,25.);
#1467=CIRCLE('',#4488,32.5);
#1468=CIRCLE('',#4489,22.5);
#1469=CIRCLE('',#4490,52.5);
#1470=CIRCLE('',#4491,22.5);
#1471=CIRCLE('',#4492,32.5);
#1472=CIRCLE('',#4493,32.5);
#1473=CIRCLE('',#4495,23.5);
#1474=CIRCLE('',#4496,1.5);
#1475=CIRCLE('',#4498,21.5);
#1476=CIRCLE('',#4500,1.5);
#1477=CIRCLE('',#4501,20.);
#1478=CIRCLE('',#4502,20.);
#1479=CIRCLE('',#4504,20.);
#1480=CIRCLE('',#4506,2.5);
#1481=CIRCLE('',#4507,30.);
#1482=CIRCLE('',#4508,2.49999999999999);
#1483=CIRCLE('',#4509,32.5);
#1484=CIRCLE('',#4511,2.5);
#1485=CIRCLE('',#4512,22.5);
#1486=CIRCLE('',#4513,25.);
#1487=CIRCLE('',#4515,2.49999999999999);
#1488=CIRCLE('',#4516,52.5);
#1489=CIRCLE('',#4517,55.);
#1490=CIRCLE('',#4519,2.5);
#1491=CIRCLE('',#4520,22.5);
#1492=CIRCLE('',#4521,25.);
#1493=CIRCLE('',#4523,2.5);
#1494=CIRCLE('',#4524,32.5);
#1495=CIRCLE('',#4525,30.);
#1496=CIRCLE('',#4527,2.5);
#1497=CIRCLE('',#4529,2.5);
#1498=CIRCLE('',#4530,32.5);
#1499=CIRCLE('',#4531,35.);
#1500=CIRCLE('',#4534,25.);
#1501=CIRCLE('',#4536,55.);
#1502=CIRCLE('',#4538,25.);
#1503=CIRCLE('',#4540,30.);
#1504=CIRCLE('',#4543,2.5);
#1505=CIRCLE('',#4544,2.5);
#1506=CIRCLE('',#4546,2.5);
#1507=CIRCLE('',#4547,30.);
#1508=CIRCLE('',#4549,2.5);
#1509=CIRCLE('',#4551,2.49999999999999);
#1510=CIRCLE('',#4553,2.49999999999998);
#1511=CIRCLE('',#4555,2.5);
#1512=CIRCLE('',#4557,2.5);
#1513=CIRCLE('',#4559,35.);
#1514=VERTEX_POINT('',#6084);
#1515=VERTEX_POINT('',#6087);
#1516=VERTEX_POINT('',#6089);
#1517=VERTEX_POINT('',#6093);
#1518=VERTEX_POINT('',#6094);
#1519=VERTEX_POINT('',#6097);
#1520=VERTEX_POINT('',#6101);
#1521=VERTEX_POINT('',#6102);
#1522=VERTEX_POINT('',#6107);
#1523=VERTEX_POINT('',#6108);
#1524=VERTEX_POINT('',#6110);
#1525=VERTEX_POINT('',#6112);
#1526=VERTEX_POINT('',#6114);
#1527=VERTEX_POINT('',#6116);
#1528=VERTEX_POINT('',#6118);
#1529=VERTEX_POINT('',#6120);
#1530=VERTEX_POINT('',#6124);
#1531=VERTEX_POINT('',#6128);
#1532=VERTEX_POINT('',#6131);
#1533=VERTEX_POINT('',#6133);
#1534=VERTEX_POINT('',#6137);
#1535=VERTEX_POINT('',#6138);
#1536=VERTEX_POINT('',#6140);
#1537=VERTEX_POINT('',#6142);
#1538=VERTEX_POINT('',#6146);
#1539=VERTEX_POINT('',#6147);
#1540=VERTEX_POINT('',#6152);
#1541=VERTEX_POINT('',#6153);
#1542=VERTEX_POINT('',#6158);
#1543=VERTEX_POINT('',#6159);
#1544=VERTEX_POINT('',#6164);
#1545=VERTEX_POINT('',#6165);
#1546=VERTEX_POINT('',#6170);
#1547=VERTEX_POINT('',#6171);
#1548=VERTEX_POINT('',#6176);
#1549=VERTEX_POINT('',#6177);
#1550=VERTEX_POINT('',#6185);
#1551=VERTEX_POINT('',#6187);
#1552=VERTEX_POINT('',#6191);
#1553=VERTEX_POINT('',#6195);
#1554=VERTEX_POINT('',#6199);
#1555=VERTEX_POINT('',#6204);
#1556=VERTEX_POINT('',#6206);
#1557=VERTEX_POINT('',#6221);
#1558=VERTEX_POINT('',#6234);
#1559=VERTEX_POINT('',#6235);
#1560=VERTEX_POINT('',#6237);
#1561=VERTEX_POINT('',#6242);
#1562=VERTEX_POINT('',#6243);
#1563=VERTEX_POINT('',#6248);
#1564=VERTEX_POINT('',#6249);
#1565=VERTEX_POINT('',#6251);
#1566=VERTEX_POINT('',#6253);
#1567=VERTEX_POINT('',#6255);
#1568=VERTEX_POINT('',#6257);
#1569=VERTEX_POINT('',#6259);
#1570=VERTEX_POINT('',#6261);
#1571=VERTEX_POINT('',#6265);
#1572=VERTEX_POINT('',#6269);
#1573=VERTEX_POINT('',#6272);
#1574=VERTEX_POINT('',#6274);
#1575=VERTEX_POINT('',#6278);
#1576=VERTEX_POINT('',#6279);
#1577=VERTEX_POINT('',#6281);
#1578=VERTEX_POINT('',#6283);
#1579=VERTEX_POINT('',#6287);
#1580=VERTEX_POINT('',#6288);
#1581=VERTEX_POINT('',#6293);
#1582=VERTEX_POINT('',#6294);
#1583=VERTEX_POINT('',#6299);
#1584=VERTEX_POINT('',#6300);
#1585=VERTEX_POINT('',#6305);
#1586=VERTEX_POINT('',#6306);
#1587=VERTEX_POINT('',#6311);
#1588=VERTEX_POINT('',#6312);
#1589=VERTEX_POINT('',#6317);
#1590=VERTEX_POINT('',#6318);
#1591=VERTEX_POINT('',#6326);
#1592=VERTEX_POINT('',#6328);
#1593=VERTEX_POINT('',#6332);
#1594=VERTEX_POINT('',#6336);
#1595=VERTEX_POINT('',#6340);
#1596=VERTEX_POINT('',#6345);
#1597=VERTEX_POINT('',#6347);
#1598=VERTEX_POINT('',#6362);
#1599=VERTEX_POINT('',#6375);
#1600=VERTEX_POINT('',#6377);
#1601=VERTEX_POINT('',#6381);
#1602=VERTEX_POINT('',#6382);
#1603=VERTEX_POINT('',#6385);
#1604=VERTEX_POINT('',#6389);
#1605=VERTEX_POINT('',#6390);
#1606=VERTEX_POINT('',#6395);
#1607=VERTEX_POINT('',#6396);
#1608=VERTEX_POINT('',#6398);
#1609=VERTEX_POINT('',#6400);
#1610=VERTEX_POINT('',#6402);
#1611=VERTEX_POINT('',#6404);
#1612=VERTEX_POINT('',#6406);
#1613=VERTEX_POINT('',#6408);
#1614=VERTEX_POINT('',#6412);
#1615=VERTEX_POINT('',#6416);
#1616=VERTEX_POINT('',#6419);
#1617=VERTEX_POINT('',#6421);
#1618=VERTEX_POINT('',#6427);
#1619=VERTEX_POINT('',#6428);
#1620=VERTEX_POINT('',#6430);
#1621=VERTEX_POINT('',#6432);
#1622=VERTEX_POINT('',#6436);
#1623=VERTEX_POINT('',#6437);
#1624=VERTEX_POINT('',#6442);
#1625=VERTEX_POINT('',#6443);
#1626=VERTEX_POINT('',#6448);
#1627=VERTEX_POINT('',#6449);
#1628=VERTEX_POINT('',#6454);
#1629=VERTEX_POINT('',#6455);
#1630=VERTEX_POINT('',#6460);
#1631=VERTEX_POINT('',#6461);
#1632=VERTEX_POINT('',#6466);
#1633=VERTEX_POINT('',#6467);
#1634=VERTEX_POINT('',#6475);
#1635=VERTEX_POINT('',#6477);
#1636=VERTEX_POINT('',#6481);
#1637=VERTEX_POINT('',#6485);
#1638=VERTEX_POINT('',#6489);
#1639=VERTEX_POINT('',#6494);
#1640=VERTEX_POINT('',#6496);
#1641=VERTEX_POINT('',#6511);
#1642=VERTEX_POINT('',#6524);
#1643=VERTEX_POINT('',#6525);
#1644=VERTEX_POINT('',#6527);
#1645=VERTEX_POINT('',#6532);
#1646=VERTEX_POINT('',#6533);
#1647=VERTEX_POINT('',#6538);
#1648=VERTEX_POINT('',#6539);
#1649=VERTEX_POINT('',#6541);
#1650=VERTEX_POINT('',#6543);
#1651=VERTEX_POINT('',#6545);
#1652=VERTEX_POINT('',#6547);
#1653=VERTEX_POINT('',#6549);
#1654=VERTEX_POINT('',#6551);
#1655=VERTEX_POINT('',#6555);
#1656=VERTEX_POINT('',#6559);
#1657=VERTEX_POINT('',#6562);
#1658=VERTEX_POINT('',#6564);
#1659=VERTEX_POINT('',#6568);
#1660=VERTEX_POINT('',#6569);
#1661=VERTEX_POINT('',#6571);
#1662=VERTEX_POINT('',#6573);
#1663=VERTEX_POINT('',#6577);
#1664=VERTEX_POINT('',#6578);
#1665=VERTEX_POINT('',#6583);
#1666=VERTEX_POINT('',#6584);
#1667=VERTEX_POINT('',#6589);
#1668=VERTEX_POINT('',#6590);
#1669=VERTEX_POINT('',#6595);
#1670=VERTEX_POINT('',#6596);
#1671=VERTEX_POINT('',#6601);
#1672=VERTEX_POINT('',#6602);
#1673=VERTEX_POINT('',#6607);
#1674=VERTEX_POINT('',#6608);
#1675=VERTEX_POINT('',#6616);
#1676=VERTEX_POINT('',#6618);
#1677=VERTEX_POINT('',#6622);
#1678=VERTEX_POINT('',#6626);
#1679=VERTEX_POINT('',#6630);
#1680=VERTEX_POINT('',#6635);
#1681=VERTEX_POINT('',#6637);
#1682=VERTEX_POINT('',#6652);
#1683=VERTEX_POINT('',#6665);
#1684=VERTEX_POINT('',#6667);
#1685=VERTEX_POINT('',#6671);
#1686=VERTEX_POINT('',#6672);
#1687=VERTEX_POINT('',#6675);
#1688=VERTEX_POINT('',#6679);
#1689=VERTEX_POINT('',#6680);
#1690=VERTEX_POINT('',#6685);
#1691=VERTEX_POINT('',#6686);
#1692=VERTEX_POINT('',#6688);
#1693=VERTEX_POINT('',#6690);
#1694=VERTEX_POINT('',#6692);
#1695=VERTEX_POINT('',#6694);
#1696=VERTEX_POINT('',#6696);
#1697=VERTEX_POINT('',#6698);
#1698=VERTEX_POINT('',#6702);
#1699=VERTEX_POINT('',#6706);
#1700=VERTEX_POINT('',#6709);
#1701=VERTEX_POINT('',#6711);
#1702=VERTEX_POINT('',#6717);
#1703=VERTEX_POINT('',#6718);
#1704=VERTEX_POINT('',#6720);
#1705=VERTEX_POINT('',#6722);
#1706=VERTEX_POINT('',#6726);
#1707=VERTEX_POINT('',#6727);
#1708=VERTEX_POINT('',#6732);
#1709=VERTEX_POINT('',#6733);
#1710=VERTEX_POINT('',#6738);
#1711=VERTEX_POINT('',#6739);
#1712=VERTEX_POINT('',#6744);
#1713=VERTEX_POINT('',#6745);
#1714=VERTEX_POINT('',#6750);
#1715=VERTEX_POINT('',#6751);
#1716=VERTEX_POINT('',#6756);
#1717=VERTEX_POINT('',#6757);
#1718=VERTEX_POINT('',#6765);
#1719=VERTEX_POINT('',#6767);
#1720=VERTEX_POINT('',#6771);
#1721=VERTEX_POINT('',#6775);
#1722=VERTEX_POINT('',#6779);
#1723=VERTEX_POINT('',#6784);
#1724=VERTEX_POINT('',#6786);
#1725=VERTEX_POINT('',#6801);
#1726=VERTEX_POINT('',#6814);
#1727=VERTEX_POINT('',#6815);
#1728=VERTEX_POINT('',#6817);
#1729=VERTEX_POINT('',#6822);
#1730=VERTEX_POINT('',#6823);
#1731=VERTEX_POINT('',#6828);
#1732=VERTEX_POINT('',#6829);
#1733=VERTEX_POINT('',#6831);
#1734=VERTEX_POINT('',#6833);
#1735=VERTEX_POINT('',#6835);
#1736=VERTEX_POINT('',#6837);
#1737=VERTEX_POINT('',#6839);
#1738=VERTEX_POINT('',#6841);
#1739=VERTEX_POINT('',#6845);
#1740=VERTEX_POINT('',#6849);
#1741=VERTEX_POINT('',#6852);
#1742=VERTEX_POINT('',#6854);
#1743=VERTEX_POINT('',#6860);
#1744=VERTEX_POINT('',#6861);
#1745=VERTEX_POINT('',#6863);
#1746=VERTEX_POINT('',#6865);
#1747=VERTEX_POINT('',#6869);
#1748=VERTEX_POINT('',#6870);
#1749=VERTEX_POINT('',#6875);
#1750=VERTEX_POINT('',#6876);
#1751=VERTEX_POINT('',#6881);
#1752=VERTEX_POINT('',#6882);
#1753=VERTEX_POINT('',#6887);
#1754=VERTEX_POINT('',#6888);
#1755=VERTEX_POINT('',#6893);
#1756=VERTEX_POINT('',#6894);
#1757=VERTEX_POINT('',#6899);
#1758=VERTEX_POINT('',#6900);
#1759=VERTEX_POINT('',#6908);
#1760=VERTEX_POINT('',#6910);
#1761=VERTEX_POINT('',#6914);
#1762=VERTEX_POINT('',#6918);
#1763=VERTEX_POINT('',#6922);
#1764=VERTEX_POINT('',#6927);
#1765=VERTEX_POINT('',#6929);
#1766=VERTEX_POINT('',#6944);
#1767=VERTEX_POINT('',#6957);
#1768=VERTEX_POINT('',#6959);
#1769=VERTEX_POINT('',#6963);
#1770=VERTEX_POINT('',#6964);
#1771=VERTEX_POINT('',#6967);
#1772=VERTEX_POINT('',#6971);
#1773=VERTEX_POINT('',#6972);
#1774=VERTEX_POINT('',#6977);
#1775=VERTEX_POINT('',#6978);
#1776=VERTEX_POINT('',#6980);
#1777=VERTEX_POINT('',#6982);
#1778=VERTEX_POINT('',#6984);
#1779=VERTEX_POINT('',#6986);
#1780=VERTEX_POINT('',#6988);
#1781=VERTEX_POINT('',#6990);
#1782=VERTEX_POINT('',#6994);
#1783=VERTEX_POINT('',#6998);
#1784=VERTEX_POINT('',#7001);
#1785=VERTEX_POINT('',#7003);
#1786=VERTEX_POINT('',#7009);
#1787=VERTEX_POINT('',#7010);
#1788=VERTEX_POINT('',#7012);
#1789=VERTEX_POINT('',#7014);
#1790=VERTEX_POINT('',#7018);
#1791=VERTEX_POINT('',#7019);
#1792=VERTEX_POINT('',#7024);
#1793=VERTEX_POINT('',#7025);
#1794=VERTEX_POINT('',#7030);
#1795=VERTEX_POINT('',#7031);
#1796=VERTEX_POINT('',#7036);
#1797=VERTEX_POINT('',#7037);
#1798=VERTEX_POINT('',#7042);
#1799=VERTEX_POINT('',#7043);
#1800=VERTEX_POINT('',#7048);
#1801=VERTEX_POINT('',#7049);
#1802=VERTEX_POINT('',#7057);
#1803=VERTEX_POINT('',#7059);
#1804=VERTEX_POINT('',#7063);
#1805=VERTEX_POINT('',#7067);
#1806=VERTEX_POINT('',#7071);
#1807=VERTEX_POINT('',#7076);
#1808=VERTEX_POINT('',#7078);
#1809=VERTEX_POINT('',#7093);
#1810=VERTEX_POINT('',#7106);
#1811=VERTEX_POINT('',#7107);
#1812=VERTEX_POINT('',#7109);
#1813=VERTEX_POINT('',#7114);
#1814=VERTEX_POINT('',#7115);
#1815=VERTEX_POINT('',#7120);
#1816=VERTEX_POINT('',#7121);
#1817=VERTEX_POINT('',#7123);
#1818=VERTEX_POINT('',#7125);
#1819=VERTEX_POINT('',#7127);
#1820=VERTEX_POINT('',#7129);
#1821=VERTEX_POINT('',#7131);
#1822=VERTEX_POINT('',#7133);
#1823=VERTEX_POINT('',#7137);
#1824=VERTEX_POINT('',#7141);
#1825=VERTEX_POINT('',#7144);
#1826=VERTEX_POINT('',#7146);
#1827=VERTEX_POINT('',#7150);
#1828=VERTEX_POINT('',#7154);
#1829=VERTEX_POINT('',#7155);
#1830=VERTEX_POINT('',#7157);
#1831=VERTEX_POINT('',#7159);
#1832=VERTEX_POINT('',#7163);
#1833=VERTEX_POINT('',#7164);
#1834=VERTEX_POINT('',#7169);
#1835=VERTEX_POINT('',#7170);
#1836=VERTEX_POINT('',#7175);
#1837=VERTEX_POINT('',#7176);
#1838=VERTEX_POINT('',#7181);
#1839=VERTEX_POINT('',#7182);
#1840=VERTEX_POINT('',#7187);
#1841=VERTEX_POINT('',#7188);
#1842=VERTEX_POINT('',#7193);
#1843=VERTEX_POINT('',#7194);
#1844=VERTEX_POINT('',#7202);
#1845=VERTEX_POINT('',#7204);
#1846=VERTEX_POINT('',#7208);
#1847=VERTEX_POINT('',#7212);
#1848=VERTEX_POINT('',#7216);
#1849=VERTEX_POINT('',#7221);
#1850=VERTEX_POINT('',#7223);
#1851=VERTEX_POINT('',#7238);
#1852=EDGE_CURVE('',#1514,#1514,#1088,.T.);
#1853=EDGE_CURVE('',#1515,#1515,#1089,.T.);
#1854=EDGE_CURVE('',#1515,#1516,#159,.T.);
#1855=EDGE_CURVE('',#1516,#1516,#1090,.T.);
#1856=EDGE_CURVE('',#1517,#1518,#1091,.T.);
#1857=EDGE_CURVE('',#1518,#1517,#1092,.T.);
#1858=EDGE_CURVE('',#1518,#1519,#1093,.T.);
#1859=EDGE_CURVE('',#1519,#1519,#1094,.T.);
#1860=EDGE_CURVE('',#1520,#1521,#1095,.T.);
#1861=EDGE_CURVE('',#1521,#1520,#1096,.T.);
#1862=EDGE_CURVE('',#1520,#1517,#160,.T.);
#1863=EDGE_CURVE('',#1522,#1523,#161,.T.);
#1864=EDGE_CURVE('',#1523,#1524,#1097,.T.);
#1865=EDGE_CURVE('',#1524,#1525,#162,.T.);
#1866=EDGE_CURVE('',#1525,#1526,#1098,.T.);
#1867=EDGE_CURVE('',#1526,#1527,#1099,.T.);
#1868=EDGE_CURVE('',#1527,#1528,#1100,.T.);
#1869=EDGE_CURVE('',#1528,#1529,#1101,.T.);
#1870=EDGE_CURVE('',#1529,#1522,#1102,.T.);
#1871=EDGE_CURVE('',#1530,#1530,#1103,.T.);
#1872=EDGE_CURVE('',#1530,#1521,#1104,.T.);
#1873=EDGE_CURVE('',#1531,#1531,#1105,.T.);
#1874=EDGE_CURVE('',#1531,#1532,#1106,.T.);
#1875=EDGE_CURVE('',#1533,#1532,#1107,.T.);
#1876=EDGE_CURVE('',#1532,#1533,#1108,.T.);
#1877=EDGE_CURVE('',#1534,#1535,#1109,.T.);
#1878=EDGE_CURVE('',#1536,#1534,#1110,.T.);
#1879=EDGE_CURVE('',#1537,#1536,#1111,.T.);
#1880=EDGE_CURVE('',#1535,#1537,#1112,.T.);
#1881=EDGE_CURVE('',#1538,#1539,#1113,.T.);
#1882=EDGE_CURVE('',#1537,#1538,#1114,.T.);
#1883=EDGE_CURVE('',#1539,#1536,#1115,.T.);
#1884=EDGE_CURVE('',#1540,#1541,#1116,.T.);
#1885=EDGE_CURVE('',#1538,#1540,#1117,.T.);
#1886=EDGE_CURVE('',#1541,#1539,#1118,.T.);
#1887=EDGE_CURVE('',#1542,#1543,#1119,.T.);
#1888=EDGE_CURVE('',#1540,#1542,#1120,.T.);
#1889=EDGE_CURVE('',#1543,#1541,#1121,.T.);
#1890=EDGE_CURVE('',#1544,#1545,#1122,.T.);
#1891=EDGE_CURVE('',#1542,#1544,#1123,.T.);
#1892=EDGE_CURVE('',#1545,#1543,#1124,.T.);
#1893=EDGE_CURVE('',#1546,#1547,#1125,.T.);
#1894=EDGE_CURVE('',#1544,#1546,#163,.T.);
#1895=EDGE_CURVE('',#1547,#1545,#164,.T.);
#1896=EDGE_CURVE('',#1548,#1549,#1126,.T.);
#1897=EDGE_CURVE('',#1546,#1548,#1127,.T.);
#1898=EDGE_CURVE('',#1549,#1547,#1128,.T.);
#1899=EDGE_CURVE('',#1534,#1549,#165,.T.);
#1900=EDGE_CURVE('',#1548,#1535,#166,.T.);
#1901=EDGE_CURVE('',#1550,#1542,#167,.T.);
#1902=EDGE_CURVE('',#1550,#1551,#1129,.T.);
#1903=EDGE_CURVE('',#1540,#1551,#168,.T.);
#1904=EDGE_CURVE('',#1551,#1552,#1130,.T.);
#1905=EDGE_CURVE('',#1552,#1538,#169,.T.);
#1906=EDGE_CURVE('',#1552,#1553,#1131,.T.);
#1907=EDGE_CURVE('',#1537,#1553,#170,.T.);
#1908=EDGE_CURVE('',#1553,#1554,#1132,.T.);
#1909=EDGE_CURVE('',#1535,#1554,#171,.T.);
#1910=EDGE_CURVE('',#1523,#1555,#1133,.T.);
#1911=EDGE_CURVE('',#1556,#1522,#1134,.T.);
#1912=EDGE_CURVE('',#1555,#1556,#172,.T.);
#1913=EDGE_CURVE('',#1550,#1529,#1135,.T.);
#1914=EDGE_CURVE('',#1556,#1550,#1136,.T.);
#1915=EDGE_CURVE('',#1551,#1528,#1137,.T.);
#1916=EDGE_CURVE('',#1552,#1527,#1138,.T.);
#1917=EDGE_CURVE('',#1553,#1526,#1139,.T.);
#1918=EDGE_CURVE('',#1554,#1525,#1140,.T.);
#1919=EDGE_CURVE('',#1557,#1524,#1141,.T.);
#1920=EDGE_CURVE('',#1554,#1557,#173,.T.);
#1921=EDGE_CURVE('',#1557,#1555,#1142,.T.);
#1922=EDGE_CURVE('',#1556,#1544,#174,.T.);
#1923=EDGE_CURVE('',#1546,#1555,#175,.T.);
#1924=EDGE_CURVE('',#1548,#1557,#176,.T.);
#1925=EDGE_CURVE('',#1558,#1559,#1143,.T.);
#1926=EDGE_CURVE('',#1559,#1560,#1144,.T.);
#1927=EDGE_CURVE('',#1560,#1560,#1145,.T.);
#1928=EDGE_CURVE('',#1559,#1558,#1146,.T.);
#1929=EDGE_CURVE('',#1561,#1562,#1147,.T.);
#1930=EDGE_CURVE('',#1561,#1558,#177,.T.);
#1931=EDGE_CURVE('',#1562,#1561,#1148,.T.);
#1932=EDGE_CURVE('',#1563,#1564,#178,.T.);
#1933=EDGE_CURVE('',#1565,#1563,#1149,.T.);
#1934=EDGE_CURVE('',#1566,#1565,#1150,.T.);
#1935=EDGE_CURVE('',#1567,#1566,#1151,.T.);
#1936=EDGE_CURVE('',#1568,#1567,#1152,.T.);
#1937=EDGE_CURVE('',#1569,#1568,#1153,.T.);
#1938=EDGE_CURVE('',#1570,#1569,#179,.T.);
#1939=EDGE_CURVE('',#1564,#1570,#1154,.T.);
#1940=EDGE_CURVE('',#1571,#1571,#1155,.T.);
#1941=EDGE_CURVE('',#1571,#1562,#1156,.T.);
#1942=EDGE_CURVE('',#1572,#1572,#1157,.T.);
#1943=EDGE_CURVE('',#1572,#1573,#1158,.T.);
#1944=EDGE_CURVE('',#1573,#1574,#1159,.T.);
#1945=EDGE_CURVE('',#1574,#1573,#1160,.T.);
#1946=EDGE_CURVE('',#1575,#1576,#1161,.T.);
#1947=EDGE_CURVE('',#1576,#1577,#1162,.T.);
#1948=EDGE_CURVE('',#1577,#1578,#1163,.T.);
#1949=EDGE_CURVE('',#1578,#1575,#1164,.T.);
#1950=EDGE_CURVE('',#1579,#1580,#1165,.T.);
#1951=EDGE_CURVE('',#1580,#1578,#1166,.T.);
#1952=EDGE_CURVE('',#1577,#1579,#1167,.T.);
#1953=EDGE_CURVE('',#1581,#1582,#1168,.T.);
#1954=EDGE_CURVE('',#1582,#1580,#1169,.T.);
#1955=EDGE_CURVE('',#1579,#1581,#1170,.T.);
#1956=EDGE_CURVE('',#1583,#1584,#1171,.T.);
#1957=EDGE_CURVE('',#1584,#1582,#1172,.T.);
#1958=EDGE_CURVE('',#1581,#1583,#1173,.T.);
#1959=EDGE_CURVE('',#1585,#1586,#1174,.T.);
#1960=EDGE_CURVE('',#1586,#1584,#1175,.T.);
#1961=EDGE_CURVE('',#1583,#1585,#1176,.T.);
#1962=EDGE_CURVE('',#1587,#1588,#1177,.T.);
#1963=EDGE_CURVE('',#1588,#1586,#180,.T.);
#1964=EDGE_CURVE('',#1585,#1587,#181,.T.);
#1965=EDGE_CURVE('',#1589,#1590,#1178,.T.);
#1966=EDGE_CURVE('',#1590,#1588,#1179,.T.);
#1967=EDGE_CURVE('',#1587,#1589,#1180,.T.);
#1968=EDGE_CURVE('',#1589,#1576,#182,.T.);
#1969=EDGE_CURVE('',#1575,#1590,#183,.T.);
#1970=EDGE_CURVE('',#1581,#1591,#184,.T.);
#1971=EDGE_CURVE('',#1592,#1591,#1181,.T.);
#1972=EDGE_CURVE('',#1592,#1583,#185,.T.);
#1973=EDGE_CURVE('',#1593,#1579,#186,.T.);
#1974=EDGE_CURVE('',#1591,#1593,#1182,.T.);
#1975=EDGE_CURVE('',#1577,#1594,#187,.T.);
#1976=EDGE_CURVE('',#1593,#1594,#1183,.T.);
#1977=EDGE_CURVE('',#1576,#1595,#188,.T.);
#1978=EDGE_CURVE('',#1594,#1595,#1184,.T.);
#1979=EDGE_CURVE('',#1564,#1596,#1185,.T.);
#1980=EDGE_CURVE('',#1596,#1597,#189,.T.);
#1981=EDGE_CURVE('',#1597,#1563,#1186,.T.);
#1982=EDGE_CURVE('',#1592,#1565,#1187,.T.);
#1983=EDGE_CURVE('',#1597,#1592,#1188,.T.);
#1984=EDGE_CURVE('',#1591,#1566,#1189,.T.);
#1985=EDGE_CURVE('',#1593,#1567,#1190,.T.);
#1986=EDGE_CURVE('',#1594,#1568,#1191,.T.);
#1987=EDGE_CURVE('',#1595,#1569,#1192,.T.);
#1988=EDGE_CURVE('',#1598,#1570,#1193,.T.);
#1989=EDGE_CURVE('',#1595,#1598,#190,.T.);
#1990=EDGE_CURVE('',#1598,#1596,#1194,.T.);
#1991=EDGE_CURVE('',#1597,#1585,#191,.T.);
#1992=EDGE_CURVE('',#1587,#1596,#192,.T.);
#1993=EDGE_CURVE('',#1589,#1598,#193,.T.);
#1994=EDGE_CURVE('',#1599,#1599,#1195,.T.);
#1995=EDGE_CURVE('',#1599,#1600,#194,.T.);
#1996=EDGE_CURVE('',#1600,#1600,#1196,.T.);
#1997=EDGE_CURVE('',#1601,#1602,#1197,.T.);
#1998=EDGE_CURVE('',#1602,#1601,#1198,.T.);
#1999=EDGE_CURVE('',#1602,#1603,#1199,.T.);
#2000=EDGE_CURVE('',#1603,#1603,#1200,.T.);
#2001=EDGE_CURVE('',#1604,#1605,#1201,.T.);
#2002=EDGE_CURVE('',#1605,#1604,#1202,.T.);
#2003=EDGE_CURVE('',#1604,#1601,#195,.T.);
#2004=EDGE_CURVE('',#1606,#1607,#196,.T.);
#2005=EDGE_CURVE('',#1607,#1608,#1203,.T.);
#2006=EDGE_CURVE('',#1608,#1609,#197,.T.);
#2007=EDGE_CURVE('',#1609,#1610,#1204,.T.);
#2008=EDGE_CURVE('',#1610,#1611,#1205,.T.);
#2009=EDGE_CURVE('',#1611,#1612,#1206,.T.);
#2010=EDGE_CURVE('',#1612,#1613,#1207,.T.);
#2011=EDGE_CURVE('',#1613,#1606,#1208,.T.);
#2012=EDGE_CURVE('',#1614,#1614,#1209,.T.);
#2013=EDGE_CURVE('',#1614,#1605,#1210,.T.);
#2014=EDGE_CURVE('',#1615,#1615,#1211,.T.);
#2015=EDGE_CURVE('',#1615,#1616,#1212,.T.);
#2016=EDGE_CURVE('',#1617,#1616,#1213,.T.);
#2017=EDGE_CURVE('',#1616,#1617,#1214,.T.);
#2018=EDGE_CURVE('',#1514,#1617,#198,.T.);
#2019=EDGE_CURVE('',#1618,#1619,#1215,.T.);
#2020=EDGE_CURVE('',#1620,#1618,#1216,.T.);
#2021=EDGE_CURVE('',#1621,#1620,#1217,.T.);
#2022=EDGE_CURVE('',#1619,#1621,#1218,.T.);
#2023=EDGE_CURVE('',#1622,#1623,#1219,.T.);
#2024=EDGE_CURVE('',#1621,#1622,#1220,.T.);
#2025=EDGE_CURVE('',#1623,#1620,#1221,.T.);
#2026=EDGE_CURVE('',#1624,#1625,#1222,.T.);
#2027=EDGE_CURVE('',#1622,#1624,#1223,.T.);
#2028=EDGE_CURVE('',#1625,#1623,#1224,.T.);
#2029=EDGE_CURVE('',#1626,#1627,#1225,.T.);
#2030=EDGE_CURVE('',#1624,#1626,#1226,.T.);
#2031=EDGE_CURVE('',#1627,#1625,#1227,.T.);
#2032=EDGE_CURVE('',#1628,#1629,#1228,.T.);
#2033=EDGE_CURVE('',#1626,#1628,#1229,.T.);
#2034=EDGE_CURVE('',#1629,#1627,#1230,.T.);
#2035=EDGE_CURVE('',#1630,#1631,#1231,.T.);
#2036=EDGE_CURVE('',#1628,#1630,#199,.T.);
#2037=EDGE_CURVE('',#1631,#1629,#200,.T.);
#2038=EDGE_CURVE('',#1632,#1633,#1232,.T.);
#2039=EDGE_CURVE('',#1630,#1632,#1233,.T.);
#2040=EDGE_CURVE('',#1633,#1631,#1234,.T.);
#2041=EDGE_CURVE('',#1618,#1633,#201,.T.);
#2042=EDGE_CURVE('',#1632,#1619,#202,.T.);
#2043=EDGE_CURVE('',#1634,#1626,#203,.T.);
#2044=EDGE_CURVE('',#1634,#1635,#1235,.T.);
#2045=EDGE_CURVE('',#1624,#1635,#204,.T.);
#2046=EDGE_CURVE('',#1635,#1636,#1236,.T.);
#2047=EDGE_CURVE('',#1636,#1622,#205,.T.);
#2048=EDGE_CURVE('',#1636,#1637,#1237,.T.);
#2049=EDGE_CURVE('',#1621,#1637,#206,.T.);
#2050=EDGE_CURVE('',#1637,#1638,#1238,.T.);
#2051=EDGE_CURVE('',#1619,#1638,#207,.T.);
#2052=EDGE_CURVE('',#1607,#1639,#1239,.T.);
#2053=EDGE_CURVE('',#1640,#1606,#1240,.T.);
#2054=EDGE_CURVE('',#1639,#1640,#208,.T.);
#2055=EDGE_CURVE('',#1634,#1613,#1241,.T.);
#2056=EDGE_CURVE('',#1640,#1634,#1242,.T.);
#2057=EDGE_CURVE('',#1635,#1612,#1243,.T.);
#2058=EDGE_CURVE('',#1636,#1611,#1244,.T.);
#2059=EDGE_CURVE('',#1637,#1610,#1245,.T.);
#2060=EDGE_CURVE('',#1638,#1609,#1246,.T.);
#2061=EDGE_CURVE('',#1641,#1608,#1247,.T.);
#2062=EDGE_CURVE('',#1638,#1641,#209,.T.);
#2063=EDGE_CURVE('',#1641,#1639,#1248,.T.);
#2064=EDGE_CURVE('',#1640,#1628,#210,.T.);
#2065=EDGE_CURVE('',#1630,#1639,#211,.T.);
#2066=EDGE_CURVE('',#1632,#1641,#212,.T.);
#2067=EDGE_CURVE('',#1642,#1643,#1249,.T.);
#2068=EDGE_CURVE('',#1643,#1644,#1250,.T.);
#2069=EDGE_CURVE('',#1644,#1644,#1251,.T.);
#2070=EDGE_CURVE('',#1643,#1642,#1252,.T.);
#2071=EDGE_CURVE('',#1645,#1646,#1253,.T.);
#2072=EDGE_CURVE('',#1645,#1642,#213,.T.);
#2073=EDGE_CURVE('',#1646,#1645,#1254,.T.);
#2074=EDGE_CURVE('',#1647,#1648,#214,.T.);
#2075=EDGE_CURVE('',#1649,#1647,#1255,.T.);
#2076=EDGE_CURVE('',#1650,#1649,#1256,.T.);
#2077=EDGE_CURVE('',#1651,#1650,#1257,.T.);
#2078=EDGE_CURVE('',#1652,#1651,#1258,.T.);
#2079=EDGE_CURVE('',#1653,#1652,#1259,.T.);
#2080=EDGE_CURVE('',#1654,#1653,#215,.T.);
#2081=EDGE_CURVE('',#1648,#1654,#1260,.T.);
#2082=EDGE_CURVE('',#1655,#1655,#1261,.T.);
#2083=EDGE_CURVE('',#1655,#1646,#1262,.T.);
#2084=EDGE_CURVE('',#1656,#1656,#1263,.T.);
#2085=EDGE_CURVE('',#1656,#1657,#1264,.T.);
#2086=EDGE_CURVE('',#1657,#1658,#1265,.T.);
#2087=EDGE_CURVE('',#1658,#1657,#1266,.T.);
#2088=EDGE_CURVE('',#1659,#1660,#1267,.T.);
#2089=EDGE_CURVE('',#1660,#1661,#1268,.T.);
#2090=EDGE_CURVE('',#1661,#1662,#1269,.T.);
#2091=EDGE_CURVE('',#1662,#1659,#1270,.T.);
#2092=EDGE_CURVE('',#1663,#1664,#1271,.T.);
#2093=EDGE_CURVE('',#1664,#1662,#1272,.T.);
#2094=EDGE_CURVE('',#1661,#1663,#1273,.T.);
#2095=EDGE_CURVE('',#1665,#1666,#1274,.T.);
#2096=EDGE_CURVE('',#1666,#1664,#1275,.T.);
#2097=EDGE_CURVE('',#1663,#1665,#1276,.T.);
#2098=EDGE_CURVE('',#1667,#1668,#1277,.T.);
#2099=EDGE_CURVE('',#1668,#1666,#1278,.T.);
#2100=EDGE_CURVE('',#1665,#1667,#1279,.T.);
#2101=EDGE_CURVE('',#1669,#1670,#1280,.T.);
#2102=EDGE_CURVE('',#1670,#1668,#1281,.T.);
#2103=EDGE_CURVE('',#1667,#1669,#1282,.T.);
#2104=EDGE_CURVE('',#1671,#1672,#1283,.T.);
#2105=EDGE_CURVE('',#1672,#1670,#216,.T.);
#2106=EDGE_CURVE('',#1669,#1671,#217,.T.);
#2107=EDGE_CURVE('',#1673,#1674,#1284,.T.);
#2108=EDGE_CURVE('',#1674,#1672,#1285,.T.);
#2109=EDGE_CURVE('',#1671,#1673,#1286,.T.);
#2110=EDGE_CURVE('',#1673,#1660,#218,.T.);
#2111=EDGE_CURVE('',#1659,#1674,#219,.T.);
#2112=EDGE_CURVE('',#1665,#1675,#220,.T.);
#2113=EDGE_CURVE('',#1676,#1675,#1287,.T.);
#2114=EDGE_CURVE('',#1676,#1667,#221,.T.);
#2115=EDGE_CURVE('',#1677,#1663,#222,.T.);
#2116=EDGE_CURVE('',#1675,#1677,#1288,.T.);
#2117=EDGE_CURVE('',#1661,#1678,#223,.T.);
#2118=EDGE_CURVE('',#1677,#1678,#1289,.T.);
#2119=EDGE_CURVE('',#1660,#1679,#224,.T.);
#2120=EDGE_CURVE('',#1678,#1679,#1290,.T.);
#2121=EDGE_CURVE('',#1648,#1680,#1291,.T.);
#2122=EDGE_CURVE('',#1680,#1681,#225,.T.);
#2123=EDGE_CURVE('',#1681,#1647,#1292,.T.);
#2124=EDGE_CURVE('',#1676,#1649,#1293,.T.);
#2125=EDGE_CURVE('',#1681,#1676,#1294,.T.);
#2126=EDGE_CURVE('',#1675,#1650,#1295,.T.);
#2127=EDGE_CURVE('',#1677,#1651,#1296,.T.);
#2128=EDGE_CURVE('',#1678,#1652,#1297,.T.);
#2129=EDGE_CURVE('',#1679,#1653,#1298,.T.);
#2130=EDGE_CURVE('',#1682,#1654,#1299,.T.);
#2131=EDGE_CURVE('',#1679,#1682,#226,.T.);
#2132=EDGE_CURVE('',#1682,#1680,#1300,.T.);
#2133=EDGE_CURVE('',#1681,#1669,#227,.T.);
#2134=EDGE_CURVE('',#1671,#1680,#228,.T.);
#2135=EDGE_CURVE('',#1673,#1682,#229,.T.);
#2136=EDGE_CURVE('',#1683,#1683,#1301,.T.);
#2137=EDGE_CURVE('',#1683,#1684,#230,.T.);
#2138=EDGE_CURVE('',#1684,#1684,#1302,.T.);
#2139=EDGE_CURVE('',#1685,#1686,#1303,.T.);
#2140=EDGE_CURVE('',#1686,#1685,#1304,.T.);
#2141=EDGE_CURVE('',#1686,#1687,#1305,.T.);
#2142=EDGE_CURVE('',#1687,#1687,#1306,.T.);
#2143=EDGE_CURVE('',#1688,#1689,#1307,.T.);
#2144=EDGE_CURVE('',#1689,#1688,#1308,.T.);
#2145=EDGE_CURVE('',#1688,#1685,#231,.T.);
#2146=EDGE_CURVE('',#1690,#1691,#232,.T.);
#2147=EDGE_CURVE('',#1691,#1692,#1309,.T.);
#2148=EDGE_CURVE('',#1692,#1693,#233,.T.);
#2149=EDGE_CURVE('',#1693,#1694,#1310,.T.);
#2150=EDGE_CURVE('',#1694,#1695,#1311,.T.);
#2151=EDGE_CURVE('',#1695,#1696,#1312,.T.);
#2152=EDGE_CURVE('',#1696,#1697,#1313,.T.);
#2153=EDGE_CURVE('',#1697,#1690,#1314,.T.);
#2154=EDGE_CURVE('',#1698,#1698,#1315,.T.);
#2155=EDGE_CURVE('',#1698,#1689,#1316,.T.);
#2156=EDGE_CURVE('',#1699,#1699,#1317,.T.);
#2157=EDGE_CURVE('',#1699,#1700,#1318,.T.);
#2158=EDGE_CURVE('',#1701,#1700,#1319,.T.);
#2159=EDGE_CURVE('',#1700,#1701,#1320,.T.);
#2160=EDGE_CURVE('',#1658,#1701,#234,.T.);
#2161=EDGE_CURVE('',#1702,#1703,#1321,.T.);
#2162=EDGE_CURVE('',#1704,#1702,#1322,.T.);
#2163=EDGE_CURVE('',#1705,#1704,#1323,.T.);
#2164=EDGE_CURVE('',#1703,#1705,#1324,.T.);
#2165=EDGE_CURVE('',#1706,#1707,#1325,.T.);
#2166=EDGE_CURVE('',#1705,#1706,#1326,.T.);
#2167=EDGE_CURVE('',#1707,#1704,#1327,.T.);
#2168=EDGE_CURVE('',#1708,#1709,#1328,.T.);
#2169=EDGE_CURVE('',#1706,#1708,#1329,.T.);
#2170=EDGE_CURVE('',#1709,#1707,#1330,.T.);
#2171=EDGE_CURVE('',#1710,#1711,#1331,.T.);
#2172=EDGE_CURVE('',#1708,#1710,#1332,.T.);
#2173=EDGE_CURVE('',#1711,#1709,#1333,.T.);
#2174=EDGE_CURVE('',#1712,#1713,#1334,.T.);
#2175=EDGE_CURVE('',#1710,#1712,#1335,.T.);
#2176=EDGE_CURVE('',#1713,#1711,#1336,.T.);
#2177=EDGE_CURVE('',#1714,#1715,#1337,.T.);
#2178=EDGE_CURVE('',#1712,#1714,#235,.T.);
#2179=EDGE_CURVE('',#1715,#1713,#236,.T.);
#2180=EDGE_CURVE('',#1716,#1717,#1338,.T.);
#2181=EDGE_CURVE('',#1714,#1716,#1339,.T.);
#2182=EDGE_CURVE('',#1717,#1715,#1340,.T.);
#2183=EDGE_CURVE('',#1702,#1717,#237,.T.);
#2184=EDGE_CURVE('',#1716,#1703,#238,.T.);
#2185=EDGE_CURVE('',#1718,#1710,#239,.T.);
#2186=EDGE_CURVE('',#1718,#1719,#1341,.T.);
#2187=EDGE_CURVE('',#1708,#1719,#240,.T.);
#2188=EDGE_CURVE('',#1719,#1720,#1342,.T.);
#2189=EDGE_CURVE('',#1720,#1706,#241,.T.);
#2190=EDGE_CURVE('',#1720,#1721,#1343,.T.);
#2191=EDGE_CURVE('',#1705,#1721,#242,.T.);
#2192=EDGE_CURVE('',#1721,#1722,#1344,.T.);
#2193=EDGE_CURVE('',#1703,#1722,#243,.T.);
#2194=EDGE_CURVE('',#1691,#1723,#1345,.T.);
#2195=EDGE_CURVE('',#1724,#1690,#1346,.T.);
#2196=EDGE_CURVE('',#1723,#1724,#244,.T.);
#2197=EDGE_CURVE('',#1718,#1697,#1347,.T.);
#2198=EDGE_CURVE('',#1724,#1718,#1348,.T.);
#2199=EDGE_CURVE('',#1719,#1696,#1349,.T.);
#2200=EDGE_CURVE('',#1720,#1695,#1350,.T.);
#2201=EDGE_CURVE('',#1721,#1694,#1351,.T.);
#2202=EDGE_CURVE('',#1722,#1693,#1352,.T.);
#2203=EDGE_CURVE('',#1725,#1692,#1353,.T.);
#2204=EDGE_CURVE('',#1722,#1725,#245,.T.);
#2205=EDGE_CURVE('',#1725,#1723,#1354,.T.);
#2206=EDGE_CURVE('',#1724,#1712,#246,.T.);
#2207=EDGE_CURVE('',#1714,#1723,#247,.T.);
#2208=EDGE_CURVE('',#1716,#1725,#248,.T.);
#2209=EDGE_CURVE('',#1726,#1727,#1355,.T.);
#2210=EDGE_CURVE('',#1727,#1728,#1356,.T.);
#2211=EDGE_CURVE('',#1728,#1728,#1357,.T.);
#2212=EDGE_CURVE('',#1727,#1726,#1358,.T.);
#2213=EDGE_CURVE('',#1729,#1730,#1359,.T.);
#2214=EDGE_CURVE('',#1729,#1726,#249,.T.);
#2215=EDGE_CURVE('',#1730,#1729,#1360,.T.);
#2216=EDGE_CURVE('',#1731,#1732,#250,.T.);
#2217=EDGE_CURVE('',#1733,#1731,#1361,.T.);
#2218=EDGE_CURVE('',#1734,#1733,#1362,.T.);
#2219=EDGE_CURVE('',#1735,#1734,#1363,.T.);
#2220=EDGE_CURVE('',#1736,#1735,#1364,.T.);
#2221=EDGE_CURVE('',#1737,#1736,#1365,.T.);
#2222=EDGE_CURVE('',#1738,#1737,#251,.T.);
#2223=EDGE_CURVE('',#1732,#1738,#1366,.T.);
#2224=EDGE_CURVE('',#1739,#1739,#1367,.T.);
#2225=EDGE_CURVE('',#1739,#1730,#1368,.T.);
#2226=EDGE_CURVE('',#1740,#1740,#1369,.T.);
#2227=EDGE_CURVE('',#1740,#1741,#1370,.T.);
#2228=EDGE_CURVE('',#1741,#1742,#1371,.T.);
#2229=EDGE_CURVE('',#1742,#1741,#1372,.T.);
#2230=EDGE_CURVE('',#1533,#1742,#252,.T.);
#2231=EDGE_CURVE('',#1743,#1744,#1373,.T.);
#2232=EDGE_CURVE('',#1744,#1745,#1374,.T.);
#2233=EDGE_CURVE('',#1745,#1746,#1375,.T.);
#2234=EDGE_CURVE('',#1746,#1743,#1376,.T.);
#2235=EDGE_CURVE('',#1747,#1748,#1377,.T.);
#2236=EDGE_CURVE('',#1748,#1746,#1378,.T.);
#2237=EDGE_CURVE('',#1745,#1747,#1379,.T.);
#2238=EDGE_CURVE('',#1749,#1750,#1380,.T.);
#2239=EDGE_CURVE('',#1750,#1748,#1381,.T.);
#2240=EDGE_CURVE('',#1747,#1749,#1382,.T.);
#2241=EDGE_CURVE('',#1751,#1752,#1383,.T.);
#2242=EDGE_CURVE('',#1752,#1750,#1384,.T.);
#2243=EDGE_CURVE('',#1749,#1751,#1385,.T.);
#2244=EDGE_CURVE('',#1753,#1754,#1386,.T.);
#2245=EDGE_CURVE('',#1754,#1752,#1387,.T.);
#2246=EDGE_CURVE('',#1751,#1753,#1388,.T.);
#2247=EDGE_CURVE('',#1755,#1756,#1389,.T.);
#2248=EDGE_CURVE('',#1756,#1754,#253,.T.);
#2249=EDGE_CURVE('',#1753,#1755,#254,.T.);
#2250=EDGE_CURVE('',#1757,#1758,#1390,.T.);
#2251=EDGE_CURVE('',#1758,#1756,#1391,.T.);
#2252=EDGE_CURVE('',#1755,#1757,#1392,.T.);
#2253=EDGE_CURVE('',#1757,#1744,#255,.T.);
#2254=EDGE_CURVE('',#1743,#1758,#256,.T.);
#2255=EDGE_CURVE('',#1749,#1759,#257,.T.);
#2256=EDGE_CURVE('',#1760,#1759,#1393,.T.);
#2257=EDGE_CURVE('',#1760,#1751,#258,.T.);
#2258=EDGE_CURVE('',#1761,#1747,#259,.T.);
#2259=EDGE_CURVE('',#1759,#1761,#1394,.T.);
#2260=EDGE_CURVE('',#1745,#1762,#260,.T.);
#2261=EDGE_CURVE('',#1761,#1762,#1395,.T.);
#2262=EDGE_CURVE('',#1744,#1763,#261,.T.);
#2263=EDGE_CURVE('',#1762,#1763,#1396,.T.);
#2264=EDGE_CURVE('',#1732,#1764,#1397,.T.);
#2265=EDGE_CURVE('',#1764,#1765,#262,.T.);
#2266=EDGE_CURVE('',#1765,#1731,#1398,.T.);
#2267=EDGE_CURVE('',#1760,#1733,#1399,.T.);
#2268=EDGE_CURVE('',#1765,#1760,#1400,.T.);
#2269=EDGE_CURVE('',#1759,#1734,#1401,.T.);
#2270=EDGE_CURVE('',#1761,#1735,#1402,.T.);
#2271=EDGE_CURVE('',#1762,#1736,#1403,.T.);
#2272=EDGE_CURVE('',#1763,#1737,#1404,.T.);
#2273=EDGE_CURVE('',#1766,#1738,#1405,.T.);
#2274=EDGE_CURVE('',#1763,#1766,#263,.T.);
#2275=EDGE_CURVE('',#1766,#1764,#1406,.T.);
#2276=EDGE_CURVE('',#1765,#1753,#264,.T.);
#2277=EDGE_CURVE('',#1755,#1764,#265,.T.);
#2278=EDGE_CURVE('',#1757,#1766,#266,.T.);
#2279=EDGE_CURVE('',#1767,#1767,#1407,.T.);
#2280=EDGE_CURVE('',#1767,#1768,#267,.T.);
#2281=EDGE_CURVE('',#1768,#1768,#1408,.T.);
#2282=EDGE_CURVE('',#1769,#1770,#1409,.T.);
#2283=EDGE_CURVE('',#1770,#1769,#1410,.T.);
#2284=EDGE_CURVE('',#1770,#1771,#1411,.T.);
#2285=EDGE_CURVE('',#1771,#1771,#1412,.T.);
#2286=EDGE_CURVE('',#1772,#1773,#1413,.T.);
#2287=EDGE_CURVE('',#1773,#1772,#1414,.T.);
#2288=EDGE_CURVE('',#1772,#1769,#268,.T.);
#2289=EDGE_CURVE('',#1774,#1775,#269,.T.);
#2290=EDGE_CURVE('',#1775,#1776,#1415,.T.);
#2291=EDGE_CURVE('',#1776,#1777,#270,.T.);
#2292=EDGE_CURVE('',#1777,#1778,#1416,.T.);
#2293=EDGE_CURVE('',#1778,#1779,#1417,.T.);
#2294=EDGE_CURVE('',#1779,#1780,#1418,.T.);
#2295=EDGE_CURVE('',#1780,#1781,#1419,.T.);
#2296=EDGE_CURVE('',#1781,#1774,#1420,.T.);
#2297=EDGE_CURVE('',#1782,#1782,#1421,.T.);
#2298=EDGE_CURVE('',#1782,#1773,#1422,.T.);
#2299=EDGE_CURVE('',#1783,#1783,#1423,.T.);
#2300=EDGE_CURVE('',#1783,#1784,#1424,.T.);
#2301=EDGE_CURVE('',#1785,#1784,#1425,.T.);
#2302=EDGE_CURVE('',#1784,#1785,#1426,.T.);
#2303=EDGE_CURVE('',#1574,#1785,#271,.T.);
#2304=EDGE_CURVE('',#1786,#1787,#1427,.T.);
#2305=EDGE_CURVE('',#1788,#1786,#1428,.T.);
#2306=EDGE_CURVE('',#1789,#1788,#1429,.T.);
#2307=EDGE_CURVE('',#1787,#1789,#1430,.T.);
#2308=EDGE_CURVE('',#1790,#1791,#1431,.T.);
#2309=EDGE_CURVE('',#1789,#1790,#1432,.T.);
#2310=EDGE_CURVE('',#1791,#1788,#1433,.T.);
#2311=EDGE_CURVE('',#1792,#1793,#1434,.T.);
#2312=EDGE_CURVE('',#1790,#1792,#1435,.T.);
#2313=EDGE_CURVE('',#1793,#1791,#1436,.T.);
#2314=EDGE_CURVE('',#1794,#1795,#1437,.T.);
#2315=EDGE_CURVE('',#1792,#1794,#1438,.T.);
#2316=EDGE_CURVE('',#1795,#1793,#1439,.T.);
#2317=EDGE_CURVE('',#1796,#1797,#1440,.T.);
#2318=EDGE_CURVE('',#1794,#1796,#1441,.T.);
#2319=EDGE_CURVE('',#1797,#1795,#1442,.T.);
#2320=EDGE_CURVE('',#1798,#1799,#1443,.T.);
#2321=EDGE_CURVE('',#1796,#1798,#272,.T.);
#2322=EDGE_CURVE('',#1799,#1797,#273,.T.);
#2323=EDGE_CURVE('',#1800,#1801,#1444,.T.);
#2324=EDGE_CURVE('',#1798,#1800,#1445,.T.);
#2325=EDGE_CURVE('',#1801,#1799,#1446,.T.);
#2326=EDGE_CURVE('',#1786,#1801,#274,.T.);
#2327=EDGE_CURVE('',#1800,#1787,#275,.T.);
#2328=EDGE_CURVE('',#1802,#1794,#276,.T.);
#2329=EDGE_CURVE('',#1802,#1803,#1447,.T.);
#2330=EDGE_CURVE('',#1792,#1803,#277,.T.);
#2331=EDGE_CURVE('',#1803,#1804,#1448,.T.);
#2332=EDGE_CURVE('',#1804,#1790,#278,.T.);
#2333=EDGE_CURVE('',#1804,#1805,#1449,.T.);
#2334=EDGE_CURVE('',#1789,#1805,#279,.T.);
#2335=EDGE_CURVE('',#1805,#1806,#1450,.T.);
#2336=EDGE_CURVE('',#1787,#1806,#280,.T.);
#2337=EDGE_CURVE('',#1775,#1807,#1451,.T.);
#2338=EDGE_CURVE('',#1808,#1774,#1452,.T.);
#2339=EDGE_CURVE('',#1807,#1808,#281,.T.);
#2340=EDGE_CURVE('',#1802,#1781,#1453,.T.);
#2341=EDGE_CURVE('',#1808,#1802,#1454,.T.);
#2342=EDGE_CURVE('',#1803,#1780,#1455,.T.);
#2343=EDGE_CURVE('',#1804,#1779,#1456,.T.);
#2344=EDGE_CURVE('',#1805,#1778,#1457,.T.);
#2345=EDGE_CURVE('',#1806,#1777,#1458,.T.);
#2346=EDGE_CURVE('',#1809,#1776,#1459,.T.);
#2347=EDGE_CURVE('',#1806,#1809,#282,.T.);
#2348=EDGE_CURVE('',#1809,#1807,#1460,.T.);
#2349=EDGE_CURVE('',#1808,#1796,#283,.T.);
#2350=EDGE_CURVE('',#1798,#1807,#284,.T.);
#2351=EDGE_CURVE('',#1800,#1809,#285,.T.);
#2352=EDGE_CURVE('',#1810,#1811,#1461,.T.);
#2353=EDGE_CURVE('',#1811,#1812,#1462,.T.);
#2354=EDGE_CURVE('',#1812,#1812,#1463,.T.);
#2355=EDGE_CURVE('',#1811,#1810,#1464,.T.);
#2356=EDGE_CURVE('',#1813,#1814,#1465,.T.);
#2357=EDGE_CURVE('',#1813,#1810,#286,.T.);
#2358=EDGE_CURVE('',#1814,#1813,#1466,.T.);
#2359=EDGE_CURVE('',#1815,#1816,#287,.T.);
#2360=EDGE_CURVE('',#1817,#1815,#1467,.T.);
#2361=EDGE_CURVE('',#1818,#1817,#1468,.T.);
#2362=EDGE_CURVE('',#1819,#1818,#1469,.T.);
#2363=EDGE_CURVE('',#1820,#1819,#1470,.T.);
#2364=EDGE_CURVE('',#1821,#1820,#1471,.T.);
#2365=EDGE_CURVE('',#1822,#1821,#288,.T.);
#2366=EDGE_CURVE('',#1816,#1822,#1472,.T.);
#2367=EDGE_CURVE('',#1823,#1823,#1473,.T.);
#2368=EDGE_CURVE('',#1823,#1814,#1474,.T.);
#2369=EDGE_CURVE('',#1824,#1824,#1475,.T.);
#2370=EDGE_CURVE('',#1824,#1825,#1476,.T.);
#2371=EDGE_CURVE('',#1825,#1826,#1477,.T.);
#2372=EDGE_CURVE('',#1826,#1825,#1478,.T.);
#2373=EDGE_CURVE('',#1827,#1827,#1479,.T.);
#2374=EDGE_CURVE('',#1827,#1826,#289,.T.);
#2375=EDGE_CURVE('',#1828,#1829,#1480,.T.);
#2376=EDGE_CURVE('',#1829,#1830,#1481,.T.);
#2377=EDGE_CURVE('',#1830,#1831,#1482,.T.);
#2378=EDGE_CURVE('',#1831,#1828,#1483,.T.);
#2379=EDGE_CURVE('',#1832,#1833,#1484,.T.);
#2380=EDGE_CURVE('',#1833,#1831,#1485,.T.);
#2381=EDGE_CURVE('',#1830,#1832,#1486,.T.);
#2382=EDGE_CURVE('',#1834,#1835,#1487,.T.);
#2383=EDGE_CURVE('',#1835,#1833,#1488,.T.);
#2384=EDGE_CURVE('',#1832,#1834,#1489,.T.);
#2385=EDGE_CURVE('',#1836,#1837,#1490,.T.);
#2386=EDGE_CURVE('',#1837,#1835,#1491,.T.);
#2387=EDGE_CURVE('',#1834,#1836,#1492,.T.);
#2388=EDGE_CURVE('',#1838,#1839,#1493,.T.);
#2389=EDGE_CURVE('',#1839,#1837,#1494,.T.);
#2390=EDGE_CURVE('',#1836,#1838,#1495,.T.);
#2391=EDGE_CURVE('',#1840,#1841,#1496,.T.);
#2392=EDGE_CURVE('',#1841,#1839,#290,.T.);
#2393=EDGE_CURVE('',#1838,#1840,#291,.T.);
#2394=EDGE_CURVE('',#1842,#1843,#1497,.T.);
#2395=EDGE_CURVE('',#1843,#1841,#1498,.T.);
#2396=EDGE_CURVE('',#1840,#1842,#1499,.T.);
#2397=EDGE_CURVE('',#1842,#1829,#292,.T.);
#2398=EDGE_CURVE('',#1828,#1843,#293,.T.);
#2399=EDGE_CURVE('',#1834,#1844,#294,.T.);
#2400=EDGE_CURVE('',#1845,#1844,#1500,.T.);
#2401=EDGE_CURVE('',#1845,#1836,#295,.T.);
#2402=EDGE_CURVE('',#1846,#1832,#296,.T.);
#2403=EDGE_CURVE('',#1844,#1846,#1501,.T.);
#2404=EDGE_CURVE('',#1830,#1847,#297,.T.);
#2405=EDGE_CURVE('',#1846,#1847,#1502,.T.);
#2406=EDGE_CURVE('',#1829,#1848,#298,.T.);
#2407=EDGE_CURVE('',#1847,#1848,#1503,.T.);
#2408=EDGE_CURVE('',#1816,#1849,#1504,.T.);
#2409=EDGE_CURVE('',#1849,#1850,#299,.T.);
#2410=EDGE_CURVE('',#1850,#1815,#1505,.T.);
#2411=EDGE_CURVE('',#1845,#1817,#1506,.T.);
#2412=EDGE_CURVE('',#1850,#1845,#1507,.T.);
#2413=EDGE_CURVE('',#1844,#1818,#1508,.T.);
#2414=EDGE_CURVE('',#1846,#1819,#1509,.T.);
#2415=EDGE_CURVE('',#1847,#1820,#1510,.T.);
#2416=EDGE_CURVE('',#1848,#1821,#1511,.T.);
#2417=EDGE_CURVE('',#1851,#1822,#1512,.T.);
#2418=EDGE_CURVE('',#1848,#1851,#300,.T.);
#2419=EDGE_CURVE('',#1851,#1849,#1513,.T.);
#2420=EDGE_CURVE('',#1850,#1838,#301,.T.);
#2421=EDGE_CURVE('',#1840,#1849,#302,.T.);
#2422=EDGE_CURVE('',#1842,#1851,#303,.T.);
#2423=ORIENTED_EDGE('',*,*,#1852,.T.);
#2424=ORIENTED_EDGE('',*,*,#1853,.F.);
#2425=ORIENTED_EDGE('',*,*,#1854,.T.);
#2426=ORIENTED_EDGE('',*,*,#1855,.F.);
#2427=ORIENTED_EDGE('',*,*,#1854,.F.);
#2428=ORIENTED_EDGE('',*,*,#1856,.F.);
#2429=ORIENTED_EDGE('',*,*,#1857,.F.);
#2430=ORIENTED_EDGE('',*,*,#1858,.T.);
#2431=ORIENTED_EDGE('',*,*,#1859,.F.);
#2432=ORIENTED_EDGE('',*,*,#1858,.F.);
#2433=ORIENTED_EDGE('',*,*,#1860,.T.);
#2434=ORIENTED_EDGE('',*,*,#1861,.T.);
#2435=ORIENTED_EDGE('',*,*,#1862,.T.);
#2436=ORIENTED_EDGE('',*,*,#1856,.T.);
#2437=ORIENTED_EDGE('',*,*,#1857,.T.);
#2438=ORIENTED_EDGE('',*,*,#1862,.F.);
#2439=ORIENTED_EDGE('',*,*,#1863,.T.);
#2440=ORIENTED_EDGE('',*,*,#1864,.T.);
#2441=ORIENTED_EDGE('',*,*,#1865,.T.);
#2442=ORIENTED_EDGE('',*,*,#1866,.T.);
#2443=ORIENTED_EDGE('',*,*,#1867,.T.);
#2444=ORIENTED_EDGE('',*,*,#1868,.T.);
#2445=ORIENTED_EDGE('',*,*,#1869,.T.);
#2446=ORIENTED_EDGE('',*,*,#1870,.T.);
#2447=ORIENTED_EDGE('',*,*,#1859,.T.);
#2448=ORIENTED_EDGE('',*,*,#1871,.F.);
#2449=ORIENTED_EDGE('',*,*,#1872,.T.);
#2450=ORIENTED_EDGE('',*,*,#1860,.F.);
#2451=ORIENTED_EDGE('',*,*,#1861,.F.);
#2452=ORIENTED_EDGE('',*,*,#1872,.F.);
#2453=ORIENTED_EDGE('',*,*,#1871,.T.);
#2454=ORIENTED_EDGE('',*,*,#1873,.T.);
#2455=ORIENTED_EDGE('',*,*,#1873,.F.);
#2456=ORIENTED_EDGE('',*,*,#1874,.T.);
#2457=ORIENTED_EDGE('',*,*,#1875,.F.);
#2458=ORIENTED_EDGE('',*,*,#1876,.F.);
#2459=ORIENTED_EDGE('',*,*,#1874,.F.);
#2460=ORIENTED_EDGE('',*,*,#1877,.F.);
#2461=ORIENTED_EDGE('',*,*,#1878,.F.);
#2462=ORIENTED_EDGE('',*,*,#1879,.F.);
#2463=ORIENTED_EDGE('',*,*,#1880,.F.);
#2464=ORIENTED_EDGE('',*,*,#1881,.F.);
#2465=ORIENTED_EDGE('',*,*,#1882,.F.);
#2466=ORIENTED_EDGE('',*,*,#1879,.T.);
#2467=ORIENTED_EDGE('',*,*,#1883,.F.);
#2468=ORIENTED_EDGE('',*,*,#1884,.F.);
#2469=ORIENTED_EDGE('',*,*,#1885,.F.);
#2470=ORIENTED_EDGE('',*,*,#1881,.T.);
#2471=ORIENTED_EDGE('',*,*,#1886,.F.);
#2472=ORIENTED_EDGE('',*,*,#1887,.F.);
#2473=ORIENTED_EDGE('',*,*,#1888,.F.);
#2474=ORIENTED_EDGE('',*,*,#1884,.T.);
#2475=ORIENTED_EDGE('',*,*,#1889,.F.);
#2476=ORIENTED_EDGE('',*,*,#1890,.F.);
#2477=ORIENTED_EDGE('',*,*,#1891,.F.);
#2478=ORIENTED_EDGE('',*,*,#1887,.T.);
#2479=ORIENTED_EDGE('',*,*,#1892,.F.);
#2480=ORIENTED_EDGE('',*,*,#1893,.F.);
#2481=ORIENTED_EDGE('',*,*,#1894,.F.);
#2482=ORIENTED_EDGE('',*,*,#1890,.T.);
#2483=ORIENTED_EDGE('',*,*,#1895,.F.);
#2484=ORIENTED_EDGE('',*,*,#1896,.F.);
#2485=ORIENTED_EDGE('',*,*,#1897,.F.);
#2486=ORIENTED_EDGE('',*,*,#1893,.T.);
#2487=ORIENTED_EDGE('',*,*,#1898,.F.);
#2488=ORIENTED_EDGE('',*,*,#1896,.T.);
#2489=ORIENTED_EDGE('',*,*,#1899,.F.);
#2490=ORIENTED_EDGE('',*,*,#1877,.T.);
#2491=ORIENTED_EDGE('',*,*,#1900,.F.);
#2492=ORIENTED_EDGE('',*,*,#1888,.T.);
#2493=ORIENTED_EDGE('',*,*,#1901,.F.);
#2494=ORIENTED_EDGE('',*,*,#1902,.T.);
#2495=ORIENTED_EDGE('',*,*,#1903,.F.);
#2496=ORIENTED_EDGE('',*,*,#1885,.T.);
#2497=ORIENTED_EDGE('',*,*,#1903,.T.);
#2498=ORIENTED_EDGE('',*,*,#1904,.T.);
#2499=ORIENTED_EDGE('',*,*,#1905,.T.);
#2500=ORIENTED_EDGE('',*,*,#1882,.T.);
#2501=ORIENTED_EDGE('',*,*,#1905,.F.);
#2502=ORIENTED_EDGE('',*,*,#1906,.T.);
#2503=ORIENTED_EDGE('',*,*,#1907,.F.);
#2504=ORIENTED_EDGE('',*,*,#1880,.T.);
#2505=ORIENTED_EDGE('',*,*,#1907,.T.);
#2506=ORIENTED_EDGE('',*,*,#1908,.T.);
#2507=ORIENTED_EDGE('',*,*,#1909,.F.);
#2508=ORIENTED_EDGE('',*,*,#1878,.T.);
#2509=ORIENTED_EDGE('',*,*,#1899,.T.);
#2510=ORIENTED_EDGE('',*,*,#1898,.T.);
#2511=ORIENTED_EDGE('',*,*,#1895,.T.);
#2512=ORIENTED_EDGE('',*,*,#1892,.T.);
#2513=ORIENTED_EDGE('',*,*,#1889,.T.);
#2514=ORIENTED_EDGE('',*,*,#1886,.T.);
#2515=ORIENTED_EDGE('',*,*,#1883,.T.);
#2516=ORIENTED_EDGE('',*,*,#1855,.T.);
#2517=ORIENTED_EDGE('',*,*,#1910,.F.);
#2518=ORIENTED_EDGE('',*,*,#1863,.F.);
#2519=ORIENTED_EDGE('',*,*,#1911,.F.);
#2520=ORIENTED_EDGE('',*,*,#1912,.F.);
#2521=ORIENTED_EDGE('',*,*,#1913,.F.);
#2522=ORIENTED_EDGE('',*,*,#1914,.F.);
#2523=ORIENTED_EDGE('',*,*,#1911,.T.);
#2524=ORIENTED_EDGE('',*,*,#1870,.F.);
#2525=ORIENTED_EDGE('',*,*,#1915,.F.);
#2526=ORIENTED_EDGE('',*,*,#1902,.F.);
#2527=ORIENTED_EDGE('',*,*,#1913,.T.);
#2528=ORIENTED_EDGE('',*,*,#1869,.F.);
#2529=ORIENTED_EDGE('',*,*,#1916,.F.);
#2530=ORIENTED_EDGE('',*,*,#1904,.F.);
#2531=ORIENTED_EDGE('',*,*,#1915,.T.);
#2532=ORIENTED_EDGE('',*,*,#1868,.F.);
#2533=ORIENTED_EDGE('',*,*,#1917,.F.);
#2534=ORIENTED_EDGE('',*,*,#1906,.F.);
#2535=ORIENTED_EDGE('',*,*,#1916,.T.);
#2536=ORIENTED_EDGE('',*,*,#1867,.F.);
#2537=ORIENTED_EDGE('',*,*,#1918,.F.);
#2538=ORIENTED_EDGE('',*,*,#1908,.F.);
#2539=ORIENTED_EDGE('',*,*,#1917,.T.);
#2540=ORIENTED_EDGE('',*,*,#1866,.F.);
#2541=ORIENTED_EDGE('',*,*,#1919,.F.);
#2542=ORIENTED_EDGE('',*,*,#1920,.F.);
#2543=ORIENTED_EDGE('',*,*,#1918,.T.);
#2544=ORIENTED_EDGE('',*,*,#1865,.F.);
#2545=ORIENTED_EDGE('',*,*,#1910,.T.);
#2546=ORIENTED_EDGE('',*,*,#1921,.F.);
#2547=ORIENTED_EDGE('',*,*,#1919,.T.);
#2548=ORIENTED_EDGE('',*,*,#1864,.F.);
#2549=ORIENTED_EDGE('',*,*,#1891,.T.);
#2550=ORIENTED_EDGE('',*,*,#1922,.F.);
#2551=ORIENTED_EDGE('',*,*,#1914,.T.);
#2552=ORIENTED_EDGE('',*,*,#1901,.T.);
#2553=ORIENTED_EDGE('',*,*,#1894,.T.);
#2554=ORIENTED_EDGE('',*,*,#1923,.T.);
#2555=ORIENTED_EDGE('',*,*,#1912,.T.);
#2556=ORIENTED_EDGE('',*,*,#1922,.T.);
#2557=ORIENTED_EDGE('',*,*,#1900,.T.);
#2558=ORIENTED_EDGE('',*,*,#1909,.T.);
#2559=ORIENTED_EDGE('',*,*,#1920,.T.);
#2560=ORIENTED_EDGE('',*,*,#1924,.F.);
#2561=ORIENTED_EDGE('',*,*,#1897,.T.);
#2562=ORIENTED_EDGE('',*,*,#1924,.T.);
#2563=ORIENTED_EDGE('',*,*,#1921,.T.);
#2564=ORIENTED_EDGE('',*,*,#1923,.F.);
#2565=ORIENTED_EDGE('',*,*,#1925,.T.);
#2566=ORIENTED_EDGE('',*,*,#1926,.T.);
#2567=ORIENTED_EDGE('',*,*,#1927,.T.);
#2568=ORIENTED_EDGE('',*,*,#1926,.F.);
#2569=ORIENTED_EDGE('',*,*,#1928,.T.);
#2570=ORIENTED_EDGE('',*,*,#1929,.F.);
#2571=ORIENTED_EDGE('',*,*,#1930,.T.);
#2572=ORIENTED_EDGE('',*,*,#1928,.F.);
#2573=ORIENTED_EDGE('',*,*,#1925,.F.);
#2574=ORIENTED_EDGE('',*,*,#1930,.F.);
#2575=ORIENTED_EDGE('',*,*,#1931,.F.);
#2576=ORIENTED_EDGE('',*,*,#1932,.F.);
#2577=ORIENTED_EDGE('',*,*,#1933,.F.);
#2578=ORIENTED_EDGE('',*,*,#1934,.F.);
#2579=ORIENTED_EDGE('',*,*,#1935,.F.);
#2580=ORIENTED_EDGE('',*,*,#1936,.F.);
#2581=ORIENTED_EDGE('',*,*,#1937,.F.);
#2582=ORIENTED_EDGE('',*,*,#1938,.F.);
#2583=ORIENTED_EDGE('',*,*,#1939,.F.);
#2584=ORIENTED_EDGE('',*,*,#1927,.F.);
#2585=ORIENTED_EDGE('',*,*,#1940,.T.);
#2586=ORIENTED_EDGE('',*,*,#1941,.T.);
#2587=ORIENTED_EDGE('',*,*,#1931,.T.);
#2588=ORIENTED_EDGE('',*,*,#1929,.T.);
#2589=ORIENTED_EDGE('',*,*,#1941,.F.);
#2590=ORIENTED_EDGE('',*,*,#1940,.F.);
#2591=ORIENTED_EDGE('',*,*,#1942,.F.);
#2592=ORIENTED_EDGE('',*,*,#1942,.T.);
#2593=ORIENTED_EDGE('',*,*,#1943,.T.);
#2594=ORIENTED_EDGE('',*,*,#1944,.T.);
#2595=ORIENTED_EDGE('',*,*,#1945,.T.);
#2596=ORIENTED_EDGE('',*,*,#1943,.F.);
#2597=ORIENTED_EDGE('',*,*,#1946,.T.);
#2598=ORIENTED_EDGE('',*,*,#1947,.T.);
#2599=ORIENTED_EDGE('',*,*,#1948,.T.);
#2600=ORIENTED_EDGE('',*,*,#1949,.T.);
#2601=ORIENTED_EDGE('',*,*,#1950,.T.);
#2602=ORIENTED_EDGE('',*,*,#1951,.T.);
#2603=ORIENTED_EDGE('',*,*,#1948,.F.);
#2604=ORIENTED_EDGE('',*,*,#1952,.T.);
#2605=ORIENTED_EDGE('',*,*,#1953,.T.);
#2606=ORIENTED_EDGE('',*,*,#1954,.T.);
#2607=ORIENTED_EDGE('',*,*,#1950,.F.);
#2608=ORIENTED_EDGE('',*,*,#1955,.T.);
#2609=ORIENTED_EDGE('',*,*,#1956,.T.);
#2610=ORIENTED_EDGE('',*,*,#1957,.T.);
#2611=ORIENTED_EDGE('',*,*,#1953,.F.);
#2612=ORIENTED_EDGE('',*,*,#1958,.T.);
#2613=ORIENTED_EDGE('',*,*,#1959,.T.);
#2614=ORIENTED_EDGE('',*,*,#1960,.T.);
#2615=ORIENTED_EDGE('',*,*,#1956,.F.);
#2616=ORIENTED_EDGE('',*,*,#1961,.T.);
#2617=ORIENTED_EDGE('',*,*,#1962,.T.);
#2618=ORIENTED_EDGE('',*,*,#1963,.T.);
#2619=ORIENTED_EDGE('',*,*,#1959,.F.);
#2620=ORIENTED_EDGE('',*,*,#1964,.T.);
#2621=ORIENTED_EDGE('',*,*,#1965,.T.);
#2622=ORIENTED_EDGE('',*,*,#1966,.T.);
#2623=ORIENTED_EDGE('',*,*,#1962,.F.);
#2624=ORIENTED_EDGE('',*,*,#1967,.T.);
#2625=ORIENTED_EDGE('',*,*,#1965,.F.);
#2626=ORIENTED_EDGE('',*,*,#1968,.T.);
#2627=ORIENTED_EDGE('',*,*,#1946,.F.);
#2628=ORIENTED_EDGE('',*,*,#1969,.T.);
#2629=ORIENTED_EDGE('',*,*,#1958,.F.);
#2630=ORIENTED_EDGE('',*,*,#1970,.T.);
#2631=ORIENTED_EDGE('',*,*,#1971,.F.);
#2632=ORIENTED_EDGE('',*,*,#1972,.T.);
#2633=ORIENTED_EDGE('',*,*,#1955,.F.);
#2634=ORIENTED_EDGE('',*,*,#1973,.F.);
#2635=ORIENTED_EDGE('',*,*,#1974,.F.);
#2636=ORIENTED_EDGE('',*,*,#1970,.F.);
#2637=ORIENTED_EDGE('',*,*,#1952,.F.);
#2638=ORIENTED_EDGE('',*,*,#1975,.T.);
#2639=ORIENTED_EDGE('',*,*,#1976,.F.);
#2640=ORIENTED_EDGE('',*,*,#1973,.T.);
#2641=ORIENTED_EDGE('',*,*,#1947,.F.);
#2642=ORIENTED_EDGE('',*,*,#1977,.T.);
#2643=ORIENTED_EDGE('',*,*,#1978,.F.);
#2644=ORIENTED_EDGE('',*,*,#1975,.F.);
#2645=ORIENTED_EDGE('',*,*,#1949,.F.);
#2646=ORIENTED_EDGE('',*,*,#1951,.F.);
#2647=ORIENTED_EDGE('',*,*,#1954,.F.);
#2648=ORIENTED_EDGE('',*,*,#1957,.F.);
#2649=ORIENTED_EDGE('',*,*,#1960,.F.);
#2650=ORIENTED_EDGE('',*,*,#1963,.F.);
#2651=ORIENTED_EDGE('',*,*,#1966,.F.);
#2652=ORIENTED_EDGE('',*,*,#1969,.F.);
#2653=ORIENTED_EDGE('',*,*,#1853,.T.);
#2654=ORIENTED_EDGE('',*,*,#1979,.T.);
#2655=ORIENTED_EDGE('',*,*,#1980,.T.);
#2656=ORIENTED_EDGE('',*,*,#1981,.T.);
#2657=ORIENTED_EDGE('',*,*,#1932,.T.);
#2658=ORIENTED_EDGE('',*,*,#1982,.T.);
#2659=ORIENTED_EDGE('',*,*,#1933,.T.);
#2660=ORIENTED_EDGE('',*,*,#1981,.F.);
#2661=ORIENTED_EDGE('',*,*,#1983,.T.);
#2662=ORIENTED_EDGE('',*,*,#1984,.T.);
#2663=ORIENTED_EDGE('',*,*,#1934,.T.);
#2664=ORIENTED_EDGE('',*,*,#1982,.F.);
#2665=ORIENTED_EDGE('',*,*,#1971,.T.);
#2666=ORIENTED_EDGE('',*,*,#1985,.T.);
#2667=ORIENTED_EDGE('',*,*,#1935,.T.);
#2668=ORIENTED_EDGE('',*,*,#1984,.F.);
#2669=ORIENTED_EDGE('',*,*,#1974,.T.);
#2670=ORIENTED_EDGE('',*,*,#1986,.T.);
#2671=ORIENTED_EDGE('',*,*,#1936,.T.);
#2672=ORIENTED_EDGE('',*,*,#1985,.F.);
#2673=ORIENTED_EDGE('',*,*,#1976,.T.);
#2674=ORIENTED_EDGE('',*,*,#1987,.T.);
#2675=ORIENTED_EDGE('',*,*,#1937,.T.);
#2676=ORIENTED_EDGE('',*,*,#1986,.F.);
#2677=ORIENTED_EDGE('',*,*,#1978,.T.);
#2678=ORIENTED_EDGE('',*,*,#1988,.T.);
#2679=ORIENTED_EDGE('',*,*,#1938,.T.);
#2680=ORIENTED_EDGE('',*,*,#1987,.F.);
#2681=ORIENTED_EDGE('',*,*,#1989,.T.);
#2682=ORIENTED_EDGE('',*,*,#1979,.F.);
#2683=ORIENTED_EDGE('',*,*,#1939,.T.);
#2684=ORIENTED_EDGE('',*,*,#1988,.F.);
#2685=ORIENTED_EDGE('',*,*,#1990,.T.);
#2686=ORIENTED_EDGE('',*,*,#1961,.F.);
#2687=ORIENTED_EDGE('',*,*,#1972,.F.);
#2688=ORIENTED_EDGE('',*,*,#1983,.F.);
#2689=ORIENTED_EDGE('',*,*,#1991,.T.);
#2690=ORIENTED_EDGE('',*,*,#1964,.F.);
#2691=ORIENTED_EDGE('',*,*,#1991,.F.);
#2692=ORIENTED_EDGE('',*,*,#1980,.F.);
#2693=ORIENTED_EDGE('',*,*,#1992,.F.);
#2694=ORIENTED_EDGE('',*,*,#1968,.F.);
#2695=ORIENTED_EDGE('',*,*,#1993,.T.);
#2696=ORIENTED_EDGE('',*,*,#1989,.F.);
#2697=ORIENTED_EDGE('',*,*,#1977,.F.);
#2698=ORIENTED_EDGE('',*,*,#1967,.F.);
#2699=ORIENTED_EDGE('',*,*,#1992,.T.);
#2700=ORIENTED_EDGE('',*,*,#1990,.F.);
#2701=ORIENTED_EDGE('',*,*,#1993,.F.);
#2702=ORIENTED_EDGE('',*,*,#1994,.F.);
#2703=ORIENTED_EDGE('',*,*,#1995,.T.);
#2704=ORIENTED_EDGE('',*,*,#1996,.F.);
#2705=ORIENTED_EDGE('',*,*,#1995,.F.);
#2706=ORIENTED_EDGE('',*,*,#1997,.F.);
#2707=ORIENTED_EDGE('',*,*,#1998,.F.);
#2708=ORIENTED_EDGE('',*,*,#1999,.T.);
#2709=ORIENTED_EDGE('',*,*,#2000,.F.);
#2710=ORIENTED_EDGE('',*,*,#1999,.F.);
#2711=ORIENTED_EDGE('',*,*,#2001,.T.);
#2712=ORIENTED_EDGE('',*,*,#2002,.T.);
#2713=ORIENTED_EDGE('',*,*,#2003,.T.);
#2714=ORIENTED_EDGE('',*,*,#1997,.T.);
#2715=ORIENTED_EDGE('',*,*,#1998,.T.);
#2716=ORIENTED_EDGE('',*,*,#2003,.F.);
#2717=ORIENTED_EDGE('',*,*,#2004,.T.);
#2718=ORIENTED_EDGE('',*,*,#2005,.T.);
#2719=ORIENTED_EDGE('',*,*,#2006,.T.);
#2720=ORIENTED_EDGE('',*,*,#2007,.T.);
#2721=ORIENTED_EDGE('',*,*,#2008,.T.);
#2722=ORIENTED_EDGE('',*,*,#2009,.T.);
#2723=ORIENTED_EDGE('',*,*,#2010,.T.);
#2724=ORIENTED_EDGE('',*,*,#2011,.T.);
#2725=ORIENTED_EDGE('',*,*,#2000,.T.);
#2726=ORIENTED_EDGE('',*,*,#2012,.F.);
#2727=ORIENTED_EDGE('',*,*,#2013,.T.);
#2728=ORIENTED_EDGE('',*,*,#2001,.F.);
#2729=ORIENTED_EDGE('',*,*,#2002,.F.);
#2730=ORIENTED_EDGE('',*,*,#2013,.F.);
#2731=ORIENTED_EDGE('',*,*,#2012,.T.);
#2732=ORIENTED_EDGE('',*,*,#2014,.T.);
#2733=ORIENTED_EDGE('',*,*,#2014,.F.);
#2734=ORIENTED_EDGE('',*,*,#2015,.T.);
#2735=ORIENTED_EDGE('',*,*,#2016,.F.);
#2736=ORIENTED_EDGE('',*,*,#2017,.F.);
#2737=ORIENTED_EDGE('',*,*,#2015,.F.);
#2738=ORIENTED_EDGE('',*,*,#1852,.F.);
#2739=ORIENTED_EDGE('',*,*,#2018,.T.);
#2740=ORIENTED_EDGE('',*,*,#2016,.T.);
#2741=ORIENTED_EDGE('',*,*,#2017,.T.);
#2742=ORIENTED_EDGE('',*,*,#2018,.F.);
#2743=ORIENTED_EDGE('',*,*,#2019,.F.);
#2744=ORIENTED_EDGE('',*,*,#2020,.F.);
#2745=ORIENTED_EDGE('',*,*,#2021,.F.);
#2746=ORIENTED_EDGE('',*,*,#2022,.F.);
#2747=ORIENTED_EDGE('',*,*,#2023,.F.);
#2748=ORIENTED_EDGE('',*,*,#2024,.F.);
#2749=ORIENTED_EDGE('',*,*,#2021,.T.);
#2750=ORIENTED_EDGE('',*,*,#2025,.F.);
#2751=ORIENTED_EDGE('',*,*,#2026,.F.);
#2752=ORIENTED_EDGE('',*,*,#2027,.F.);
#2753=ORIENTED_EDGE('',*,*,#2023,.T.);
#2754=ORIENTED_EDGE('',*,*,#2028,.F.);
#2755=ORIENTED_EDGE('',*,*,#2029,.F.);
#2756=ORIENTED_EDGE('',*,*,#2030,.F.);
#2757=ORIENTED_EDGE('',*,*,#2026,.T.);
#2758=ORIENTED_EDGE('',*,*,#2031,.F.);
#2759=ORIENTED_EDGE('',*,*,#2032,.F.);
#2760=ORIENTED_EDGE('',*,*,#2033,.F.);
#2761=ORIENTED_EDGE('',*,*,#2029,.T.);
#2762=ORIENTED_EDGE('',*,*,#2034,.F.);
#2763=ORIENTED_EDGE('',*,*,#2035,.F.);
#2764=ORIENTED_EDGE('',*,*,#2036,.F.);
#2765=ORIENTED_EDGE('',*,*,#2032,.T.);
#2766=ORIENTED_EDGE('',*,*,#2037,.F.);
#2767=ORIENTED_EDGE('',*,*,#2038,.F.);
#2768=ORIENTED_EDGE('',*,*,#2039,.F.);
#2769=ORIENTED_EDGE('',*,*,#2035,.T.);
#2770=ORIENTED_EDGE('',*,*,#2040,.F.);
#2771=ORIENTED_EDGE('',*,*,#2038,.T.);
#2772=ORIENTED_EDGE('',*,*,#2041,.F.);
#2773=ORIENTED_EDGE('',*,*,#2019,.T.);
#2774=ORIENTED_EDGE('',*,*,#2042,.F.);
#2775=ORIENTED_EDGE('',*,*,#2030,.T.);
#2776=ORIENTED_EDGE('',*,*,#2043,.F.);
#2777=ORIENTED_EDGE('',*,*,#2044,.T.);
#2778=ORIENTED_EDGE('',*,*,#2045,.F.);
#2779=ORIENTED_EDGE('',*,*,#2027,.T.);
#2780=ORIENTED_EDGE('',*,*,#2045,.T.);
#2781=ORIENTED_EDGE('',*,*,#2046,.T.);
#2782=ORIENTED_EDGE('',*,*,#2047,.T.);
#2783=ORIENTED_EDGE('',*,*,#2024,.T.);
#2784=ORIENTED_EDGE('',*,*,#2047,.F.);
#2785=ORIENTED_EDGE('',*,*,#2048,.T.);
#2786=ORIENTED_EDGE('',*,*,#2049,.F.);
#2787=ORIENTED_EDGE('',*,*,#2022,.T.);
#2788=ORIENTED_EDGE('',*,*,#2049,.T.);
#2789=ORIENTED_EDGE('',*,*,#2050,.T.);
#2790=ORIENTED_EDGE('',*,*,#2051,.F.);
#2791=ORIENTED_EDGE('',*,*,#2020,.T.);
#2792=ORIENTED_EDGE('',*,*,#2041,.T.);
#2793=ORIENTED_EDGE('',*,*,#2040,.T.);
#2794=ORIENTED_EDGE('',*,*,#2037,.T.);
#2795=ORIENTED_EDGE('',*,*,#2034,.T.);
#2796=ORIENTED_EDGE('',*,*,#2031,.T.);
#2797=ORIENTED_EDGE('',*,*,#2028,.T.);
#2798=ORIENTED_EDGE('',*,*,#2025,.T.);
#2799=ORIENTED_EDGE('',*,*,#1996,.T.);
#2800=ORIENTED_EDGE('',*,*,#2052,.F.);
#2801=ORIENTED_EDGE('',*,*,#2004,.F.);
#2802=ORIENTED_EDGE('',*,*,#2053,.F.);
#2803=ORIENTED_EDGE('',*,*,#2054,.F.);
#2804=ORIENTED_EDGE('',*,*,#2055,.F.);
#2805=ORIENTED_EDGE('',*,*,#2056,.F.);
#2806=ORIENTED_EDGE('',*,*,#2053,.T.);
#2807=ORIENTED_EDGE('',*,*,#2011,.F.);
#2808=ORIENTED_EDGE('',*,*,#2057,.F.);
#2809=ORIENTED_EDGE('',*,*,#2044,.F.);
#2810=ORIENTED_EDGE('',*,*,#2055,.T.);
#2811=ORIENTED_EDGE('',*,*,#2010,.F.);
#2812=ORIENTED_EDGE('',*,*,#2058,.F.);
#2813=ORIENTED_EDGE('',*,*,#2046,.F.);
#2814=ORIENTED_EDGE('',*,*,#2057,.T.);
#2815=ORIENTED_EDGE('',*,*,#2009,.F.);
#2816=ORIENTED_EDGE('',*,*,#2059,.F.);
#2817=ORIENTED_EDGE('',*,*,#2048,.F.);
#2818=ORIENTED_EDGE('',*,*,#2058,.T.);
#2819=ORIENTED_EDGE('',*,*,#2008,.F.);
#2820=ORIENTED_EDGE('',*,*,#2060,.F.);
#2821=ORIENTED_EDGE('',*,*,#2050,.F.);
#2822=ORIENTED_EDGE('',*,*,#2059,.T.);
#2823=ORIENTED_EDGE('',*,*,#2007,.F.);
#2824=ORIENTED_EDGE('',*,*,#2061,.F.);
#2825=ORIENTED_EDGE('',*,*,#2062,.F.);
#2826=ORIENTED_EDGE('',*,*,#2060,.T.);
#2827=ORIENTED_EDGE('',*,*,#2006,.F.);
#2828=ORIENTED_EDGE('',*,*,#2052,.T.);
#2829=ORIENTED_EDGE('',*,*,#2063,.F.);
#2830=ORIENTED_EDGE('',*,*,#2061,.T.);
#2831=ORIENTED_EDGE('',*,*,#2005,.F.);
#2832=ORIENTED_EDGE('',*,*,#2033,.T.);
#2833=ORIENTED_EDGE('',*,*,#2064,.F.);
#2834=ORIENTED_EDGE('',*,*,#2056,.T.);
#2835=ORIENTED_EDGE('',*,*,#2043,.T.);
#2836=ORIENTED_EDGE('',*,*,#2036,.T.);
#2837=ORIENTED_EDGE('',*,*,#2065,.T.);
#2838=ORIENTED_EDGE('',*,*,#2054,.T.);
#2839=ORIENTED_EDGE('',*,*,#2064,.T.);
#2840=ORIENTED_EDGE('',*,*,#2042,.T.);
#2841=ORIENTED_EDGE('',*,*,#2051,.T.);
#2842=ORIENTED_EDGE('',*,*,#2062,.T.);
#2843=ORIENTED_EDGE('',*,*,#2066,.F.);
#2844=ORIENTED_EDGE('',*,*,#2039,.T.);
#2845=ORIENTED_EDGE('',*,*,#2066,.T.);
#2846=ORIENTED_EDGE('',*,*,#2063,.T.);
#2847=ORIENTED_EDGE('',*,*,#2065,.F.);
#2848=ORIENTED_EDGE('',*,*,#2067,.T.);
#2849=ORIENTED_EDGE('',*,*,#2068,.T.);
#2850=ORIENTED_EDGE('',*,*,#2069,.T.);
#2851=ORIENTED_EDGE('',*,*,#2068,.F.);
#2852=ORIENTED_EDGE('',*,*,#2070,.T.);
#2853=ORIENTED_EDGE('',*,*,#2071,.F.);
#2854=ORIENTED_EDGE('',*,*,#2072,.T.);
#2855=ORIENTED_EDGE('',*,*,#2070,.F.);
#2856=ORIENTED_EDGE('',*,*,#2067,.F.);
#2857=ORIENTED_EDGE('',*,*,#2072,.F.);
#2858=ORIENTED_EDGE('',*,*,#2073,.F.);
#2859=ORIENTED_EDGE('',*,*,#2074,.F.);
#2860=ORIENTED_EDGE('',*,*,#2075,.F.);
#2861=ORIENTED_EDGE('',*,*,#2076,.F.);
#2862=ORIENTED_EDGE('',*,*,#2077,.F.);
#2863=ORIENTED_EDGE('',*,*,#2078,.F.);
#2864=ORIENTED_EDGE('',*,*,#2079,.F.);
#2865=ORIENTED_EDGE('',*,*,#2080,.F.);
#2866=ORIENTED_EDGE('',*,*,#2081,.F.);
#2867=ORIENTED_EDGE('',*,*,#2069,.F.);
#2868=ORIENTED_EDGE('',*,*,#2082,.T.);
#2869=ORIENTED_EDGE('',*,*,#2083,.T.);
#2870=ORIENTED_EDGE('',*,*,#2073,.T.);
#2871=ORIENTED_EDGE('',*,*,#2071,.T.);
#2872=ORIENTED_EDGE('',*,*,#2083,.F.);
#2873=ORIENTED_EDGE('',*,*,#2082,.F.);
#2874=ORIENTED_EDGE('',*,*,#2084,.F.);
#2875=ORIENTED_EDGE('',*,*,#2084,.T.);
#2876=ORIENTED_EDGE('',*,*,#2085,.T.);
#2877=ORIENTED_EDGE('',*,*,#2086,.T.);
#2878=ORIENTED_EDGE('',*,*,#2087,.T.);
#2879=ORIENTED_EDGE('',*,*,#2085,.F.);
#2880=ORIENTED_EDGE('',*,*,#2088,.T.);
#2881=ORIENTED_EDGE('',*,*,#2089,.T.);
#2882=ORIENTED_EDGE('',*,*,#2090,.T.);
#2883=ORIENTED_EDGE('',*,*,#2091,.T.);
#2884=ORIENTED_EDGE('',*,*,#2092,.T.);
#2885=ORIENTED_EDGE('',*,*,#2093,.T.);
#2886=ORIENTED_EDGE('',*,*,#2090,.F.);
#2887=ORIENTED_EDGE('',*,*,#2094,.T.);
#2888=ORIENTED_EDGE('',*,*,#2095,.T.);
#2889=ORIENTED_EDGE('',*,*,#2096,.T.);
#2890=ORIENTED_EDGE('',*,*,#2092,.F.);
#2891=ORIENTED_EDGE('',*,*,#2097,.T.);
#2892=ORIENTED_EDGE('',*,*,#2098,.T.);
#2893=ORIENTED_EDGE('',*,*,#2099,.T.);
#2894=ORIENTED_EDGE('',*,*,#2095,.F.);
#2895=ORIENTED_EDGE('',*,*,#2100,.T.);
#2896=ORIENTED_EDGE('',*,*,#2101,.T.);
#2897=ORIENTED_EDGE('',*,*,#2102,.T.);
#2898=ORIENTED_EDGE('',*,*,#2098,.F.);
#2899=ORIENTED_EDGE('',*,*,#2103,.T.);
#2900=ORIENTED_EDGE('',*,*,#2104,.T.);
#2901=ORIENTED_EDGE('',*,*,#2105,.T.);
#2902=ORIENTED_EDGE('',*,*,#2101,.F.);
#2903=ORIENTED_EDGE('',*,*,#2106,.T.);
#2904=ORIENTED_EDGE('',*,*,#2107,.T.);
#2905=ORIENTED_EDGE('',*,*,#2108,.T.);
#2906=ORIENTED_EDGE('',*,*,#2104,.F.);
#2907=ORIENTED_EDGE('',*,*,#2109,.T.);
#2908=ORIENTED_EDGE('',*,*,#2107,.F.);
#2909=ORIENTED_EDGE('',*,*,#2110,.T.);
#2910=ORIENTED_EDGE('',*,*,#2088,.F.);
#2911=ORIENTED_EDGE('',*,*,#2111,.T.);
#2912=ORIENTED_EDGE('',*,*,#2100,.F.);
#2913=ORIENTED_EDGE('',*,*,#2112,.T.);
#2914=ORIENTED_EDGE('',*,*,#2113,.F.);
#2915=ORIENTED_EDGE('',*,*,#2114,.T.);
#2916=ORIENTED_EDGE('',*,*,#2097,.F.);
#2917=ORIENTED_EDGE('',*,*,#2115,.F.);
#2918=ORIENTED_EDGE('',*,*,#2116,.F.);
#2919=ORIENTED_EDGE('',*,*,#2112,.F.);
#2920=ORIENTED_EDGE('',*,*,#2094,.F.);
#2921=ORIENTED_EDGE('',*,*,#2117,.T.);
#2922=ORIENTED_EDGE('',*,*,#2118,.F.);
#2923=ORIENTED_EDGE('',*,*,#2115,.T.);
#2924=ORIENTED_EDGE('',*,*,#2089,.F.);
#2925=ORIENTED_EDGE('',*,*,#2119,.T.);
#2926=ORIENTED_EDGE('',*,*,#2120,.F.);
#2927=ORIENTED_EDGE('',*,*,#2117,.F.);
#2928=ORIENTED_EDGE('',*,*,#2091,.F.);
#2929=ORIENTED_EDGE('',*,*,#2093,.F.);
#2930=ORIENTED_EDGE('',*,*,#2096,.F.);
#2931=ORIENTED_EDGE('',*,*,#2099,.F.);
#2932=ORIENTED_EDGE('',*,*,#2102,.F.);
#2933=ORIENTED_EDGE('',*,*,#2105,.F.);
#2934=ORIENTED_EDGE('',*,*,#2108,.F.);
#2935=ORIENTED_EDGE('',*,*,#2111,.F.);
#2936=ORIENTED_EDGE('',*,*,#1994,.T.);
#2937=ORIENTED_EDGE('',*,*,#2121,.T.);
#2938=ORIENTED_EDGE('',*,*,#2122,.T.);
#2939=ORIENTED_EDGE('',*,*,#2123,.T.);
#2940=ORIENTED_EDGE('',*,*,#2074,.T.);
#2941=ORIENTED_EDGE('',*,*,#2124,.T.);
#2942=ORIENTED_EDGE('',*,*,#2075,.T.);
#2943=ORIENTED_EDGE('',*,*,#2123,.F.);
#2944=ORIENTED_EDGE('',*,*,#2125,.T.);
#2945=ORIENTED_EDGE('',*,*,#2126,.T.);
#2946=ORIENTED_EDGE('',*,*,#2076,.T.);
#2947=ORIENTED_EDGE('',*,*,#2124,.F.);
#2948=ORIENTED_EDGE('',*,*,#2113,.T.);
#2949=ORIENTED_EDGE('',*,*,#2127,.T.);
#2950=ORIENTED_EDGE('',*,*,#2077,.T.);
#2951=ORIENTED_EDGE('',*,*,#2126,.F.);
#2952=ORIENTED_EDGE('',*,*,#2116,.T.);
#2953=ORIENTED_EDGE('',*,*,#2128,.T.);
#2954=ORIENTED_EDGE('',*,*,#2078,.T.);
#2955=ORIENTED_EDGE('',*,*,#2127,.F.);
#2956=ORIENTED_EDGE('',*,*,#2118,.T.);
#2957=ORIENTED_EDGE('',*,*,#2129,.T.);
#2958=ORIENTED_EDGE('',*,*,#2079,.T.);
#2959=ORIENTED_EDGE('',*,*,#2128,.F.);
#2960=ORIENTED_EDGE('',*,*,#2120,.T.);
#2961=ORIENTED_EDGE('',*,*,#2130,.T.);
#2962=ORIENTED_EDGE('',*,*,#2080,.T.);
#2963=ORIENTED_EDGE('',*,*,#2129,.F.);
#2964=ORIENTED_EDGE('',*,*,#2131,.T.);
#2965=ORIENTED_EDGE('',*,*,#2121,.F.);
#2966=ORIENTED_EDGE('',*,*,#2081,.T.);
#2967=ORIENTED_EDGE('',*,*,#2130,.F.);
#2968=ORIENTED_EDGE('',*,*,#2132,.T.);
#2969=ORIENTED_EDGE('',*,*,#2103,.F.);
#2970=ORIENTED_EDGE('',*,*,#2114,.F.);
#2971=ORIENTED_EDGE('',*,*,#2125,.F.);
#2972=ORIENTED_EDGE('',*,*,#2133,.T.);
#2973=ORIENTED_EDGE('',*,*,#2106,.F.);
#2974=ORIENTED_EDGE('',*,*,#2133,.F.);
#2975=ORIENTED_EDGE('',*,*,#2122,.F.);
#2976=ORIENTED_EDGE('',*,*,#2134,.F.);
#2977=ORIENTED_EDGE('',*,*,#2110,.F.);
#2978=ORIENTED_EDGE('',*,*,#2135,.T.);
#2979=ORIENTED_EDGE('',*,*,#2131,.F.);
#2980=ORIENTED_EDGE('',*,*,#2119,.F.);
#2981=ORIENTED_EDGE('',*,*,#2109,.F.);
#2982=ORIENTED_EDGE('',*,*,#2134,.T.);
#2983=ORIENTED_EDGE('',*,*,#2132,.F.);
#2984=ORIENTED_EDGE('',*,*,#2135,.F.);
#2985=ORIENTED_EDGE('',*,*,#2136,.F.);
#2986=ORIENTED_EDGE('',*,*,#2137,.T.);
#2987=ORIENTED_EDGE('',*,*,#2138,.F.);
#2988=ORIENTED_EDGE('',*,*,#2137,.F.);
#2989=ORIENTED_EDGE('',*,*,#2139,.F.);
#2990=ORIENTED_EDGE('',*,*,#2140,.F.);
#2991=ORIENTED_EDGE('',*,*,#2141,.T.);
#2992=ORIENTED_EDGE('',*,*,#2142,.F.);
#2993=ORIENTED_EDGE('',*,*,#2141,.F.);
#2994=ORIENTED_EDGE('',*,*,#2143,.T.);
#2995=ORIENTED_EDGE('',*,*,#2144,.T.);
#2996=ORIENTED_EDGE('',*,*,#2145,.T.);
#2997=ORIENTED_EDGE('',*,*,#2139,.T.);
#2998=ORIENTED_EDGE('',*,*,#2140,.T.);
#2999=ORIENTED_EDGE('',*,*,#2145,.F.);
#3000=ORIENTED_EDGE('',*,*,#2146,.T.);
#3001=ORIENTED_EDGE('',*,*,#2147,.T.);
#3002=ORIENTED_EDGE('',*,*,#2148,.T.);
#3003=ORIENTED_EDGE('',*,*,#2149,.T.);
#3004=ORIENTED_EDGE('',*,*,#2150,.T.);
#3005=ORIENTED_EDGE('',*,*,#2151,.T.);
#3006=ORIENTED_EDGE('',*,*,#2152,.T.);
#3007=ORIENTED_EDGE('',*,*,#2153,.T.);
#3008=ORIENTED_EDGE('',*,*,#2142,.T.);
#3009=ORIENTED_EDGE('',*,*,#2154,.F.);
#3010=ORIENTED_EDGE('',*,*,#2155,.T.);
#3011=ORIENTED_EDGE('',*,*,#2143,.F.);
#3012=ORIENTED_EDGE('',*,*,#2144,.F.);
#3013=ORIENTED_EDGE('',*,*,#2155,.F.);
#3014=ORIENTED_EDGE('',*,*,#2154,.T.);
#3015=ORIENTED_EDGE('',*,*,#2156,.T.);
#3016=ORIENTED_EDGE('',*,*,#2156,.F.);
#3017=ORIENTED_EDGE('',*,*,#2157,.T.);
#3018=ORIENTED_EDGE('',*,*,#2158,.F.);
#3019=ORIENTED_EDGE('',*,*,#2159,.F.);
#3020=ORIENTED_EDGE('',*,*,#2157,.F.);
#3021=ORIENTED_EDGE('',*,*,#2087,.F.);
#3022=ORIENTED_EDGE('',*,*,#2160,.T.);
#3023=ORIENTED_EDGE('',*,*,#2158,.T.);
#3024=ORIENTED_EDGE('',*,*,#2159,.T.);
#3025=ORIENTED_EDGE('',*,*,#2160,.F.);
#3026=ORIENTED_EDGE('',*,*,#2086,.F.);
#3027=ORIENTED_EDGE('',*,*,#2161,.F.);
#3028=ORIENTED_EDGE('',*,*,#2162,.F.);
#3029=ORIENTED_EDGE('',*,*,#2163,.F.);
#3030=ORIENTED_EDGE('',*,*,#2164,.F.);
#3031=ORIENTED_EDGE('',*,*,#2165,.F.);
#3032=ORIENTED_EDGE('',*,*,#2166,.F.);
#3033=ORIENTED_EDGE('',*,*,#2163,.T.);
#3034=ORIENTED_EDGE('',*,*,#2167,.F.);
#3035=ORIENTED_EDGE('',*,*,#2168,.F.);
#3036=ORIENTED_EDGE('',*,*,#2169,.F.);
#3037=ORIENTED_EDGE('',*,*,#2165,.T.);
#3038=ORIENTED_EDGE('',*,*,#2170,.F.);
#3039=ORIENTED_EDGE('',*,*,#2171,.F.);
#3040=ORIENTED_EDGE('',*,*,#2172,.F.);
#3041=ORIENTED_EDGE('',*,*,#2168,.T.);
#3042=ORIENTED_EDGE('',*,*,#2173,.F.);
#3043=ORIENTED_EDGE('',*,*,#2174,.F.);
#3044=ORIENTED_EDGE('',*,*,#2175,.F.);
#3045=ORIENTED_EDGE('',*,*,#2171,.T.);
#3046=ORIENTED_EDGE('',*,*,#2176,.F.);
#3047=ORIENTED_EDGE('',*,*,#2177,.F.);
#3048=ORIENTED_EDGE('',*,*,#2178,.F.);
#3049=ORIENTED_EDGE('',*,*,#2174,.T.);
#3050=ORIENTED_EDGE('',*,*,#2179,.F.);
#3051=ORIENTED_EDGE('',*,*,#2180,.F.);
#3052=ORIENTED_EDGE('',*,*,#2181,.F.);
#3053=ORIENTED_EDGE('',*,*,#2177,.T.);
#3054=ORIENTED_EDGE('',*,*,#2182,.F.);
#3055=ORIENTED_EDGE('',*,*,#2180,.T.);
#3056=ORIENTED_EDGE('',*,*,#2183,.F.);
#3057=ORIENTED_EDGE('',*,*,#2161,.T.);
#3058=ORIENTED_EDGE('',*,*,#2184,.F.);
#3059=ORIENTED_EDGE('',*,*,#2172,.T.);
#3060=ORIENTED_EDGE('',*,*,#2185,.F.);
#3061=ORIENTED_EDGE('',*,*,#2186,.T.);
#3062=ORIENTED_EDGE('',*,*,#2187,.F.);
#3063=ORIENTED_EDGE('',*,*,#2169,.T.);
#3064=ORIENTED_EDGE('',*,*,#2187,.T.);
#3065=ORIENTED_EDGE('',*,*,#2188,.T.);
#3066=ORIENTED_EDGE('',*,*,#2189,.T.);
#3067=ORIENTED_EDGE('',*,*,#2166,.T.);
#3068=ORIENTED_EDGE('',*,*,#2189,.F.);
#3069=ORIENTED_EDGE('',*,*,#2190,.T.);
#3070=ORIENTED_EDGE('',*,*,#2191,.F.);
#3071=ORIENTED_EDGE('',*,*,#2164,.T.);
#3072=ORIENTED_EDGE('',*,*,#2191,.T.);
#3073=ORIENTED_EDGE('',*,*,#2192,.T.);
#3074=ORIENTED_EDGE('',*,*,#2193,.F.);
#3075=ORIENTED_EDGE('',*,*,#2162,.T.);
#3076=ORIENTED_EDGE('',*,*,#2183,.T.);
#3077=ORIENTED_EDGE('',*,*,#2182,.T.);
#3078=ORIENTED_EDGE('',*,*,#2179,.T.);
#3079=ORIENTED_EDGE('',*,*,#2176,.T.);
#3080=ORIENTED_EDGE('',*,*,#2173,.T.);
#3081=ORIENTED_EDGE('',*,*,#2170,.T.);
#3082=ORIENTED_EDGE('',*,*,#2167,.T.);
#3083=ORIENTED_EDGE('',*,*,#2138,.T.);
#3084=ORIENTED_EDGE('',*,*,#2194,.F.);
#3085=ORIENTED_EDGE('',*,*,#2146,.F.);
#3086=ORIENTED_EDGE('',*,*,#2195,.F.);
#3087=ORIENTED_EDGE('',*,*,#2196,.F.);
#3088=ORIENTED_EDGE('',*,*,#2197,.F.);
#3089=ORIENTED_EDGE('',*,*,#2198,.F.);
#3090=ORIENTED_EDGE('',*,*,#2195,.T.);
#3091=ORIENTED_EDGE('',*,*,#2153,.F.);
#3092=ORIENTED_EDGE('',*,*,#2199,.F.);
#3093=ORIENTED_EDGE('',*,*,#2186,.F.);
#3094=ORIENTED_EDGE('',*,*,#2197,.T.);
#3095=ORIENTED_EDGE('',*,*,#2152,.F.);
#3096=ORIENTED_EDGE('',*,*,#2200,.F.);
#3097=ORIENTED_EDGE('',*,*,#2188,.F.);
#3098=ORIENTED_EDGE('',*,*,#2199,.T.);
#3099=ORIENTED_EDGE('',*,*,#2151,.F.);
#3100=ORIENTED_EDGE('',*,*,#2201,.F.);
#3101=ORIENTED_EDGE('',*,*,#2190,.F.);
#3102=ORIENTED_EDGE('',*,*,#2200,.T.);
#3103=ORIENTED_EDGE('',*,*,#2150,.F.);
#3104=ORIENTED_EDGE('',*,*,#2202,.F.);
#3105=ORIENTED_EDGE('',*,*,#2192,.F.);
#3106=ORIENTED_EDGE('',*,*,#2201,.T.);
#3107=ORIENTED_EDGE('',*,*,#2149,.F.);
#3108=ORIENTED_EDGE('',*,*,#2203,.F.);
#3109=ORIENTED_EDGE('',*,*,#2204,.F.);
#3110=ORIENTED_EDGE('',*,*,#2202,.T.);
#3111=ORIENTED_EDGE('',*,*,#2148,.F.);
#3112=ORIENTED_EDGE('',*,*,#2194,.T.);
#3113=ORIENTED_EDGE('',*,*,#2205,.F.);
#3114=ORIENTED_EDGE('',*,*,#2203,.T.);
#3115=ORIENTED_EDGE('',*,*,#2147,.F.);
#3116=ORIENTED_EDGE('',*,*,#2175,.T.);
#3117=ORIENTED_EDGE('',*,*,#2206,.F.);
#3118=ORIENTED_EDGE('',*,*,#2198,.T.);
#3119=ORIENTED_EDGE('',*,*,#2185,.T.);
#3120=ORIENTED_EDGE('',*,*,#2178,.T.);
#3121=ORIENTED_EDGE('',*,*,#2207,.T.);
#3122=ORIENTED_EDGE('',*,*,#2196,.T.);
#3123=ORIENTED_EDGE('',*,*,#2206,.T.);
#3124=ORIENTED_EDGE('',*,*,#2184,.T.);
#3125=ORIENTED_EDGE('',*,*,#2193,.T.);
#3126=ORIENTED_EDGE('',*,*,#2204,.T.);
#3127=ORIENTED_EDGE('',*,*,#2208,.F.);
#3128=ORIENTED_EDGE('',*,*,#2181,.T.);
#3129=ORIENTED_EDGE('',*,*,#2208,.T.);
#3130=ORIENTED_EDGE('',*,*,#2205,.T.);
#3131=ORIENTED_EDGE('',*,*,#2207,.F.);
#3132=ORIENTED_EDGE('',*,*,#2209,.T.);
#3133=ORIENTED_EDGE('',*,*,#2210,.T.);
#3134=ORIENTED_EDGE('',*,*,#2211,.T.);
#3135=ORIENTED_EDGE('',*,*,#2210,.F.);
#3136=ORIENTED_EDGE('',*,*,#2212,.T.);
#3137=ORIENTED_EDGE('',*,*,#2213,.F.);
#3138=ORIENTED_EDGE('',*,*,#2214,.T.);
#3139=ORIENTED_EDGE('',*,*,#2212,.F.);
#3140=ORIENTED_EDGE('',*,*,#2209,.F.);
#3141=ORIENTED_EDGE('',*,*,#2214,.F.);
#3142=ORIENTED_EDGE('',*,*,#2215,.F.);
#3143=ORIENTED_EDGE('',*,*,#2216,.F.);
#3144=ORIENTED_EDGE('',*,*,#2217,.F.);
#3145=ORIENTED_EDGE('',*,*,#2218,.F.);
#3146=ORIENTED_EDGE('',*,*,#2219,.F.);
#3147=ORIENTED_EDGE('',*,*,#2220,.F.);
#3148=ORIENTED_EDGE('',*,*,#2221,.F.);
#3149=ORIENTED_EDGE('',*,*,#2222,.F.);
#3150=ORIENTED_EDGE('',*,*,#2223,.F.);
#3151=ORIENTED_EDGE('',*,*,#2211,.F.);
#3152=ORIENTED_EDGE('',*,*,#2224,.T.);
#3153=ORIENTED_EDGE('',*,*,#2225,.T.);
#3154=ORIENTED_EDGE('',*,*,#2215,.T.);
#3155=ORIENTED_EDGE('',*,*,#2213,.T.);
#3156=ORIENTED_EDGE('',*,*,#2225,.F.);
#3157=ORIENTED_EDGE('',*,*,#2224,.F.);
#3158=ORIENTED_EDGE('',*,*,#2226,.F.);
#3159=ORIENTED_EDGE('',*,*,#2226,.T.);
#3160=ORIENTED_EDGE('',*,*,#2227,.T.);
#3161=ORIENTED_EDGE('',*,*,#2228,.T.);
#3162=ORIENTED_EDGE('',*,*,#2229,.T.);
#3163=ORIENTED_EDGE('',*,*,#2227,.F.);
#3164=ORIENTED_EDGE('',*,*,#1875,.T.);
#3165=ORIENTED_EDGE('',*,*,#1876,.T.);
#3166=ORIENTED_EDGE('',*,*,#2230,.T.);
#3167=ORIENTED_EDGE('',*,*,#2228,.F.);
#3168=ORIENTED_EDGE('',*,*,#2229,.F.);
#3169=ORIENTED_EDGE('',*,*,#2230,.F.);
#3170=ORIENTED_EDGE('',*,*,#2231,.T.);
#3171=ORIENTED_EDGE('',*,*,#2232,.T.);
#3172=ORIENTED_EDGE('',*,*,#2233,.T.);
#3173=ORIENTED_EDGE('',*,*,#2234,.T.);
#3174=ORIENTED_EDGE('',*,*,#2235,.T.);
#3175=ORIENTED_EDGE('',*,*,#2236,.T.);
#3176=ORIENTED_EDGE('',*,*,#2233,.F.);
#3177=ORIENTED_EDGE('',*,*,#2237,.T.);
#3178=ORIENTED_EDGE('',*,*,#2238,.T.);
#3179=ORIENTED_EDGE('',*,*,#2239,.T.);
#3180=ORIENTED_EDGE('',*,*,#2235,.F.);
#3181=ORIENTED_EDGE('',*,*,#2240,.T.);
#3182=ORIENTED_EDGE('',*,*,#2241,.T.);
#3183=ORIENTED_EDGE('',*,*,#2242,.T.);
#3184=ORIENTED_EDGE('',*,*,#2238,.F.);
#3185=ORIENTED_EDGE('',*,*,#2243,.T.);
#3186=ORIENTED_EDGE('',*,*,#2244,.T.);
#3187=ORIENTED_EDGE('',*,*,#2245,.T.);
#3188=ORIENTED_EDGE('',*,*,#2241,.F.);
#3189=ORIENTED_EDGE('',*,*,#2246,.T.);
#3190=ORIENTED_EDGE('',*,*,#2247,.T.);
#3191=ORIENTED_EDGE('',*,*,#2248,.T.);
#3192=ORIENTED_EDGE('',*,*,#2244,.F.);
#3193=ORIENTED_EDGE('',*,*,#2249,.T.);
#3194=ORIENTED_EDGE('',*,*,#2250,.T.);
#3195=ORIENTED_EDGE('',*,*,#2251,.T.);
#3196=ORIENTED_EDGE('',*,*,#2247,.F.);
#3197=ORIENTED_EDGE('',*,*,#2252,.T.);
#3198=ORIENTED_EDGE('',*,*,#2250,.F.);
#3199=ORIENTED_EDGE('',*,*,#2253,.T.);
#3200=ORIENTED_EDGE('',*,*,#2231,.F.);
#3201=ORIENTED_EDGE('',*,*,#2254,.T.);
#3202=ORIENTED_EDGE('',*,*,#2243,.F.);
#3203=ORIENTED_EDGE('',*,*,#2255,.T.);
#3204=ORIENTED_EDGE('',*,*,#2256,.F.);
#3205=ORIENTED_EDGE('',*,*,#2257,.T.);
#3206=ORIENTED_EDGE('',*,*,#2240,.F.);
#3207=ORIENTED_EDGE('',*,*,#2258,.F.);
#3208=ORIENTED_EDGE('',*,*,#2259,.F.);
#3209=ORIENTED_EDGE('',*,*,#2255,.F.);
#3210=ORIENTED_EDGE('',*,*,#2237,.F.);
#3211=ORIENTED_EDGE('',*,*,#2260,.T.);
#3212=ORIENTED_EDGE('',*,*,#2261,.F.);
#3213=ORIENTED_EDGE('',*,*,#2258,.T.);
#3214=ORIENTED_EDGE('',*,*,#2232,.F.);
#3215=ORIENTED_EDGE('',*,*,#2262,.T.);
#3216=ORIENTED_EDGE('',*,*,#2263,.F.);
#3217=ORIENTED_EDGE('',*,*,#2260,.F.);
#3218=ORIENTED_EDGE('',*,*,#2234,.F.);
#3219=ORIENTED_EDGE('',*,*,#2236,.F.);
#3220=ORIENTED_EDGE('',*,*,#2239,.F.);
#3221=ORIENTED_EDGE('',*,*,#2242,.F.);
#3222=ORIENTED_EDGE('',*,*,#2245,.F.);
#3223=ORIENTED_EDGE('',*,*,#2248,.F.);
#3224=ORIENTED_EDGE('',*,*,#2251,.F.);
#3225=ORIENTED_EDGE('',*,*,#2254,.F.);
#3226=ORIENTED_EDGE('',*,*,#2136,.T.);
#3227=ORIENTED_EDGE('',*,*,#2264,.T.);
#3228=ORIENTED_EDGE('',*,*,#2265,.T.);
#3229=ORIENTED_EDGE('',*,*,#2266,.T.);
#3230=ORIENTED_EDGE('',*,*,#2216,.T.);
#3231=ORIENTED_EDGE('',*,*,#2267,.T.);
#3232=ORIENTED_EDGE('',*,*,#2217,.T.);
#3233=ORIENTED_EDGE('',*,*,#2266,.F.);
#3234=ORIENTED_EDGE('',*,*,#2268,.T.);
#3235=ORIENTED_EDGE('',*,*,#2269,.T.);
#3236=ORIENTED_EDGE('',*,*,#2218,.T.);
#3237=ORIENTED_EDGE('',*,*,#2267,.F.);
#3238=ORIENTED_EDGE('',*,*,#2256,.T.);
#3239=ORIENTED_EDGE('',*,*,#2270,.T.);
#3240=ORIENTED_EDGE('',*,*,#2219,.T.);
#3241=ORIENTED_EDGE('',*,*,#2269,.F.);
#3242=ORIENTED_EDGE('',*,*,#2259,.T.);
#3243=ORIENTED_EDGE('',*,*,#2271,.T.);
#3244=ORIENTED_EDGE('',*,*,#2220,.T.);
#3245=ORIENTED_EDGE('',*,*,#2270,.F.);
#3246=ORIENTED_EDGE('',*,*,#2261,.T.);
#3247=ORIENTED_EDGE('',*,*,#2272,.T.);
#3248=ORIENTED_EDGE('',*,*,#2221,.T.);
#3249=ORIENTED_EDGE('',*,*,#2271,.F.);
#3250=ORIENTED_EDGE('',*,*,#2263,.T.);
#3251=ORIENTED_EDGE('',*,*,#2273,.T.);
#3252=ORIENTED_EDGE('',*,*,#2222,.T.);
#3253=ORIENTED_EDGE('',*,*,#2272,.F.);
#3254=ORIENTED_EDGE('',*,*,#2274,.T.);
#3255=ORIENTED_EDGE('',*,*,#2264,.F.);
#3256=ORIENTED_EDGE('',*,*,#2223,.T.);
#3257=ORIENTED_EDGE('',*,*,#2273,.F.);
#3258=ORIENTED_EDGE('',*,*,#2275,.T.);
#3259=ORIENTED_EDGE('',*,*,#2246,.F.);
#3260=ORIENTED_EDGE('',*,*,#2257,.F.);
#3261=ORIENTED_EDGE('',*,*,#2268,.F.);
#3262=ORIENTED_EDGE('',*,*,#2276,.T.);
#3263=ORIENTED_EDGE('',*,*,#2249,.F.);
#3264=ORIENTED_EDGE('',*,*,#2276,.F.);
#3265=ORIENTED_EDGE('',*,*,#2265,.F.);
#3266=ORIENTED_EDGE('',*,*,#2277,.F.);
#3267=ORIENTED_EDGE('',*,*,#2253,.F.);
#3268=ORIENTED_EDGE('',*,*,#2278,.T.);
#3269=ORIENTED_EDGE('',*,*,#2274,.F.);
#3270=ORIENTED_EDGE('',*,*,#2262,.F.);
#3271=ORIENTED_EDGE('',*,*,#2252,.F.);
#3272=ORIENTED_EDGE('',*,*,#2277,.T.);
#3273=ORIENTED_EDGE('',*,*,#2275,.F.);
#3274=ORIENTED_EDGE('',*,*,#2278,.F.);
#3275=ORIENTED_EDGE('',*,*,#2279,.F.);
#3276=ORIENTED_EDGE('',*,*,#2280,.T.);
#3277=ORIENTED_EDGE('',*,*,#2281,.F.);
#3278=ORIENTED_EDGE('',*,*,#2280,.F.);
#3279=ORIENTED_EDGE('',*,*,#2282,.F.);
#3280=ORIENTED_EDGE('',*,*,#2283,.F.);
#3281=ORIENTED_EDGE('',*,*,#2284,.T.);
#3282=ORIENTED_EDGE('',*,*,#2285,.F.);
#3283=ORIENTED_EDGE('',*,*,#2284,.F.);
#3284=ORIENTED_EDGE('',*,*,#2286,.T.);
#3285=ORIENTED_EDGE('',*,*,#2287,.T.);
#3286=ORIENTED_EDGE('',*,*,#2288,.T.);
#3287=ORIENTED_EDGE('',*,*,#2282,.T.);
#3288=ORIENTED_EDGE('',*,*,#2283,.T.);
#3289=ORIENTED_EDGE('',*,*,#2288,.F.);
#3290=ORIENTED_EDGE('',*,*,#2289,.T.);
#3291=ORIENTED_EDGE('',*,*,#2290,.T.);
#3292=ORIENTED_EDGE('',*,*,#2291,.T.);
#3293=ORIENTED_EDGE('',*,*,#2292,.T.);
#3294=ORIENTED_EDGE('',*,*,#2293,.T.);
#3295=ORIENTED_EDGE('',*,*,#2294,.T.);
#3296=ORIENTED_EDGE('',*,*,#2295,.T.);
#3297=ORIENTED_EDGE('',*,*,#2296,.T.);
#3298=ORIENTED_EDGE('',*,*,#2285,.T.);
#3299=ORIENTED_EDGE('',*,*,#2297,.F.);
#3300=ORIENTED_EDGE('',*,*,#2298,.T.);
#3301=ORIENTED_EDGE('',*,*,#2286,.F.);
#3302=ORIENTED_EDGE('',*,*,#2287,.F.);
#3303=ORIENTED_EDGE('',*,*,#2298,.F.);
#3304=ORIENTED_EDGE('',*,*,#2297,.T.);
#3305=ORIENTED_EDGE('',*,*,#2299,.T.);
#3306=ORIENTED_EDGE('',*,*,#2299,.F.);
#3307=ORIENTED_EDGE('',*,*,#2300,.T.);
#3308=ORIENTED_EDGE('',*,*,#2301,.F.);
#3309=ORIENTED_EDGE('',*,*,#2302,.F.);
#3310=ORIENTED_EDGE('',*,*,#2300,.F.);
#3311=ORIENTED_EDGE('',*,*,#1945,.F.);
#3312=ORIENTED_EDGE('',*,*,#2303,.T.);
#3313=ORIENTED_EDGE('',*,*,#2301,.T.);
#3314=ORIENTED_EDGE('',*,*,#2302,.T.);
#3315=ORIENTED_EDGE('',*,*,#2303,.F.);
#3316=ORIENTED_EDGE('',*,*,#1944,.F.);
#3317=ORIENTED_EDGE('',*,*,#2304,.F.);
#3318=ORIENTED_EDGE('',*,*,#2305,.F.);
#3319=ORIENTED_EDGE('',*,*,#2306,.F.);
#3320=ORIENTED_EDGE('',*,*,#2307,.F.);
#3321=ORIENTED_EDGE('',*,*,#2308,.F.);
#3322=ORIENTED_EDGE('',*,*,#2309,.F.);
#3323=ORIENTED_EDGE('',*,*,#2306,.T.);
#3324=ORIENTED_EDGE('',*,*,#2310,.F.);
#3325=ORIENTED_EDGE('',*,*,#2311,.F.);
#3326=ORIENTED_EDGE('',*,*,#2312,.F.);
#3327=ORIENTED_EDGE('',*,*,#2308,.T.);
#3328=ORIENTED_EDGE('',*,*,#2313,.F.);
#3329=ORIENTED_EDGE('',*,*,#2314,.F.);
#3330=ORIENTED_EDGE('',*,*,#2315,.F.);
#3331=ORIENTED_EDGE('',*,*,#2311,.T.);
#3332=ORIENTED_EDGE('',*,*,#2316,.F.);
#3333=ORIENTED_EDGE('',*,*,#2317,.F.);
#3334=ORIENTED_EDGE('',*,*,#2318,.F.);
#3335=ORIENTED_EDGE('',*,*,#2314,.T.);
#3336=ORIENTED_EDGE('',*,*,#2319,.F.);
#3337=ORIENTED_EDGE('',*,*,#2320,.F.);
#3338=ORIENTED_EDGE('',*,*,#2321,.F.);
#3339=ORIENTED_EDGE('',*,*,#2317,.T.);
#3340=ORIENTED_EDGE('',*,*,#2322,.F.);
#3341=ORIENTED_EDGE('',*,*,#2323,.F.);
#3342=ORIENTED_EDGE('',*,*,#2324,.F.);
#3343=ORIENTED_EDGE('',*,*,#2320,.T.);
#3344=ORIENTED_EDGE('',*,*,#2325,.F.);
#3345=ORIENTED_EDGE('',*,*,#2323,.T.);
#3346=ORIENTED_EDGE('',*,*,#2326,.F.);
#3347=ORIENTED_EDGE('',*,*,#2304,.T.);
#3348=ORIENTED_EDGE('',*,*,#2327,.F.);
#3349=ORIENTED_EDGE('',*,*,#2315,.T.);
#3350=ORIENTED_EDGE('',*,*,#2328,.F.);
#3351=ORIENTED_EDGE('',*,*,#2329,.T.);
#3352=ORIENTED_EDGE('',*,*,#2330,.F.);
#3353=ORIENTED_EDGE('',*,*,#2312,.T.);
#3354=ORIENTED_EDGE('',*,*,#2330,.T.);
#3355=ORIENTED_EDGE('',*,*,#2331,.T.);
#3356=ORIENTED_EDGE('',*,*,#2332,.T.);
#3357=ORIENTED_EDGE('',*,*,#2309,.T.);
#3358=ORIENTED_EDGE('',*,*,#2332,.F.);
#3359=ORIENTED_EDGE('',*,*,#2333,.T.);
#3360=ORIENTED_EDGE('',*,*,#2334,.F.);
#3361=ORIENTED_EDGE('',*,*,#2307,.T.);
#3362=ORIENTED_EDGE('',*,*,#2334,.T.);
#3363=ORIENTED_EDGE('',*,*,#2335,.T.);
#3364=ORIENTED_EDGE('',*,*,#2336,.F.);
#3365=ORIENTED_EDGE('',*,*,#2305,.T.);
#3366=ORIENTED_EDGE('',*,*,#2326,.T.);
#3367=ORIENTED_EDGE('',*,*,#2325,.T.);
#3368=ORIENTED_EDGE('',*,*,#2322,.T.);
#3369=ORIENTED_EDGE('',*,*,#2319,.T.);
#3370=ORIENTED_EDGE('',*,*,#2316,.T.);
#3371=ORIENTED_EDGE('',*,*,#2313,.T.);
#3372=ORIENTED_EDGE('',*,*,#2310,.T.);
#3373=ORIENTED_EDGE('',*,*,#2281,.T.);
#3374=ORIENTED_EDGE('',*,*,#2337,.F.);
#3375=ORIENTED_EDGE('',*,*,#2289,.F.);
#3376=ORIENTED_EDGE('',*,*,#2338,.F.);
#3377=ORIENTED_EDGE('',*,*,#2339,.F.);
#3378=ORIENTED_EDGE('',*,*,#2340,.F.);
#3379=ORIENTED_EDGE('',*,*,#2341,.F.);
#3380=ORIENTED_EDGE('',*,*,#2338,.T.);
#3381=ORIENTED_EDGE('',*,*,#2296,.F.);
#3382=ORIENTED_EDGE('',*,*,#2342,.F.);
#3383=ORIENTED_EDGE('',*,*,#2329,.F.);
#3384=ORIENTED_EDGE('',*,*,#2340,.T.);
#3385=ORIENTED_EDGE('',*,*,#2295,.F.);
#3386=ORIENTED_EDGE('',*,*,#2343,.F.);
#3387=ORIENTED_EDGE('',*,*,#2331,.F.);
#3388=ORIENTED_EDGE('',*,*,#2342,.T.);
#3389=ORIENTED_EDGE('',*,*,#2294,.F.);
#3390=ORIENTED_EDGE('',*,*,#2344,.F.);
#3391=ORIENTED_EDGE('',*,*,#2333,.F.);
#3392=ORIENTED_EDGE('',*,*,#2343,.T.);
#3393=ORIENTED_EDGE('',*,*,#2293,.F.);
#3394=ORIENTED_EDGE('',*,*,#2345,.F.);
#3395=ORIENTED_EDGE('',*,*,#2335,.F.);
#3396=ORIENTED_EDGE('',*,*,#2344,.T.);
#3397=ORIENTED_EDGE('',*,*,#2292,.F.);
#3398=ORIENTED_EDGE('',*,*,#2346,.F.);
#3399=ORIENTED_EDGE('',*,*,#2347,.F.);
#3400=ORIENTED_EDGE('',*,*,#2345,.T.);
#3401=ORIENTED_EDGE('',*,*,#2291,.F.);
#3402=ORIENTED_EDGE('',*,*,#2337,.T.);
#3403=ORIENTED_EDGE('',*,*,#2348,.F.);
#3404=ORIENTED_EDGE('',*,*,#2346,.T.);
#3405=ORIENTED_EDGE('',*,*,#2290,.F.);
#3406=ORIENTED_EDGE('',*,*,#2318,.T.);
#3407=ORIENTED_EDGE('',*,*,#2349,.F.);
#3408=ORIENTED_EDGE('',*,*,#2341,.T.);
#3409=ORIENTED_EDGE('',*,*,#2328,.T.);
#3410=ORIENTED_EDGE('',*,*,#2321,.T.);
#3411=ORIENTED_EDGE('',*,*,#2350,.T.);
#3412=ORIENTED_EDGE('',*,*,#2339,.T.);
#3413=ORIENTED_EDGE('',*,*,#2349,.T.);
#3414=ORIENTED_EDGE('',*,*,#2327,.T.);
#3415=ORIENTED_EDGE('',*,*,#2336,.T.);
#3416=ORIENTED_EDGE('',*,*,#2347,.T.);
#3417=ORIENTED_EDGE('',*,*,#2351,.F.);
#3418=ORIENTED_EDGE('',*,*,#2324,.T.);
#3419=ORIENTED_EDGE('',*,*,#2351,.T.);
#3420=ORIENTED_EDGE('',*,*,#2348,.T.);
#3421=ORIENTED_EDGE('',*,*,#2350,.F.);
#3422=ORIENTED_EDGE('',*,*,#2352,.T.);
#3423=ORIENTED_EDGE('',*,*,#2353,.T.);
#3424=ORIENTED_EDGE('',*,*,#2354,.T.);
#3425=ORIENTED_EDGE('',*,*,#2353,.F.);
#3426=ORIENTED_EDGE('',*,*,#2355,.T.);
#3427=ORIENTED_EDGE('',*,*,#2356,.F.);
#3428=ORIENTED_EDGE('',*,*,#2357,.T.);
#3429=ORIENTED_EDGE('',*,*,#2355,.F.);
#3430=ORIENTED_EDGE('',*,*,#2352,.F.);
#3431=ORIENTED_EDGE('',*,*,#2357,.F.);
#3432=ORIENTED_EDGE('',*,*,#2358,.F.);
#3433=ORIENTED_EDGE('',*,*,#2359,.F.);
#3434=ORIENTED_EDGE('',*,*,#2360,.F.);
#3435=ORIENTED_EDGE('',*,*,#2361,.F.);
#3436=ORIENTED_EDGE('',*,*,#2362,.F.);
#3437=ORIENTED_EDGE('',*,*,#2363,.F.);
#3438=ORIENTED_EDGE('',*,*,#2364,.F.);
#3439=ORIENTED_EDGE('',*,*,#2365,.F.);
#3440=ORIENTED_EDGE('',*,*,#2366,.F.);
#3441=ORIENTED_EDGE('',*,*,#2354,.F.);
#3442=ORIENTED_EDGE('',*,*,#2367,.T.);
#3443=ORIENTED_EDGE('',*,*,#2368,.T.);
#3444=ORIENTED_EDGE('',*,*,#2358,.T.);
#3445=ORIENTED_EDGE('',*,*,#2356,.T.);
#3446=ORIENTED_EDGE('',*,*,#2368,.F.);
#3447=ORIENTED_EDGE('',*,*,#2367,.F.);
#3448=ORIENTED_EDGE('',*,*,#2369,.F.);
#3449=ORIENTED_EDGE('',*,*,#2369,.T.);
#3450=ORIENTED_EDGE('',*,*,#2370,.T.);
#3451=ORIENTED_EDGE('',*,*,#2371,.T.);
#3452=ORIENTED_EDGE('',*,*,#2372,.T.);
#3453=ORIENTED_EDGE('',*,*,#2370,.F.);
#3454=ORIENTED_EDGE('',*,*,#2373,.F.);
#3455=ORIENTED_EDGE('',*,*,#2374,.T.);
#3456=ORIENTED_EDGE('',*,*,#2371,.F.);
#3457=ORIENTED_EDGE('',*,*,#2372,.F.);
#3458=ORIENTED_EDGE('',*,*,#2374,.F.);
#3459=ORIENTED_EDGE('',*,*,#2375,.T.);
#3460=ORIENTED_EDGE('',*,*,#2376,.T.);
#3461=ORIENTED_EDGE('',*,*,#2377,.T.);
#3462=ORIENTED_EDGE('',*,*,#2378,.T.);
#3463=ORIENTED_EDGE('',*,*,#2379,.T.);
#3464=ORIENTED_EDGE('',*,*,#2380,.T.);
#3465=ORIENTED_EDGE('',*,*,#2377,.F.);
#3466=ORIENTED_EDGE('',*,*,#2381,.T.);
#3467=ORIENTED_EDGE('',*,*,#2382,.T.);
#3468=ORIENTED_EDGE('',*,*,#2383,.T.);
#3469=ORIENTED_EDGE('',*,*,#2379,.F.);
#3470=ORIENTED_EDGE('',*,*,#2384,.T.);
#3471=ORIENTED_EDGE('',*,*,#2385,.T.);
#3472=ORIENTED_EDGE('',*,*,#2386,.T.);
#3473=ORIENTED_EDGE('',*,*,#2382,.F.);
#3474=ORIENTED_EDGE('',*,*,#2387,.T.);
#3475=ORIENTED_EDGE('',*,*,#2388,.T.);
#3476=ORIENTED_EDGE('',*,*,#2389,.T.);
#3477=ORIENTED_EDGE('',*,*,#2385,.F.);
#3478=ORIENTED_EDGE('',*,*,#2390,.T.);
#3479=ORIENTED_EDGE('',*,*,#2391,.T.);
#3480=ORIENTED_EDGE('',*,*,#2392,.T.);
#3481=ORIENTED_EDGE('',*,*,#2388,.F.);
#3482=ORIENTED_EDGE('',*,*,#2393,.T.);
#3483=ORIENTED_EDGE('',*,*,#2394,.T.);
#3484=ORIENTED_EDGE('',*,*,#2395,.T.);
#3485=ORIENTED_EDGE('',*,*,#2391,.F.);
#3486=ORIENTED_EDGE('',*,*,#2396,.T.);
#3487=ORIENTED_EDGE('',*,*,#2394,.F.);
#3488=ORIENTED_EDGE('',*,*,#2397,.T.);
#3489=ORIENTED_EDGE('',*,*,#2375,.F.);
#3490=ORIENTED_EDGE('',*,*,#2398,.T.);
#3491=ORIENTED_EDGE('',*,*,#2387,.F.);
#3492=ORIENTED_EDGE('',*,*,#2399,.T.);
#3493=ORIENTED_EDGE('',*,*,#2400,.F.);
#3494=ORIENTED_EDGE('',*,*,#2401,.T.);
#3495=ORIENTED_EDGE('',*,*,#2384,.F.);
#3496=ORIENTED_EDGE('',*,*,#2402,.F.);
#3497=ORIENTED_EDGE('',*,*,#2403,.F.);
#3498=ORIENTED_EDGE('',*,*,#2399,.F.);
#3499=ORIENTED_EDGE('',*,*,#2381,.F.);
#3500=ORIENTED_EDGE('',*,*,#2404,.T.);
#3501=ORIENTED_EDGE('',*,*,#2405,.F.);
#3502=ORIENTED_EDGE('',*,*,#2402,.T.);
#3503=ORIENTED_EDGE('',*,*,#2376,.F.);
#3504=ORIENTED_EDGE('',*,*,#2406,.T.);
#3505=ORIENTED_EDGE('',*,*,#2407,.F.);
#3506=ORIENTED_EDGE('',*,*,#2404,.F.);
#3507=ORIENTED_EDGE('',*,*,#2378,.F.);
#3508=ORIENTED_EDGE('',*,*,#2380,.F.);
#3509=ORIENTED_EDGE('',*,*,#2383,.F.);
#3510=ORIENTED_EDGE('',*,*,#2386,.F.);
#3511=ORIENTED_EDGE('',*,*,#2389,.F.);
#3512=ORIENTED_EDGE('',*,*,#2392,.F.);
#3513=ORIENTED_EDGE('',*,*,#2395,.F.);
#3514=ORIENTED_EDGE('',*,*,#2398,.F.);
#3515=ORIENTED_EDGE('',*,*,#2279,.T.);
#3516=ORIENTED_EDGE('',*,*,#2408,.T.);
#3517=ORIENTED_EDGE('',*,*,#2409,.T.);
#3518=ORIENTED_EDGE('',*,*,#2410,.T.);
#3519=ORIENTED_EDGE('',*,*,#2359,.T.);
#3520=ORIENTED_EDGE('',*,*,#2411,.T.);
#3521=ORIENTED_EDGE('',*,*,#2360,.T.);
#3522=ORIENTED_EDGE('',*,*,#2410,.F.);
#3523=ORIENTED_EDGE('',*,*,#2412,.T.);
#3524=ORIENTED_EDGE('',*,*,#2413,.T.);
#3525=ORIENTED_EDGE('',*,*,#2361,.T.);
#3526=ORIENTED_EDGE('',*,*,#2411,.F.);
#3527=ORIENTED_EDGE('',*,*,#2400,.T.);
#3528=ORIENTED_EDGE('',*,*,#2414,.T.);
#3529=ORIENTED_EDGE('',*,*,#2362,.T.);
#3530=ORIENTED_EDGE('',*,*,#2413,.F.);
#3531=ORIENTED_EDGE('',*,*,#2403,.T.);
#3532=ORIENTED_EDGE('',*,*,#2415,.T.);
#3533=ORIENTED_EDGE('',*,*,#2363,.T.);
#3534=ORIENTED_EDGE('',*,*,#2414,.F.);
#3535=ORIENTED_EDGE('',*,*,#2405,.T.);
#3536=ORIENTED_EDGE('',*,*,#2416,.T.);
#3537=ORIENTED_EDGE('',*,*,#2364,.T.);
#3538=ORIENTED_EDGE('',*,*,#2415,.F.);
#3539=ORIENTED_EDGE('',*,*,#2407,.T.);
#3540=ORIENTED_EDGE('',*,*,#2417,.T.);
#3541=ORIENTED_EDGE('',*,*,#2365,.T.);
#3542=ORIENTED_EDGE('',*,*,#2416,.F.);
#3543=ORIENTED_EDGE('',*,*,#2418,.T.);
#3544=ORIENTED_EDGE('',*,*,#2408,.F.);
#3545=ORIENTED_EDGE('',*,*,#2366,.T.);
#3546=ORIENTED_EDGE('',*,*,#2417,.F.);
#3547=ORIENTED_EDGE('',*,*,#2419,.T.);
#3548=ORIENTED_EDGE('',*,*,#2390,.F.);
#3549=ORIENTED_EDGE('',*,*,#2401,.F.);
#3550=ORIENTED_EDGE('',*,*,#2412,.F.);
#3551=ORIENTED_EDGE('',*,*,#2420,.T.);
#3552=ORIENTED_EDGE('',*,*,#2393,.F.);
#3553=ORIENTED_EDGE('',*,*,#2420,.F.);
#3554=ORIENTED_EDGE('',*,*,#2409,.F.);
#3555=ORIENTED_EDGE('',*,*,#2421,.F.);
#3556=ORIENTED_EDGE('',*,*,#2373,.T.);
#3557=ORIENTED_EDGE('',*,*,#2397,.F.);
#3558=ORIENTED_EDGE('',*,*,#2422,.T.);
#3559=ORIENTED_EDGE('',*,*,#2418,.F.);
#3560=ORIENTED_EDGE('',*,*,#2406,.F.);
#3561=ORIENTED_EDGE('',*,*,#2396,.F.);
#3562=ORIENTED_EDGE('',*,*,#2421,.T.);
#3563=ORIENTED_EDGE('',*,*,#2419,.F.);
#3564=ORIENTED_EDGE('',*,*,#2422,.F.);
#3565=PLANE('',#3880);
#3566=PLANE('',#3893);
#3567=PLANE('',#3903);
#3568=PLANE('',#3945);
#3569=PLANE('',#3965);
#3570=PLANE('',#3966);
#3571=PLANE('',#3976);
#3572=PLANE('',#3986);
#3573=PLANE('',#4028);
#3574=PLANE('',#4048);
#3575=PLANE('',#4049);
#3576=PLANE('',#4062);
#3577=PLANE('',#4072);
#3578=PLANE('',#4115);
#3579=PLANE('',#4135);
#3580=PLANE('',#4136);
#3581=PLANE('',#4146);
#3582=PLANE('',#4156);
#3583=PLANE('',#4198);
#3584=PLANE('',#4218);
#3585=PLANE('',#4219);
#3586=PLANE('',#4232);
#3587=PLANE('',#4242);
#3588=PLANE('',#4285);
#3589=PLANE('',#4305);
#3590=PLANE('',#4306);
#3591=PLANE('',#4316);
#3592=PLANE('',#4326);
#3593=PLANE('',#4369);
#3594=PLANE('',#4389);
#3595=PLANE('',#4390);
#3596=PLANE('',#4403);
#3597=PLANE('',#4413);
#3598=PLANE('',#4456);
#3599=PLANE('',#4476);
#3600=PLANE('',#4477);
#3601=PLANE('',#4487);
#3602=PLANE('',#4497);
#3603=PLANE('',#4541);
#3604=PLANE('',#4561);
#3605=PLANE('',#4562);
#3606=PLANE('',#4563);
#3607=ADVANCED_FACE('',(#546),#3565,.F.);
#3608=ADVANCED_FACE('',(#547),#449,.T.);
#3609=ADVANCED_FACE('',(#548),#39,.F.);
#3610=ADVANCED_FACE('',(#549),#450,.T.);
#3611=ADVANCED_FACE('',(#550,#15),#3566,.F.);
#3612=ADVANCED_FACE('',(#551),#40,.T.);
#3613=ADVANCED_FACE('',(#552,#16),#3567,.F.);
#3614=ADVANCED_FACE('',(#553),#41,.F.);
#3615=ADVANCED_FACE('',(#554),#42,.T.);
#3616=ADVANCED_FACE('',(#555),#43,.T.);
#3617=ADVANCED_FACE('',(#556),#44,.T.);
#3618=ADVANCED_FACE('',(#557),#45,.T.);
#3619=ADVANCED_FACE('',(#558),#46,.T.);
#3620=ADVANCED_FACE('',(#559),#451,.T.);
#3621=ADVANCED_FACE('',(#560),#47,.T.);
#3622=ADVANCED_FACE('',(#561),#452,.T.);
#3623=ADVANCED_FACE('',(#562),#453,.T.);
#3624=ADVANCED_FACE('',(#563),#454,.T.);
#3625=ADVANCED_FACE('',(#564),#455,.T.);
#3626=ADVANCED_FACE('',(#565),#456,.F.);
#3627=ADVANCED_FACE('',(#566,#17),#3568,.T.);
#3628=ADVANCED_FACE('',(#567),#457,.T.);
#3629=ADVANCED_FACE('',(#568),#48,.T.);
#3630=ADVANCED_FACE('',(#569),#49,.T.);
#3631=ADVANCED_FACE('',(#570),#50,.T.);
#3632=ADVANCED_FACE('',(#571),#51,.T.);
#3633=ADVANCED_FACE('',(#572),#52,.T.);
#3634=ADVANCED_FACE('',(#573),#458,.T.);
#3635=ADVANCED_FACE('',(#574),#53,.T.);
#3636=ADVANCED_FACE('',(#575),#459,.F.);
#3637=ADVANCED_FACE('',(#576),#3569,.F.);
#3638=ADVANCED_FACE('',(#577),#3570,.F.);
#3639=ADVANCED_FACE('',(#578),#460,.T.);
#3640=ADVANCED_FACE('',(#579),#54,.F.);
#3641=ADVANCED_FACE('',(#580),#461,.T.);
#3642=ADVANCED_FACE('',(#581,#18),#3571,.T.);
#3643=ADVANCED_FACE('',(#582),#55,.T.);
#3644=ADVANCED_FACE('',(#583,#19),#3572,.T.);
#3645=ADVANCED_FACE('',(#584),#56,.F.);
#3646=ADVANCED_FACE('',(#585),#57,.T.);
#3647=ADVANCED_FACE('',(#586),#58,.T.);
#3648=ADVANCED_FACE('',(#587),#59,.T.);
#3649=ADVANCED_FACE('',(#588),#60,.T.);
#3650=ADVANCED_FACE('',(#589),#61,.T.);
#3651=ADVANCED_FACE('',(#590),#462,.T.);
#3652=ADVANCED_FACE('',(#591),#62,.T.);
#3653=ADVANCED_FACE('',(#592),#463,.T.);
#3654=ADVANCED_FACE('',(#593),#464,.T.);
#3655=ADVANCED_FACE('',(#594),#465,.T.);
#3656=ADVANCED_FACE('',(#595),#466,.T.);
#3657=ADVANCED_FACE('',(#596),#467,.F.);
#3658=ADVANCED_FACE('',(#597,#20),#3573,.F.);
#3659=ADVANCED_FACE('',(#598),#468,.T.);
#3660=ADVANCED_FACE('',(#599),#63,.T.);
#3661=ADVANCED_FACE('',(#600),#64,.T.);
#3662=ADVANCED_FACE('',(#601),#65,.T.);
#3663=ADVANCED_FACE('',(#602),#66,.T.);
#3664=ADVANCED_FACE('',(#603),#67,.T.);
#3665=ADVANCED_FACE('',(#604),#469,.T.);
#3666=ADVANCED_FACE('',(#605),#68,.T.);
#3667=ADVANCED_FACE('',(#606),#470,.F.);
#3668=ADVANCED_FACE('',(#607),#3574,.T.);
#3669=ADVANCED_FACE('',(#608),#3575,.T.);
#3670=ADVANCED_FACE('',(#609),#471,.T.);
#3671=ADVANCED_FACE('',(#610),#472,.T.);
#3672=ADVANCED_FACE('',(#611),#69,.F.);
#3673=ADVANCED_FACE('',(#612),#473,.T.);
#3674=ADVANCED_FACE('',(#613,#21),#3576,.F.);
#3675=ADVANCED_FACE('',(#614),#70,.T.);
#3676=ADVANCED_FACE('',(#615,#22),#3577,.F.);
#3677=ADVANCED_FACE('',(#616),#71,.F.);
#3678=ADVANCED_FACE('',(#617),#474,.T.);
#3679=ADVANCED_FACE('',(#618),#72,.T.);
#3680=ADVANCED_FACE('',(#619),#73,.T.);
#3681=ADVANCED_FACE('',(#620),#74,.T.);
#3682=ADVANCED_FACE('',(#621),#75,.T.);
#3683=ADVANCED_FACE('',(#622),#76,.T.);
#3684=ADVANCED_FACE('',(#623),#475,.T.);
#3685=ADVANCED_FACE('',(#624),#77,.T.);
#3686=ADVANCED_FACE('',(#625),#476,.T.);
#3687=ADVANCED_FACE('',(#626),#477,.T.);
#3688=ADVANCED_FACE('',(#627),#478,.T.);
#3689=ADVANCED_FACE('',(#628),#479,.T.);
#3690=ADVANCED_FACE('',(#629),#480,.F.);
#3691=ADVANCED_FACE('',(#630,#23),#3578,.T.);
#3692=ADVANCED_FACE('',(#631),#481,.T.);
#3693=ADVANCED_FACE('',(#632),#78,.T.);
#3694=ADVANCED_FACE('',(#633),#79,.T.);
#3695=ADVANCED_FACE('',(#634),#80,.T.);
#3696=ADVANCED_FACE('',(#635),#81,.T.);
#3697=ADVANCED_FACE('',(#636),#82,.T.);
#3698=ADVANCED_FACE('',(#637),#482,.T.);
#3699=ADVANCED_FACE('',(#638),#83,.T.);
#3700=ADVANCED_FACE('',(#639),#483,.F.);
#3701=ADVANCED_FACE('',(#640),#3579,.F.);
#3702=ADVANCED_FACE('',(#641),#3580,.F.);
#3703=ADVANCED_FACE('',(#642),#484,.T.);
#3704=ADVANCED_FACE('',(#643),#84,.F.);
#3705=ADVANCED_FACE('',(#644),#485,.T.);
#3706=ADVANCED_FACE('',(#645,#24),#3581,.T.);
#3707=ADVANCED_FACE('',(#646),#85,.T.);
#3708=ADVANCED_FACE('',(#647,#25),#3582,.T.);
#3709=ADVANCED_FACE('',(#648),#86,.F.);
#3710=ADVANCED_FACE('',(#649),#87,.T.);
#3711=ADVANCED_FACE('',(#650),#88,.T.);
#3712=ADVANCED_FACE('',(#651),#89,.T.);
#3713=ADVANCED_FACE('',(#652),#90,.T.);
#3714=ADVANCED_FACE('',(#653),#91,.T.);
#3715=ADVANCED_FACE('',(#654),#486,.T.);
#3716=ADVANCED_FACE('',(#655),#92,.T.);
#3717=ADVANCED_FACE('',(#656),#487,.T.);
#3718=ADVANCED_FACE('',(#657),#488,.T.);
#3719=ADVANCED_FACE('',(#658),#489,.T.);
#3720=ADVANCED_FACE('',(#659),#490,.T.);
#3721=ADVANCED_FACE('',(#660),#491,.F.);
#3722=ADVANCED_FACE('',(#661,#26),#3583,.F.);
#3723=ADVANCED_FACE('',(#662),#492,.T.);
#3724=ADVANCED_FACE('',(#663),#93,.T.);
#3725=ADVANCED_FACE('',(#664),#94,.T.);
#3726=ADVANCED_FACE('',(#665),#95,.T.);
#3727=ADVANCED_FACE('',(#666),#96,.T.);
#3728=ADVANCED_FACE('',(#667),#97,.T.);
#3729=ADVANCED_FACE('',(#668),#493,.T.);
#3730=ADVANCED_FACE('',(#669),#98,.T.);
#3731=ADVANCED_FACE('',(#670),#494,.F.);
#3732=ADVANCED_FACE('',(#671),#3584,.T.);
#3733=ADVANCED_FACE('',(#672),#3585,.T.);
#3734=ADVANCED_FACE('',(#673),#495,.T.);
#3735=ADVANCED_FACE('',(#674),#496,.T.);
#3736=ADVANCED_FACE('',(#675),#99,.F.);
#3737=ADVANCED_FACE('',(#676),#497,.T.);
#3738=ADVANCED_FACE('',(#677,#27),#3586,.F.);
#3739=ADVANCED_FACE('',(#678),#100,.T.);
#3740=ADVANCED_FACE('',(#679,#28),#3587,.F.);
#3741=ADVANCED_FACE('',(#680),#101,.F.);
#3742=ADVANCED_FACE('',(#681),#498,.T.);
#3743=ADVANCED_FACE('',(#682),#102,.T.);
#3744=ADVANCED_FACE('',(#683),#103,.T.);
#3745=ADVANCED_FACE('',(#684),#104,.T.);
#3746=ADVANCED_FACE('',(#685),#105,.T.);
#3747=ADVANCED_FACE('',(#686),#106,.T.);
#3748=ADVANCED_FACE('',(#687),#499,.T.);
#3749=ADVANCED_FACE('',(#688),#107,.T.);
#3750=ADVANCED_FACE('',(#689),#500,.T.);
#3751=ADVANCED_FACE('',(#690),#501,.T.);
#3752=ADVANCED_FACE('',(#691),#502,.T.);
#3753=ADVANCED_FACE('',(#692),#503,.T.);
#3754=ADVANCED_FACE('',(#693),#504,.F.);
#3755=ADVANCED_FACE('',(#694,#29),#3588,.T.);
#3756=ADVANCED_FACE('',(#695),#505,.T.);
#3757=ADVANCED_FACE('',(#696),#108,.T.);
#3758=ADVANCED_FACE('',(#697),#109,.T.);
#3759=ADVANCED_FACE('',(#698),#110,.T.);
#3760=ADVANCED_FACE('',(#699),#111,.T.);
#3761=ADVANCED_FACE('',(#700),#112,.T.);
#3762=ADVANCED_FACE('',(#701),#506,.T.);
#3763=ADVANCED_FACE('',(#702),#113,.T.);
#3764=ADVANCED_FACE('',(#703),#507,.F.);
#3765=ADVANCED_FACE('',(#704),#3589,.F.);
#3766=ADVANCED_FACE('',(#705),#3590,.F.);
#3767=ADVANCED_FACE('',(#706),#508,.T.);
#3768=ADVANCED_FACE('',(#707),#114,.F.);
#3769=ADVANCED_FACE('',(#708),#509,.T.);
#3770=ADVANCED_FACE('',(#709,#30),#3591,.T.);
#3771=ADVANCED_FACE('',(#710),#115,.T.);
#3772=ADVANCED_FACE('',(#711,#31),#3592,.T.);
#3773=ADVANCED_FACE('',(#712),#116,.F.);
#3774=ADVANCED_FACE('',(#713),#510,.T.);
#3775=ADVANCED_FACE('',(#714),#117,.T.);
#3776=ADVANCED_FACE('',(#715),#118,.T.);
#3777=ADVANCED_FACE('',(#716),#119,.T.);
#3778=ADVANCED_FACE('',(#717),#120,.T.);
#3779=ADVANCED_FACE('',(#718),#121,.T.);
#3780=ADVANCED_FACE('',(#719),#511,.T.);
#3781=ADVANCED_FACE('',(#720),#122,.T.);
#3782=ADVANCED_FACE('',(#721),#512,.T.);
#3783=ADVANCED_FACE('',(#722),#513,.T.);
#3784=ADVANCED_FACE('',(#723),#514,.T.);
#3785=ADVANCED_FACE('',(#724),#515,.T.);
#3786=ADVANCED_FACE('',(#725),#516,.F.);
#3787=ADVANCED_FACE('',(#726,#32),#3593,.F.);
#3788=ADVANCED_FACE('',(#727),#517,.T.);
#3789=ADVANCED_FACE('',(#728),#123,.T.);
#3790=ADVANCED_FACE('',(#729),#124,.T.);
#3791=ADVANCED_FACE('',(#730),#125,.T.);
#3792=ADVANCED_FACE('',(#731),#126,.T.);
#3793=ADVANCED_FACE('',(#732),#127,.T.);
#3794=ADVANCED_FACE('',(#733),#518,.T.);
#3795=ADVANCED_FACE('',(#734),#128,.T.);
#3796=ADVANCED_FACE('',(#735),#519,.F.);
#3797=ADVANCED_FACE('',(#736),#3594,.T.);
#3798=ADVANCED_FACE('',(#737),#3595,.T.);
#3799=ADVANCED_FACE('',(#738),#520,.T.);
#3800=ADVANCED_FACE('',(#739),#521,.T.);
#3801=ADVANCED_FACE('',(#740),#129,.F.);
#3802=ADVANCED_FACE('',(#741),#522,.T.);
#3803=ADVANCED_FACE('',(#742,#33),#3596,.F.);
#3804=ADVANCED_FACE('',(#743),#130,.T.);
#3805=ADVANCED_FACE('',(#744,#34),#3597,.F.);
#3806=ADVANCED_FACE('',(#745),#131,.F.);
#3807=ADVANCED_FACE('',(#746),#523,.T.);
#3808=ADVANCED_FACE('',(#747),#132,.T.);
#3809=ADVANCED_FACE('',(#748),#133,.T.);
#3810=ADVANCED_FACE('',(#749),#134,.T.);
#3811=ADVANCED_FACE('',(#750),#135,.T.);
#3812=ADVANCED_FACE('',(#751),#136,.T.);
#3813=ADVANCED_FACE('',(#752),#524,.T.);
#3814=ADVANCED_FACE('',(#753),#137,.T.);
#3815=ADVANCED_FACE('',(#754),#525,.T.);
#3816=ADVANCED_FACE('',(#755),#526,.T.);
#3817=ADVANCED_FACE('',(#756),#527,.T.);
#3818=ADVANCED_FACE('',(#757),#528,.T.);
#3819=ADVANCED_FACE('',(#758),#529,.F.);
#3820=ADVANCED_FACE('',(#759,#35),#3598,.T.);
#3821=ADVANCED_FACE('',(#760),#530,.T.);
#3822=ADVANCED_FACE('',(#761),#138,.T.);
#3823=ADVANCED_FACE('',(#762),#139,.T.);
#3824=ADVANCED_FACE('',(#763),#140,.T.);
#3825=ADVANCED_FACE('',(#764),#141,.T.);
#3826=ADVANCED_FACE('',(#765),#142,.T.);
#3827=ADVANCED_FACE('',(#766),#531,.T.);
#3828=ADVANCED_FACE('',(#767),#143,.T.);
#3829=ADVANCED_FACE('',(#768),#532,.F.);
#3830=ADVANCED_FACE('',(#769),#3599,.F.);
#3831=ADVANCED_FACE('',(#770),#3600,.F.);
#3832=ADVANCED_FACE('',(#771),#533,.T.);
#3833=ADVANCED_FACE('',(#772),#144,.F.);
#3834=ADVANCED_FACE('',(#773),#534,.T.);
#3835=ADVANCED_FACE('',(#774,#36),#3601,.T.);
#3836=ADVANCED_FACE('',(#775),#145,.T.);
#3837=ADVANCED_FACE('',(#776,#37),#3602,.T.);
#3838=ADVANCED_FACE('',(#777),#146,.F.);
#3839=ADVANCED_FACE('',(#778),#535,.T.);
#3840=ADVANCED_FACE('',(#779),#147,.T.);
#3841=ADVANCED_FACE('',(#780),#148,.T.);
#3842=ADVANCED_FACE('',(#781),#149,.T.);
#3843=ADVANCED_FACE('',(#782),#150,.T.);
#3844=ADVANCED_FACE('',(#783),#151,.T.);
#3845=ADVANCED_FACE('',(#784),#536,.T.);
#3846=ADVANCED_FACE('',(#785),#152,.T.);
#3847=ADVANCED_FACE('',(#786),#537,.T.);
#3848=ADVANCED_FACE('',(#787),#538,.T.);
#3849=ADVANCED_FACE('',(#788),#539,.T.);
#3850=ADVANCED_FACE('',(#789),#540,.T.);
#3851=ADVANCED_FACE('',(#790),#541,.F.);
#3852=ADVANCED_FACE('',(#791,#38),#3603,.F.);
#3853=ADVANCED_FACE('',(#792),#542,.T.);
#3854=ADVANCED_FACE('',(#793),#153,.T.);
#3855=ADVANCED_FACE('',(#794),#154,.T.);
#3856=ADVANCED_FACE('',(#795),#155,.T.);
#3857=ADVANCED_FACE('',(#796),#156,.T.);
#3858=ADVANCED_FACE('',(#797),#157,.T.);
#3859=ADVANCED_FACE('',(#798),#543,.T.);
#3860=ADVANCED_FACE('',(#799),#158,.T.);
#3861=ADVANCED_FACE('',(#800),#544,.F.);
#3862=ADVANCED_FACE('',(#801),#3604,.T.);
#3863=ADVANCED_FACE('',(#802),#3605,.T.);
#3864=ADVANCED_FACE('',(#803),#3606,.T.);
#3865=ADVANCED_FACE('',(#804),#545,.T.);
#3866=CLOSED_SHELL('',(#3607,#3608,#3609,#3610,#3611,#3612,#3613,#3614,
#3615,#3616,#3617,#3618,#3619,#3620,#3621,#3622,#3623,#3624,#3625,#3626,
#3627,#3628,#3629,#3630,#3631,#3632,#3633,#3634,#3635,#3636,#3637,#3638,
#3639,#3640,#3641,#3642,#3643,#3644,#3645,#3646,#3647,#3648,#3649,#3650,
#3651,#3652,#3653,#3654,#3655,#3656,#3657,#3658,#3659,#3660,#3661,#3662,
#3663,#3664,#3665,#3666,#3667,#3668,#3669,#3670,#3671,#3672,#3673,#3674,
#3675,#3676,#3677,#3678,#3679,#3680,#3681,#3682,#3683,#3684,#3685,#3686,
#3687,#3688,#3689,#3690,#3691,#3692,#3693,#3694,#3695,#3696,#3697,#3698,
#3699,#3700,#3701,#3702,#3703,#3704,#3705,#3706,#3707,#3708,#3709,#3710,
#3711,#3712,#3713,#3714,#3715,#3716,#3717,#3718,#3719,#3720,#3721,#3722,
#3723,#3724,#3725,#3726,#3727,#3728,#3729,#3730,#3731,#3732,#3733,#3734,
#3735,#3736,#3737,#3738,#3739,#3740,#3741,#3742,#3743,#3744,#3745,#3746,
#3747,#3748,#3749,#3750,#3751,#3752,#3753,#3754,#3755,#3756,#3757,#3758,
#3759,#3760,#3761,#3762,#3763,#3764,#3765,#3766,#3767,#3768,#3769,#3770,
#3771,#3772,#3773,#3774,#3775,#3776,#3777,#3778,#3779,#3780,#3781,#3782,
#3783,#3784,#3785,#3786,#3787,#3788,#3789,#3790,#3791,#3792,#3793,#3794,
#3795,#3796,#3797,#3798,#3799,#3800,#3801,#3802,#3803,#3804,#3805,#3806,
#3807,#3808,#3809,#3810,#3811,#3812,#3813,#3814,#3815,#3816,#3817,#3818,
#3819,#3820,#3821,#3822,#3823,#3824,#3825,#3826,#3827,#3828,#3829,#3830,
#3831,#3832,#3833,#3834,#3835,#3836,#3837,#3838,#3839,#3840,#3841,#3842,
#3843,#3844,#3845,#3846,#3847,#3848,#3849,#3850,#3851,#3852,#3853,#3854,
#3855,#3856,#3857,#3858,#3859,#3860,#3861,#3862,#3863,#3864,#3865));
#3867=DERIVED_UNIT_ELEMENT(#3869,1.);
#3868=DERIVED_UNIT_ELEMENT(#7256,-3.);
#3869=(
MASS_UNIT()
NAMED_UNIT(*)
SI_UNIT(.KILO.,.GRAM.)
);
#3870=DERIVED_UNIT((#3867,#3868));
#3871=MEASURE_REPRESENTATION_ITEM('density measure',
POSITIVE_RATIO_MEASURE(7850.),#3870);
#3872=PROPERTY_DEFINITION_REPRESENTATION(#3877,#3874);
#3873=PROPERTY_DEFINITION_REPRESENTATION(#3878,#3875);
#3874=REPRESENTATION('material name',(#3876),#7253);
#3875=REPRESENTATION('density',(#3871),#7253);
#3876=DESCRIPTIVE_REPRESENTATION_ITEM('Steel','Steel');
#3877=PROPERTY_DEFINITION('material property','material name',#7263);
#3878=PROPERTY_DEFINITION('material property','density of part',#7263);
#3879=AXIS2_PLACEMENT_3D('',#6082,#4565,#4566);
#3880=AXIS2_PLACEMENT_3D('',#6083,#4567,#4568);
#3881=AXIS2_PLACEMENT_3D('',#6085,#4569,#4570);
#3882=AXIS2_PLACEMENT_3D('',#6086,#4571,#4572);
#3883=AXIS2_PLACEMENT_3D('',#6088,#4573,#4574);
#3884=AXIS2_PLACEMENT_3D('',#6091,#4576,#4577);
#3885=AXIS2_PLACEMENT_3D('',#6092,#4578,#4579);
#3886=AXIS2_PLACEMENT_3D('',#6095,#4580,#4581);
#3887=AXIS2_PLACEMENT_3D('',#6096,#4582,#4583);
#3888=AXIS2_PLACEMENT_3D('',#6098,#4584,#4585);
#3889=AXIS2_PLACEMENT_3D('',#6099,#4586,#4587);
#3890=AXIS2_PLACEMENT_3D('',#6100,#4588,#4589);
#3891=AXIS2_PLACEMENT_3D('',#6103,#4590,#4591);
#3892=AXIS2_PLACEMENT_3D('',#6104,#4592,#4593);
#3893=AXIS2_PLACEMENT_3D('',#6106,#4595,#4596);
#3894=AXIS2_PLACEMENT_3D('',#6111,#4598,#4599);
#3895=AXIS2_PLACEMENT_3D('',#6115,#4601,#4602);
#3896=AXIS2_PLACEMENT_3D('',#6117,#4603,#4604);
#3897=AXIS2_PLACEMENT_3D('',#6119,#4605,#4606);
#3898=AXIS2_PLACEMENT_3D('',#6121,#4607,#4608);
#3899=AXIS2_PLACEMENT_3D('',#6122,#4609,#4610);
#3900=AXIS2_PLACEMENT_3D('',#6123,#4611,#4612);
#3901=AXIS2_PLACEMENT_3D('',#6125,#4613,#4614);
#3902=AXIS2_PLACEMENT_3D('',#6126,#4615,#4616);
#3903=AXIS2_PLACEMENT_3D('',#6127,#4617,#4618);
#3904=AXIS2_PLACEMENT_3D('',#6129,#4619,#4620);
#3905=AXIS2_PLACEMENT_3D('',#6130,#4621,#4622);
#3906=AXIS2_PLACEMENT_3D('',#6132,#4623,#4624);
#3907=AXIS2_PLACEMENT_3D('',#6134,#4625,#4626);
#3908=AXIS2_PLACEMENT_3D('',#6135,#4627,#4628);
#3909=AXIS2_PLACEMENT_3D('',#6136,#4629,#4630);
#3910=AXIS2_PLACEMENT_3D('',#6139,#4631,#4632);
#3911=AXIS2_PLACEMENT_3D('',#6141,#4633,#4634);
#3912=AXIS2_PLACEMENT_3D('',#6143,#4635,#4636);
#3913=AXIS2_PLACEMENT_3D('',#6144,#4637,#4638);
#3914=AXIS2_PLACEMENT_3D('',#6145,#4639,#4640);
#3915=AXIS2_PLACEMENT_3D('',#6148,#4641,#4642);
#3916=AXIS2_PLACEMENT_3D('',#6149,#4643,#4644);
#3917=AXIS2_PLACEMENT_3D('',#6150,#4645,#4646);
#3918=AXIS2_PLACEMENT_3D('',#6151,#4647,#4648);
#3919=AXIS2_PLACEMENT_3D('',#6154,#4649,#4650);
#3920=AXIS2_PLACEMENT_3D('',#6155,#4651,#4652);
#3921=AXIS2_PLACEMENT_3D('',#6156,#4653,#4654);
#3922=AXIS2_PLACEMENT_3D('',#6157,#4655,#4656);
#3923=AXIS2_PLACEMENT_3D('',#6160,#4657,#4658);
#3924=AXIS2_PLACEMENT_3D('',#6161,#4659,#4660);
#3925=AXIS2_PLACEMENT_3D('',#6162,#4661,#4662);
#3926=AXIS2_PLACEMENT_3D('',#6163,#4663,#4664);
#3927=AXIS2_PLACEMENT_3D('',#6166,#4665,#4666);
#3928=AXIS2_PLACEMENT_3D('',#6167,#4667,#4668);
#3929=AXIS2_PLACEMENT_3D('',#6168,#4669,#4670);
#3930=AXIS2_PLACEMENT_3D('',#6169,#4671,#4672);
#3931=AXIS2_PLACEMENT_3D('',#6172,#4673,#4674);
#3932=AXIS2_PLACEMENT_3D('',#6175,#4677,#4678);
#3933=AXIS2_PLACEMENT_3D('',#6178,#4679,#4680);
#3934=AXIS2_PLACEMENT_3D('',#6179,#4681,#4682);
#3935=AXIS2_PLACEMENT_3D('',#6180,#4683,#4684);
#3936=AXIS2_PLACEMENT_3D('',#6181,#4685,#4686);
#3937=AXIS2_PLACEMENT_3D('',#6184,#4689,#4690);
#3938=AXIS2_PLACEMENT_3D('',#6188,#4692,#4693);
#3939=AXIS2_PLACEMENT_3D('',#6190,#4695,#4696);
#3940=AXIS2_PLACEMENT_3D('',#6192,#4697,#4698);
#3941=AXIS2_PLACEMENT_3D('',#6194,#4700,#4701);
#3942=AXIS2_PLACEMENT_3D('',#6196,#4702,#4703);
#3943=AXIS2_PLACEMENT_3D('',#6198,#4705,#4706);
#3944=AXIS2_PLACEMENT_3D('',#6200,#4707,#4708);
#3945=AXIS2_PLACEMENT_3D('',#6202,#4710,#4711);
#3946=AXIS2_PLACEMENT_3D('',#6203,#4712,#4713);
#3947=AXIS2_PLACEMENT_3D('',#6205,#4714,#4715);
#3948=AXIS2_PLACEMENT_3D('',#6207,#4716,#4717);
#3949=AXIS2_PLACEMENT_3D('',#6209,#4719,#4720);
#3950=AXIS2_PLACEMENT_3D('',#6210,#4721,#4722);
#3951=AXIS2_PLACEMENT_3D('',#6211,#4723,#4724);
#3952=AXIS2_PLACEMENT_3D('',#6212,#4725,#4726);
#3953=AXIS2_PLACEMENT_3D('',#6213,#4727,#4728);
#3954=AXIS2_PLACEMENT_3D('',#6214,#4729,#4730);
#3955=AXIS2_PLACEMENT_3D('',#6215,#4731,#4732);
#3956=AXIS2_PLACEMENT_3D('',#6216,#4733,#4734);
#3957=AXIS2_PLACEMENT_3D('',#6217,#4735,#4736);
#3958=AXIS2_PLACEMENT_3D('',#6218,#4737,#4738);
#3959=AXIS2_PLACEMENT_3D('',#6219,#4739,#4740);
#3960=AXIS2_PLACEMENT_3D('',#6220,#4741,#4742);
#3961=AXIS2_PLACEMENT_3D('',#6222,#4743,#4744);
#3962=AXIS2_PLACEMENT_3D('',#6224,#4746,#4747);
#3963=AXIS2_PLACEMENT_3D('',#6225,#4748,#4749);
#3964=AXIS2_PLACEMENT_3D('',#6226,#4750,#4751);
#3965=AXIS2_PLACEMENT_3D('',#6228,#4753,#4754);
#3966=AXIS2_PLACEMENT_3D('',#6230,#4756,#4757);
#3967=AXIS2_PLACEMENT_3D('',#6232,#4759,#4760);
#3968=AXIS2_PLACEMENT_3D('',#6233,#4761,#4762);
#3969=AXIS2_PLACEMENT_3D('',#6236,#4763,#4764);
#3970=AXIS2_PLACEMENT_3D('',#6238,#4765,#4766);
#3971=AXIS2_PLACEMENT_3D('',#6239,#4767,#4768);
#3972=AXIS2_PLACEMENT_3D('',#6240,#4769,#4770);
#3973=AXIS2_PLACEMENT_3D('',#6241,#4771,#4772);
#3974=AXIS2_PLACEMENT_3D('',#6244,#4773,#4774);
#3975=AXIS2_PLACEMENT_3D('',#6246,#4776,#4777);
#3976=AXIS2_PLACEMENT_3D('',#6247,#4778,#4779);
#3977=AXIS2_PLACEMENT_3D('',#6252,#4781,#4782);
#3978=AXIS2_PLACEMENT_3D('',#6254,#4783,#4784);
#3979=AXIS2_PLACEMENT_3D('',#6256,#4785,#4786);
#3980=AXIS2_PLACEMENT_3D('',#6258,#4787,#4788);
#3981=AXIS2_PLACEMENT_3D('',#6260,#4789,#4790);
#3982=AXIS2_PLACEMENT_3D('',#6263,#4792,#4793);
#3983=AXIS2_PLACEMENT_3D('',#6264,#4794,#4795);
#3984=AXIS2_PLACEMENT_3D('',#6266,#4796,#4797);
#3985=AXIS2_PLACEMENT_3D('',#6267,#4798,#4799);
#3986=AXIS2_PLACEMENT_3D('',#6268,#4800,#4801);
#3987=AXIS2_PLACEMENT_3D('',#6270,#4802,#4803);
#3988=AXIS2_PLACEMENT_3D('',#6271,#4804,#4805);
#3989=AXIS2_PLACEMENT_3D('',#6273,#4806,#4807);
#3990=AXIS2_PLACEMENT_3D('',#6275,#4808,#4809);
#3991=AXIS2_PLACEMENT_3D('',#6276,#4810,#4811);
#3992=AXIS2_PLACEMENT_3D('',#6277,#4812,#4813);
#3993=AXIS2_PLACEMENT_3D('',#6280,#4814,#4815);
#3994=AXIS2_PLACEMENT_3D('',#6282,#4816,#4817);
#3995=AXIS2_PLACEMENT_3D('',#6284,#4818,#4819);
#3996=AXIS2_PLACEMENT_3D('',#6285,#4820,#4821);
#3997=AXIS2_PLACEMENT_3D('',#6286,#4822,#4823);
#3998=AXIS2_PLACEMENT_3D('',#6289,#4824,#4825);
#3999=AXIS2_PLACEMENT_3D('',#6290,#4826,#4827);
#4000=AXIS2_PLACEMENT_3D('',#6291,#4828,#4829);
#4001=AXIS2_PLACEMENT_3D('',#6292,#4830,#4831);
#4002=AXIS2_PLACEMENT_3D('',#6295,#4832,#4833);
#4003=AXIS2_PLACEMENT_3D('',#6296,#4834,#4835);
#4004=AXIS2_PLACEMENT_3D('',#6297,#4836,#4837);
#4005=AXIS2_PLACEMENT_3D('',#6298,#4838,#4839);
#4006=AXIS2_PLACEMENT_3D('',#6301,#4840,#4841);
#4007=AXIS2_PLACEMENT_3D('',#6302,#4842,#4843);
#4008=AXIS2_PLACEMENT_3D('',#6303,#4844,#4845);
#4009=AXIS2_PLACEMENT_3D('',#6304,#4846,#4847);
#4010=AXIS2_PLACEMENT_3D('',#6307,#4848,#4849);
#4011=AXIS2_PLACEMENT_3D('',#6308,#4850,#4851);
#4012=AXIS2_PLACEMENT_3D('',#6309,#4852,#4853);
#4013=AXIS2_PLACEMENT_3D('',#6310,#4854,#4855);
#4014=AXIS2_PLACEMENT_3D('',#6313,#4856,#4857);
#4015=AXIS2_PLACEMENT_3D('',#6316,#4860,#4861);
#4016=AXIS2_PLACEMENT_3D('',#6319,#4862,#4863);
#4017=AXIS2_PLACEMENT_3D('',#6320,#4864,#4865);
#4018=AXIS2_PLACEMENT_3D('',#6321,#4866,#4867);
#4019=AXIS2_PLACEMENT_3D('',#6322,#4868,#4869);
#4020=AXIS2_PLACEMENT_3D('',#6325,#4872,#4873);
#4021=AXIS2_PLACEMENT_3D('',#6329,#4875,#4876);
#4022=AXIS2_PLACEMENT_3D('',#6331,#4878,#4879);
#4023=AXIS2_PLACEMENT_3D('',#6334,#4881,#4882);
#4024=AXIS2_PLACEMENT_3D('',#6335,#4883,#4884);
#4025=AXIS2_PLACEMENT_3D('',#6338,#4886,#4887);
#4026=AXIS2_PLACEMENT_3D('',#6339,#4888,#4889);
#4027=AXIS2_PLACEMENT_3D('',#6342,#4891,#4892);
#4028=AXIS2_PLACEMENT_3D('',#6343,#4893,#4894);
#4029=AXIS2_PLACEMENT_3D('',#6344,#4895,#4896);
#4030=AXIS2_PLACEMENT_3D('',#6346,#4897,#4898);
#4031=AXIS2_PLACEMENT_3D('',#6349,#4900,#4901);
#4032=AXIS2_PLACEMENT_3D('',#6350,#4902,#4903);
#4033=AXIS2_PLACEMENT_3D('',#6351,#4904,#4905);
#4034=AXIS2_PLACEMENT_3D('',#6352,#4906,#4907);
#4035=AXIS2_PLACEMENT_3D('',#6353,#4908,#4909);
#4036=AXIS2_PLACEMENT_3D('',#6354,#4910,#4911);
#4037=AXIS2_PLACEMENT_3D('',#6355,#4912,#4913);
#4038=AXIS2_PLACEMENT_3D('',#6356,#4914,#4915);
#4039=AXIS2_PLACEMENT_3D('',#6357,#4916,#4917);
#4040=AXIS2_PLACEMENT_3D('',#6358,#4918,#4919);
#4041=AXIS2_PLACEMENT_3D('',#6359,#4920,#4921);
#4042=AXIS2_PLACEMENT_3D('',#6360,#4922,#4923);
#4043=AXIS2_PLACEMENT_3D('',#6361,#4924,#4925);
#4044=AXIS2_PLACEMENT_3D('',#6363,#4926,#4927);
#4045=AXIS2_PLACEMENT_3D('',#6365,#4929,#4930);
#4046=AXIS2_PLACEMENT_3D('',#6366,#4931,#4932);
#4047=AXIS2_PLACEMENT_3D('',#6367,#4933,#4934);
#4048=AXIS2_PLACEMENT_3D('',#6369,#4936,#4937);
#4049=AXIS2_PLACEMENT_3D('',#6371,#4939,#4940);
#4050=AXIS2_PLACEMENT_3D('',#6373,#4942,#4943);
#4051=AXIS2_PLACEMENT_3D('',#6374,#4944,#4945);
#4052=AXIS2_PLACEMENT_3D('',#6376,#4946,#4947);
#4053=AXIS2_PLACEMENT_3D('',#6379,#4949,#4950);
#4054=AXIS2_PLACEMENT_3D('',#6380,#4951,#4952);
#4055=AXIS2_PLACEMENT_3D('',#6383,#4953,#4954);
#4056=AXIS2_PLACEMENT_3D('',#6384,#4955,#4956);
#4057=AXIS2_PLACEMENT_3D('',#6386,#4957,#4958);
#4058=AXIS2_PLACEMENT_3D('',#6387,#4959,#4960);
#4059=AXIS2_PLACEMENT_3D('',#6388,#4961,#4962);
#4060=AXIS2_PLACEMENT_3D('',#6391,#4963,#4964);
#4061=AXIS2_PLACEMENT_3D('',#6392,#4965,#4966);
#4062=AXIS2_PLACEMENT_3D('',#6394,#4968,#4969);
#4063=AXIS2_PLACEMENT_3D('',#6399,#4971,#4972);
#4064=AXIS2_PLACEMENT_3D('',#6403,#4974,#4975);
#4065=AXIS2_PLACEMENT_3D('',#6405,#4976,#4977);
#4066=AXIS2_PLACEMENT_3D('',#6407,#4978,#4979);
#4067=AXIS2_PLACEMENT_3D('',#6409,#4980,#4981);
#4068=AXIS2_PLACEMENT_3D('',#6410,#4982,#4983);
#4069=AXIS2_PLACEMENT_3D('',#6411,#4984,#4985);
#4070=AXIS2_PLACEMENT_3D('',#6413,#4986,#4987);
#4071=AXIS2_PLACEMENT_3D('',#6414,#4988,#4989);
#4072=AXIS2_PLACEMENT_3D('',#6415,#4990,#4991);
#4073=AXIS2_PLACEMENT_3D('',#6417,#4992,#4993);
#4074=AXIS2_PLACEMENT_3D('',#6418,#4994,#4995);
#4075=AXIS2_PLACEMENT_3D('',#6420,#4996,#4997);
#4076=AXIS2_PLACEMENT_3D('',#6422,#4998,#4999);
#4077=AXIS2_PLACEMENT_3D('',#6423,#5000,#5001);
#4078=AXIS2_PLACEMENT_3D('',#6424,#5002,#5003);
#4079=AXIS2_PLACEMENT_3D('',#6426,#5005,#5006);
#4080=AXIS2_PLACEMENT_3D('',#6429,#5007,#5008);
#4081=AXIS2_PLACEMENT_3D('',#6431,#5009,#5010);
#4082=AXIS2_PLACEMENT_3D('',#6433,#5011,#5012);
#4083=AXIS2_PLACEMENT_3D('',#6434,#5013,#5014);
#4084=AXIS2_PLACEMENT_3D('',#6435,#5015,#5016);
#4085=AXIS2_PLACEMENT_3D('',#6438,#5017,#5018);
#4086=AXIS2_PLACEMENT_3D('',#6439,#5019,#5020);
#4087=AXIS2_PLACEMENT_3D('',#6440,#5021,#5022);
#4088=AXIS2_PLACEMENT_3D('',#6441,#5023,#5024);
#4089=AXIS2_PLACEMENT_3D('',#6444,#5025,#5026);
#4090=AXIS2_PLACEMENT_3D('',#6445,#5027,#5028);
#4091=AXIS2_PLACEMENT_3D('',#6446,#5029,#5030);
#4092=AXIS2_PLACEMENT_3D('',#6447,#5031,#5032);
#4093=AXIS2_PLACEMENT_3D('',#6450,#5033,#5034);
#4094=AXIS2_PLACEMENT_3D('',#6451,#5035,#5036);
#4095=AXIS2_PLACEMENT_3D('',#6452,#5037,#5038);
#4096=AXIS2_PLACEMENT_3D('',#6453,#5039,#5040);
#4097=AXIS2_PLACEMENT_3D('',#6456,#5041,#5042);
#4098=AXIS2_PLACEMENT_3D('',#6457,#5043,#5044);
#4099=AXIS2_PLACEMENT_3D('',#6458,#5045,#5046);
#4100=AXIS2_PLACEMENT_3D('',#6459,#5047,#5048);
#4101=AXIS2_PLACEMENT_3D('',#6462,#5049,#5050);
#4102=AXIS2_PLACEMENT_3D('',#6465,#5053,#5054);
#4103=AXIS2_PLACEMENT_3D('',#6468,#5055,#5056);
#4104=AXIS2_PLACEMENT_3D('',#6469,#5057,#5058);
#4105=AXIS2_PLACEMENT_3D('',#6470,#5059,#5060);
#4106=AXIS2_PLACEMENT_3D('',#6471,#5061,#5062);
#4107=AXIS2_PLACEMENT_3D('',#6474,#5065,#5066);
#4108=AXIS2_PLACEMENT_3D('',#6478,#5068,#5069);
#4109=AXIS2_PLACEMENT_3D('',#6480,#5071,#5072);
#4110=AXIS2_PLACEMENT_3D('',#6482,#5073,#5074);
#4111=AXIS2_PLACEMENT_3D('',#6484,#5076,#5077);
#4112=AXIS2_PLACEMENT_3D('',#6486,#5078,#5079);
#4113=AXIS2_PLACEMENT_3D('',#6488,#5081,#5082);
#4114=AXIS2_PLACEMENT_3D('',#6490,#5083,#5084);
#4115=AXIS2_PLACEMENT_3D('',#6492,#5086,#5087);
#4116=AXIS2_PLACEMENT_3D('',#6493,#5088,#5089);
#4117=AXIS2_PLACEMENT_3D('',#6495,#5090,#5091);
#4118=AXIS2_PLACEMENT_3D('',#6497,#5092,#5093);
#4119=AXIS2_PLACEMENT_3D('',#6499,#5095,#5096);
#4120=AXIS2_PLACEMENT_3D('',#6500,#5097,#5098);
#4121=AXIS2_PLACEMENT_3D('',#6501,#5099,#5100);
#4122=AXIS2_PLACEMENT_3D('',#6502,#5101,#5102);
#4123=AXIS2_PLACEMENT_3D('',#6503,#5103,#5104);
#4124=AXIS2_PLACEMENT_3D('',#6504,#5105,#5106);
#4125=AXIS2_PLACEMENT_3D('',#6505,#5107,#5108);
#4126=AXIS2_PLACEMENT_3D('',#6506,#5109,#5110);
#4127=AXIS2_PLACEMENT_3D('',#6507,#5111,#5112);
#4128=AXIS2_PLACEMENT_3D('',#6508,#5113,#5114);
#4129=AXIS2_PLACEMENT_3D('',#6509,#5115,#5116);
#4130=AXIS2_PLACEMENT_3D('',#6510,#5117,#5118);
#4131=AXIS2_PLACEMENT_3D('',#6512,#5119,#5120);
#4132=AXIS2_PLACEMENT_3D('',#6514,#5122,#5123);
#4133=AXIS2_PLACEMENT_3D('',#6515,#5124,#5125);
#4134=AXIS2_PLACEMENT_3D('',#6516,#5126,#5127);
#4135=AXIS2_PLACEMENT_3D('',#6518,#5129,#5130);
#4136=AXIS2_PLACEMENT_3D('',#6520,#5132,#5133);
#4137=AXIS2_PLACEMENT_3D('',#6522,#5135,#5136);
#4138=AXIS2_PLACEMENT_3D('',#6523,#5137,#5138);
#4139=AXIS2_PLACEMENT_3D('',#6526,#5139,#5140);
#4140=AXIS2_PLACEMENT_3D('',#6528,#5141,#5142);
#4141=AXIS2_PLACEMENT_3D('',#6529,#5143,#5144);
#4142=AXIS2_PLACEMENT_3D('',#6530,#5145,#5146);
#4143=AXIS2_PLACEMENT_3D('',#6531,#5147,#5148);
#4144=AXIS2_PLACEMENT_3D('',#6534,#5149,#5150);
#4145=AXIS2_PLACEMENT_3D('',#6536,#5152,#5153);
#4146=AXIS2_PLACEMENT_3D('',#6537,#5154,#5155);
#4147=AXIS2_PLACEMENT_3D('',#6542,#5157,#5158);
#4148=AXIS2_PLACEMENT_3D('',#6544,#5159,#5160);
#4149=AXIS2_PLACEMENT_3D('',#6546,#5161,#5162);
#4150=AXIS2_PLACEMENT_3D('',#6548,#5163,#5164);
#4151=AXIS2_PLACEMENT_3D('',#6550,#5165,#5166);
#4152=AXIS2_PLACEMENT_3D('',#6553,#5168,#5169);
#4153=AXIS2_PLACEMENT_3D('',#6554,#5170,#5171);
#4154=AXIS2_PLACEMENT_3D('',#6556,#5172,#5173);
#4155=AXIS2_PLACEMENT_3D('',#6557,#5174,#5175);
#4156=AXIS2_PLACEMENT_3D('',#6558,#5176,#5177);
#4157=AXIS2_PLACEMENT_3D('',#6560,#5178,#5179);
#4158=AXIS2_PLACEMENT_3D('',#6561,#5180,#5181);
#4159=AXIS2_PLACEMENT_3D('',#6563,#5182,#5183);
#4160=AXIS2_PLACEMENT_3D('',#6565,#5184,#5185);
#4161=AXIS2_PLACEMENT_3D('',#6566,#5186,#5187);
#4162=AXIS2_PLACEMENT_3D('',#6567,#5188,#5189);
#4163=AXIS2_PLACEMENT_3D('',#6570,#5190,#5191);
#4164=AXIS2_PLACEMENT_3D('',#6572,#5192,#5193);
#4165=AXIS2_PLACEMENT_3D('',#6574,#5194,#5195);
#4166=AXIS2_PLACEMENT_3D('',#6575,#5196,#5197);
#4167=AXIS2_PLACEMENT_3D('',#6576,#5198,#5199);
#4168=AXIS2_PLACEMENT_3D('',#6579,#5200,#5201);
#4169=AXIS2_PLACEMENT_3D('',#6580,#5202,#5203);
#4170=AXIS2_PLACEMENT_3D('',#6581,#5204,#5205);
#4171=AXIS2_PLACEMENT_3D('',#6582,#5206,#5207);
#4172=AXIS2_PLACEMENT_3D('',#6585,#5208,#5209);
#4173=AXIS2_PLACEMENT_3D('',#6586,#5210,#5211);
#4174=AXIS2_PLACEMENT_3D('',#6587,#5212,#5213);
#4175=AXIS2_PLACEMENT_3D('',#6588,#5214,#5215);
#4176=AXIS2_PLACEMENT_3D('',#6591,#5216,#5217);
#4177=AXIS2_PLACEMENT_3D('',#6592,#5218,#5219);
#4178=AXIS2_PLACEMENT_3D('',#6593,#5220,#5221);
#4179=AXIS2_PLACEMENT_3D('',#6594,#5222,#5223);
#4180=AXIS2_PLACEMENT_3D('',#6597,#5224,#5225);
#4181=AXIS2_PLACEMENT_3D('',#6598,#5226,#5227);
#4182=AXIS2_PLACEMENT_3D('',#6599,#5228,#5229);
#4183=AXIS2_PLACEMENT_3D('',#6600,#5230,#5231);
#4184=AXIS2_PLACEMENT_3D('',#6603,#5232,#5233);
#4185=AXIS2_PLACEMENT_3D('',#6606,#5236,#5237);
#4186=AXIS2_PLACEMENT_3D('',#6609,#5238,#5239);
#4187=AXIS2_PLACEMENT_3D('',#6610,#5240,#5241);
#4188=AXIS2_PLACEMENT_3D('',#6611,#5242,#5243);
#4189=AXIS2_PLACEMENT_3D('',#6612,#5244,#5245);
#4190=AXIS2_PLACEMENT_3D('',#6615,#5248,#5249);
#4191=AXIS2_PLACEMENT_3D('',#6619,#5251,#5252);
#4192=AXIS2_PLACEMENT_3D('',#6621,#5254,#5255);
#4193=AXIS2_PLACEMENT_3D('',#6624,#5257,#5258);
#4194=AXIS2_PLACEMENT_3D('',#6625,#5259,#5260);
#4195=AXIS2_PLACEMENT_3D('',#6628,#5262,#5263);
#4196=AXIS2_PLACEMENT_3D('',#6629,#5264,#5265);
#4197=AXIS2_PLACEMENT_3D('',#6632,#5267,#5268);
#4198=AXIS2_PLACEMENT_3D('',#6633,#5269,#5270);
#4199=AXIS2_PLACEMENT_3D('',#6634,#5271,#5272);
#4200=AXIS2_PLACEMENT_3D('',#6636,#5273,#5274);
#4201=AXIS2_PLACEMENT_3D('',#6639,#5276,#5277);
#4202=AXIS2_PLACEMENT_3D('',#6640,#5278,#5279);
#4203=AXIS2_PLACEMENT_3D('',#6641,#5280,#5281);
#4204=AXIS2_PLACEMENT_3D('',#6642,#5282,#5283);
#4205=AXIS2_PLACEMENT_3D('',#6643,#5284,#5285);
#4206=AXIS2_PLACEMENT_3D('',#6644,#5286,#5287);
#4207=AXIS2_PLACEMENT_3D('',#6645,#5288,#5289);
#4208=AXIS2_PLACEMENT_3D('',#6646,#5290,#5291);
#4209=AXIS2_PLACEMENT_3D('',#6647,#5292,#5293);
#4210=AXIS2_PLACEMENT_3D('',#6648,#5294,#5295);
#4211=AXIS2_PLACEMENT_3D('',#6649,#5296,#5297);
#4212=AXIS2_PLACEMENT_3D('',#6650,#5298,#5299);
#4213=AXIS2_PLACEMENT_3D('',#6651,#5300,#5301);
#4214=AXIS2_PLACEMENT_3D('',#6653,#5302,#5303);
#4215=AXIS2_PLACEMENT_3D('',#6655,#5305,#5306);
#4216=AXIS2_PLACEMENT_3D('',#6656,#5307,#5308);
#4217=AXIS2_PLACEMENT_3D('',#6657,#5309,#5310);
#4218=AXIS2_PLACEMENT_3D('',#6659,#5312,#5313);
#4219=AXIS2_PLACEMENT_3D('',#6661,#5315,#5316);
#4220=AXIS2_PLACEMENT_3D('',#6663,#5318,#5319);
#4221=AXIS2_PLACEMENT_3D('',#6664,#5320,#5321);
#4222=AXIS2_PLACEMENT_3D('',#6666,#5322,#5323);
#4223=AXIS2_PLACEMENT_3D('',#6669,#5325,#5326);
#4224=AXIS2_PLACEMENT_3D('',#6670,#5327,#5328);
#4225=AXIS2_PLACEMENT_3D('',#6673,#5329,#5330);
#4226=AXIS2_PLACEMENT_3D('',#6674,#5331,#5332);
#4227=AXIS2_PLACEMENT_3D('',#6676,#5333,#5334);
#4228=AXIS2_PLACEMENT_3D('',#6677,#5335,#5336);
#4229=AXIS2_PLACEMENT_3D('',#6678,#5337,#5338);
#4230=AXIS2_PLACEMENT_3D('',#6681,#5339,#5340);
#4231=AXIS2_PLACEMENT_3D('',#6682,#5341,#5342);
#4232=AXIS2_PLACEMENT_3D('',#6684,#5344,#5345);
#4233=AXIS2_PLACEMENT_3D('',#6689,#5347,#5348);
#4234=AXIS2_PLACEMENT_3D('',#6693,#5350,#5351);
#4235=AXIS2_PLACEMENT_3D('',#6695,#5352,#5353);
#4236=AXIS2_PLACEMENT_3D('',#6697,#5354,#5355);
#4237=AXIS2_PLACEMENT_3D('',#6699,#5356,#5357);
#4238=AXIS2_PLACEMENT_3D('',#6700,#5358,#5359);
#4239=AXIS2_PLACEMENT_3D('',#6701,#5360,#5361);
#4240=AXIS2_PLACEMENT_3D('',#6703,#5362,#5363);
#4241=AXIS2_PLACEMENT_3D('',#6704,#5364,#5365);
#4242=AXIS2_PLACEMENT_3D('',#6705,#5366,#5367);
#4243=AXIS2_PLACEMENT_3D('',#6707,#5368,#5369);
#4244=AXIS2_PLACEMENT_3D('',#6708,#5370,#5371);
#4245=AXIS2_PLACEMENT_3D('',#6710,#5372,#5373);
#4246=AXIS2_PLACEMENT_3D('',#6712,#5374,#5375);
#4247=AXIS2_PLACEMENT_3D('',#6713,#5376,#5377);
#4248=AXIS2_PLACEMENT_3D('',#6714,#5378,#5379);
#4249=AXIS2_PLACEMENT_3D('',#6716,#5381,#5382);
#4250=AXIS2_PLACEMENT_3D('',#6719,#5383,#5384);
#4251=AXIS2_PLACEMENT_3D('',#6721,#5385,#5386);
#4252=AXIS2_PLACEMENT_3D('',#6723,#5387,#5388);
#4253=AXIS2_PLACEMENT_3D('',#6724,#5389,#5390);
#4254=AXIS2_PLACEMENT_3D('',#6725,#5391,#5392);
#4255=AXIS2_PLACEMENT_3D('',#6728,#5393,#5394);
#4256=AXIS2_PLACEMENT_3D('',#6729,#5395,#5396);
#4257=AXIS2_PLACEMENT_3D('',#6730,#5397,#5398);
#4258=AXIS2_PLACEMENT_3D('',#6731,#5399,#5400);
#4259=AXIS2_PLACEMENT_3D('',#6734,#5401,#5402);
#4260=AXIS2_PLACEMENT_3D('',#6735,#5403,#5404);
#4261=AXIS2_PLACEMENT_3D('',#6736,#5405,#5406);
#4262=AXIS2_PLACEMENT_3D('',#6737,#5407,#5408);
#4263=AXIS2_PLACEMENT_3D('',#6740,#5409,#5410);
#4264=AXIS2_PLACEMENT_3D('',#6741,#5411,#5412);
#4265=AXIS2_PLACEMENT_3D('',#6742,#5413,#5414);
#4266=AXIS2_PLACEMENT_3D('',#6743,#5415,#5416);
#4267=AXIS2_PLACEMENT_3D('',#6746,#5417,#5418);
#4268=AXIS2_PLACEMENT_3D('',#6747,#5419,#5420);
#4269=AXIS2_PLACEMENT_3D('',#6748,#5421,#5422);
#4270=AXIS2_PLACEMENT_3D('',#6749,#5423,#5424);
#4271=AXIS2_PLACEMENT_3D('',#6752,#5425,#5426);
#4272=AXIS2_PLACEMENT_3D('',#6755,#5429,#5430);
#4273=AXIS2_PLACEMENT_3D('',#6758,#5431,#5432);
#4274=AXIS2_PLACEMENT_3D('',#6759,#5433,#5434);
#4275=AXIS2_PLACEMENT_3D('',#6760,#5435,#5436);
#4276=AXIS2_PLACEMENT_3D('',#6761,#5437,#5438);
#4277=AXIS2_PLACEMENT_3D('',#6764,#5441,#5442);
#4278=AXIS2_PLACEMENT_3D('',#6768,#5444,#5445);
#4279=AXIS2_PLACEMENT_3D('',#6770,#5447,#5448);
#4280=AXIS2_PLACEMENT_3D('',#6772,#5449,#5450);
#4281=AXIS2_PLACEMENT_3D('',#6774,#5452,#5453);
#4282=AXIS2_PLACEMENT_3D('',#6776,#5454,#5455);
#4283=AXIS2_PLACEMENT_3D('',#6778,#5457,#5458);
#4284=AXIS2_PLACEMENT_3D('',#6780,#5459,#5460);
#4285=AXIS2_PLACEMENT_3D('',#6782,#5462,#5463);
#4286=AXIS2_PLACEMENT_3D('',#6783,#5464,#5465);
#4287=AXIS2_PLACEMENT_3D('',#6785,#5466,#5467);
#4288=AXIS2_PLACEMENT_3D('',#6787,#5468,#5469);
#4289=AXIS2_PLACEMENT_3D('',#6789,#5471,#5472);
#4290=AXIS2_PLACEMENT_3D('',#6790,#5473,#5474);
#4291=AXIS2_PLACEMENT_3D('',#6791,#5475,#5476);
#4292=AXIS2_PLACEMENT_3D('',#6792,#5477,#5478);
#4293=AXIS2_PLACEMENT_3D('',#6793,#5479,#5480);
#4294=AXIS2_PLACEMENT_3D('',#6794,#5481,#5482);
#4295=AXIS2_PLACEMENT_3D('',#6795,#5483,#5484);
#4296=AXIS2_PLACEMENT_3D('',#6796,#5485,#5486);
#4297=AXIS2_PLACEMENT_3D('',#6797,#5487,#5488);
#4298=AXIS2_PLACEMENT_3D('',#6798,#5489,#5490);
#4299=AXIS2_PLACEMENT_3D('',#6799,#5491,#5492);
#4300=AXIS2_PLACEMENT_3D('',#6800,#5493,#5494);
#4301=AXIS2_PLACEMENT_3D('',#6802,#5495,#5496);
#4302=AXIS2_PLACEMENT_3D('',#6804,#5498,#5499);
#4303=AXIS2_PLACEMENT_3D('',#6805,#5500,#5501);
#4304=AXIS2_PLACEMENT_3D('',#6806,#5502,#5503);
#4305=AXIS2_PLACEMENT_3D('',#6808,#5505,#5506);
#4306=AXIS2_PLACEMENT_3D('',#6810,#5508,#5509);
#4307=AXIS2_PLACEMENT_3D('',#6812,#5511,#5512);
#4308=AXIS2_PLACEMENT_3D('',#6813,#5513,#5514);
#4309=AXIS2_PLACEMENT_3D('',#6816,#5515,#5516);
#4310=AXIS2_PLACEMENT_3D('',#6818,#5517,#5518);
#4311=AXIS2_PLACEMENT_3D('',#6819,#5519,#5520);
#4312=AXIS2_PLACEMENT_3D('',#6820,#5521,#5522);
#4313=AXIS2_PLACEMENT_3D('',#6821,#5523,#5524);
#4314=AXIS2_PLACEMENT_3D('',#6824,#5525,#5526);
#4315=AXIS2_PLACEMENT_3D('',#6826,#5528,#5529);
#4316=AXIS2_PLACEMENT_3D('',#6827,#5530,#5531);
#4317=AXIS2_PLACEMENT_3D('',#6832,#5533,#5534);
#4318=AXIS2_PLACEMENT_3D('',#6834,#5535,#5536);
#4319=AXIS2_PLACEMENT_3D('',#6836,#5537,#5538);
#4320=AXIS2_PLACEMENT_3D('',#6838,#5539,#5540);
#4321=AXIS2_PLACEMENT_3D('',#6840,#5541,#5542);
#4322=AXIS2_PLACEMENT_3D('',#6843,#5544,#5545);
#4323=AXIS2_PLACEMENT_3D('',#6844,#5546,#5547);
#4324=AXIS2_PLACEMENT_3D('',#6846,#5548,#5549);
#4325=AXIS2_PLACEMENT_3D('',#6847,#5550,#5551);
#4326=AXIS2_PLACEMENT_3D('',#6848,#5552,#5553);
#4327=AXIS2_PLACEMENT_3D('',#6850,#5554,#5555);
#4328=AXIS2_PLACEMENT_3D('',#6851,#5556,#5557);
#4329=AXIS2_PLACEMENT_3D('',#6853,#5558,#5559);
#4330=AXIS2_PLACEMENT_3D('',#6855,#5560,#5561);
#4331=AXIS2_PLACEMENT_3D('',#6856,#5562,#5563);
#4332=AXIS2_PLACEMENT_3D('',#6857,#5564,#5565);
#4333=AXIS2_PLACEMENT_3D('',#6859,#5567,#5568);
#4334=AXIS2_PLACEMENT_3D('',#6862,#5569,#5570);
#4335=AXIS2_PLACEMENT_3D('',#6864,#5571,#5572);
#4336=AXIS2_PLACEMENT_3D('',#6866,#5573,#5574);
#4337=AXIS2_PLACEMENT_3D('',#6867,#5575,#5576);
#4338=AXIS2_PLACEMENT_3D('',#6868,#5577,#5578);
#4339=AXIS2_PLACEMENT_3D('',#6871,#5579,#5580);
#4340=AXIS2_PLACEMENT_3D('',#6872,#5581,#5582);
#4341=AXIS2_PLACEMENT_3D('',#6873,#5583,#5584);
#4342=AXIS2_PLACEMENT_3D('',#6874,#5585,#5586);
#4343=AXIS2_PLACEMENT_3D('',#6877,#5587,#5588);
#4344=AXIS2_PLACEMENT_3D('',#6878,#5589,#5590);
#4345=AXIS2_PLACEMENT_3D('',#6879,#5591,#5592);
#4346=AXIS2_PLACEMENT_3D('',#6880,#5593,#5594);
#4347=AXIS2_PLACEMENT_3D('',#6883,#5595,#5596);
#4348=AXIS2_PLACEMENT_3D('',#6884,#5597,#5598);
#4349=AXIS2_PLACEMENT_3D('',#6885,#5599,#5600);
#4350=AXIS2_PLACEMENT_3D('',#6886,#5601,#5602);
#4351=AXIS2_PLACEMENT_3D('',#6889,#5603,#5604);
#4352=AXIS2_PLACEMENT_3D('',#6890,#5605,#5606);
#4353=AXIS2_PLACEMENT_3D('',#6891,#5607,#5608);
#4354=AXIS2_PLACEMENT_3D('',#6892,#5609,#5610);
#4355=AXIS2_PLACEMENT_3D('',#6895,#5611,#5612);
#4356=AXIS2_PLACEMENT_3D('',#6898,#5615,#5616);
#4357=AXIS2_PLACEMENT_3D('',#6901,#5617,#5618);
#4358=AXIS2_PLACEMENT_3D('',#6902,#5619,#5620);
#4359=AXIS2_PLACEMENT_3D('',#6903,#5621,#5622);
#4360=AXIS2_PLACEMENT_3D('',#6904,#5623,#5624);
#4361=AXIS2_PLACEMENT_3D('',#6907,#5627,#5628);
#4362=AXIS2_PLACEMENT_3D('',#6911,#5630,#5631);
#4363=AXIS2_PLACEMENT_3D('',#6913,#5633,#5634);
#4364=AXIS2_PLACEMENT_3D('',#6916,#5636,#5637);
#4365=AXIS2_PLACEMENT_3D('',#6917,#5638,#5639);
#4366=AXIS2_PLACEMENT_3D('',#6920,#5641,#5642);
#4367=AXIS2_PLACEMENT_3D('',#6921,#5643,#5644);
#4368=AXIS2_PLACEMENT_3D('',#6924,#5646,#5647);
#4369=AXIS2_PLACEMENT_3D('',#6925,#5648,#5649);
#4370=AXIS2_PLACEMENT_3D('',#6926,#5650,#5651);
#4371=AXIS2_PLACEMENT_3D('',#6928,#5652,#5653);
#4372=AXIS2_PLACEMENT_3D('',#6931,#5655,#5656);
#4373=AXIS2_PLACEMENT_3D('',#6932,#5657,#5658);
#4374=AXIS2_PLACEMENT_3D('',#6933,#5659,#5660);
#4375=AXIS2_PLACEMENT_3D('',#6934,#5661,#5662);
#4376=AXIS2_PLACEMENT_3D('',#6935,#5663,#5664);
#4377=AXIS2_PLACEMENT_3D('',#6936,#5665,#5666);
#4378=AXIS2_PLACEMENT_3D('',#6937,#5667,#5668);
#4379=AXIS2_PLACEMENT_3D('',#6938,#5669,#5670);
#4380=AXIS2_PLACEMENT_3D('',#6939,#5671,#5672);
#4381=AXIS2_PLACEMENT_3D('',#6940,#5673,#5674);
#4382=AXIS2_PLACEMENT_3D('',#6941,#5675,#5676);
#4383=AXIS2_PLACEMENT_3D('',#6942,#5677,#5678);
#4384=AXIS2_PLACEMENT_3D('',#6943,#5679,#5680);
#4385=AXIS2_PLACEMENT_3D('',#6945,#5681,#5682);
#4386=AXIS2_PLACEMENT_3D('',#6947,#5684,#5685);
#4387=AXIS2_PLACEMENT_3D('',#6948,#5686,#5687);
#4388=AXIS2_PLACEMENT_3D('',#6949,#5688,#5689);
#4389=AXIS2_PLACEMENT_3D('',#6951,#5691,#5692);
#4390=AXIS2_PLACEMENT_3D('',#6953,#5694,#5695);
#4391=AXIS2_PLACEMENT_3D('',#6955,#5697,#5698);
#4392=AXIS2_PLACEMENT_3D('',#6956,#5699,#5700);
#4393=AXIS2_PLACEMENT_3D('',#6958,#5701,#5702);
#4394=AXIS2_PLACEMENT_3D('',#6961,#5704,#5705);
#4395=AXIS2_PLACEMENT_3D('',#6962,#5706,#5707);
#4396=AXIS2_PLACEMENT_3D('',#6965,#5708,#5709);
#4397=AXIS2_PLACEMENT_3D('',#6966,#5710,#5711);
#4398=AXIS2_PLACEMENT_3D('',#6968,#5712,#5713);
#4399=AXIS2_PLACEMENT_3D('',#6969,#5714,#5715);
#4400=AXIS2_PLACEMENT_3D('',#6970,#5716,#5717);
#4401=AXIS2_PLACEMENT_3D('',#6973,#5718,#5719);
#4402=AXIS2_PLACEMENT_3D('',#6974,#5720,#5721);
#4403=AXIS2_PLACEMENT_3D('',#6976,#5723,#5724);
#4404=AXIS2_PLACEMENT_3D('',#6981,#5726,#5727);
#4405=AXIS2_PLACEMENT_3D('',#6985,#5729,#5730);
#4406=AXIS2_PLACEMENT_3D('',#6987,#5731,#5732);
#4407=AXIS2_PLACEMENT_3D('',#6989,#5733,#5734);
#4408=AXIS2_PLACEMENT_3D('',#6991,#5735,#5736);
#4409=AXIS2_PLACEMENT_3D('',#6992,#5737,#5738);
#4410=AXIS2_PLACEMENT_3D('',#6993,#5739,#5740);
#4411=AXIS2_PLACEMENT_3D('',#6995,#5741,#5742);
#4412=AXIS2_PLACEMENT_3D('',#6996,#5743,#5744);
#4413=AXIS2_PLACEMENT_3D('',#6997,#5745,#5746);
#4414=AXIS2_PLACEMENT_3D('',#6999,#5747,#5748);
#4415=AXIS2_PLACEMENT_3D('',#7000,#5749,#5750);
#4416=AXIS2_PLACEMENT_3D('',#7002,#5751,#5752);
#4417=AXIS2_PLACEMENT_3D('',#7004,#5753,#5754);
#4418=AXIS2_PLACEMENT_3D('',#7005,#5755,#5756);
#4419=AXIS2_PLACEMENT_3D('',#7006,#5757,#5758);
#4420=AXIS2_PLACEMENT_3D('',#7008,#5760,#5761);
#4421=AXIS2_PLACEMENT_3D('',#7011,#5762,#5763);
#4422=AXIS2_PLACEMENT_3D('',#7013,#5764,#5765);
#4423=AXIS2_PLACEMENT_3D('',#7015,#5766,#5767);
#4424=AXIS2_PLACEMENT_3D('',#7016,#5768,#5769);
#4425=AXIS2_PLACEMENT_3D('',#7017,#5770,#5771);
#4426=AXIS2_PLACEMENT_3D('',#7020,#5772,#5773);
#4427=AXIS2_PLACEMENT_3D('',#7021,#5774,#5775);
#4428=AXIS2_PLACEMENT_3D('',#7022,#5776,#5777);
#4429=AXIS2_PLACEMENT_3D('',#7023,#5778,#5779);
#4430=AXIS2_PLACEMENT_3D('',#7026,#5780,#5781);
#4431=AXIS2_PLACEMENT_3D('',#7027,#5782,#5783);
#4432=AXIS2_PLACEMENT_3D('',#7028,#5784,#5785);
#4433=AXIS2_PLACEMENT_3D('',#7029,#5786,#5787);
#4434=AXIS2_PLACEMENT_3D('',#7032,#5788,#5789);
#4435=AXIS2_PLACEMENT_3D('',#7033,#5790,#5791);
#4436=AXIS2_PLACEMENT_3D('',#7034,#5792,#5793);
#4437=AXIS2_PLACEMENT_3D('',#7035,#5794,#5795);
#4438=AXIS2_PLACEMENT_3D('',#7038,#5796,#5797);
#4439=AXIS2_PLACEMENT_3D('',#7039,#5798,#5799);
#4440=AXIS2_PLACEMENT_3D('',#7040,#5800,#5801);
#4441=AXIS2_PLACEMENT_3D('',#7041,#5802,#5803);
#4442=AXIS2_PLACEMENT_3D('',#7044,#5804,#5805);
#4443=AXIS2_PLACEMENT_3D('',#7047,#5808,#5809);
#4444=AXIS2_PLACEMENT_3D('',#7050,#5810,#5811);
#4445=AXIS2_PLACEMENT_3D('',#7051,#5812,#5813);
#4446=AXIS2_PLACEMENT_3D('',#7052,#5814,#5815);
#4447=AXIS2_PLACEMENT_3D('',#7053,#5816,#5817);
#4448=AXIS2_PLACEMENT_3D('',#7056,#5820,#5821);
#4449=AXIS2_PLACEMENT_3D('',#7060,#5823,#5824);
#4450=AXIS2_PLACEMENT_3D('',#7062,#5826,#5827);
#4451=AXIS2_PLACEMENT_3D('',#7064,#5828,#5829);
#4452=AXIS2_PLACEMENT_3D('',#7066,#5831,#5832);
#4453=AXIS2_PLACEMENT_3D('',#7068,#5833,#5834);
#4454=AXIS2_PLACEMENT_3D('',#7070,#5836,#5837);
#4455=AXIS2_PLACEMENT_3D('',#7072,#5838,#5839);
#4456=AXIS2_PLACEMENT_3D('',#7074,#5841,#5842);
#4457=AXIS2_PLACEMENT_3D('',#7075,#5843,#5844);
#4458=AXIS2_PLACEMENT_3D('',#7077,#5845,#5846);
#4459=AXIS2_PLACEMENT_3D('',#7079,#5847,#5848);
#4460=AXIS2_PLACEMENT_3D('',#7081,#5850,#5851);
#4461=AXIS2_PLACEMENT_3D('',#7082,#5852,#5853);
#4462=AXIS2_PLACEMENT_3D('',#7083,#5854,#5855);
#4463=AXIS2_PLACEMENT_3D('',#7084,#5856,#5857);
#4464=AXIS2_PLACEMENT_3D('',#7085,#5858,#5859);
#4465=AXIS2_PLACEMENT_3D('',#7086,#5860,#5861);
#4466=AXIS2_PLACEMENT_3D('',#7087,#5862,#5863);
#4467=AXIS2_PLACEMENT_3D('',#7088,#5864,#5865);
#4468=AXIS2_PLACEMENT_3D('',#7089,#5866,#5867);
#4469=AXIS2_PLACEMENT_3D('',#7090,#5868,#5869);
#4470=AXIS2_PLACEMENT_3D('',#7091,#5870,#5871);
#4471=AXIS2_PLACEMENT_3D('',#7092,#5872,#5873);
#4472=AXIS2_PLACEMENT_3D('',#7094,#5874,#5875);
#4473=AXIS2_PLACEMENT_3D('',#7096,#5877,#5878);
#4474=AXIS2_PLACEMENT_3D('',#7097,#5879,#5880);
#4475=AXIS2_PLACEMENT_3D('',#7098,#5881,#5882);
#4476=AXIS2_PLACEMENT_3D('',#7100,#5884,#5885);
#4477=AXIS2_PLACEMENT_3D('',#7102,#5887,#5888);
#4478=AXIS2_PLACEMENT_3D('',#7104,#5890,#5891);
#4479=AXIS2_PLACEMENT_3D('',#7105,#5892,#5893);
#4480=AXIS2_PLACEMENT_3D('',#7108,#5894,#5895);
#4481=AXIS2_PLACEMENT_3D('',#7110,#5896,#5897);
#4482=AXIS2_PLACEMENT_3D('',#7111,#5898,#5899);
#4483=AXIS2_PLACEMENT_3D('',#7112,#5900,#5901);
#4484=AXIS2_PLACEMENT_3D('',#7113,#5902,#5903);
#4485=AXIS2_PLACEMENT_3D('',#7116,#5904,#5905);
#4486=AXIS2_PLACEMENT_3D('',#7118,#5907,#5908);
#4487=AXIS2_PLACEMENT_3D('',#7119,#5909,#5910);
#4488=AXIS2_PLACEMENT_3D('',#7124,#5912,#5913);
#4489=AXIS2_PLACEMENT_3D('',#7126,#5914,#5915);
#4490=AXIS2_PLACEMENT_3D('',#7128,#5916,#5917);
#4491=AXIS2_PLACEMENT_3D('',#7130,#5918,#5919);
#4492=AXIS2_PLACEMENT_3D('',#7132,#5920,#5921);
#4493=AXIS2_PLACEMENT_3D('',#7135,#5923,#5924);
#4494=AXIS2_PLACEMENT_3D('',#7136,#5925,#5926);
#4495=AXIS2_PLACEMENT_3D('',#7138,#5927,#5928);
#4496=AXIS2_PLACEMENT_3D('',#7139,#5929,#5930);
#4497=AXIS2_PLACEMENT_3D('',#7140,#5931,#5932);
#4498=AXIS2_PLACEMENT_3D('',#7142,#5933,#5934);
#4499=AXIS2_PLACEMENT_3D('',#7143,#5935,#5936);
#4500=AXIS2_PLACEMENT_3D('',#7145,#5937,#5938);
#4501=AXIS2_PLACEMENT_3D('',#7147,#5939,#5940);
#4502=AXIS2_PLACEMENT_3D('',#7148,#5941,#5942);
#4503=AXIS2_PLACEMENT_3D('',#7149,#5943,#5944);
#4504=AXIS2_PLACEMENT_3D('',#7151,#5945,#5946);
#4505=AXIS2_PLACEMENT_3D('',#7153,#5948,#5949);
#4506=AXIS2_PLACEMENT_3D('',#7156,#5950,#5951);
#4507=AXIS2_PLACEMENT_3D('',#7158,#5952,#5953);
#4508=AXIS2_PLACEMENT_3D('',#7160,#5954,#5955);
#4509=AXIS2_PLACEMENT_3D('',#7161,#5956,#5957);
#4510=AXIS2_PLACEMENT_3D('',#7162,#5958,#5959);
#4511=AXIS2_PLACEMENT_3D('',#7165,#5960,#5961);
#4512=AXIS2_PLACEMENT_3D('',#7166,#5962,#5963);
#4513=AXIS2_PLACEMENT_3D('',#7167,#5964,#5965);
#4514=AXIS2_PLACEMENT_3D('',#7168,#5966,#5967);
#4515=AXIS2_PLACEMENT_3D('',#7171,#5968,#5969);
#4516=AXIS2_PLACEMENT_3D('',#7172,#5970,#5971);
#4517=AXIS2_PLACEMENT_3D('',#7173,#5972,#5973);
#4518=AXIS2_PLACEMENT_3D('',#7174,#5974,#5975);
#4519=AXIS2_PLACEMENT_3D('',#7177,#5976,#5977);
#4520=AXIS2_PLACEMENT_3D('',#7178,#5978,#5979);
#4521=AXIS2_PLACEMENT_3D('',#7179,#5980,#5981);
#4522=AXIS2_PLACEMENT_3D('',#7180,#5982,#5983);
#4523=AXIS2_PLACEMENT_3D('',#7183,#5984,#5985);
#4524=AXIS2_PLACEMENT_3D('',#7184,#5986,#5987);
#4525=AXIS2_PLACEMENT_3D('',#7185,#5988,#5989);
#4526=AXIS2_PLACEMENT_3D('',#7186,#5990,#5991);
#4527=AXIS2_PLACEMENT_3D('',#7189,#5992,#5993);
#4528=AXIS2_PLACEMENT_3D('',#7192,#5996,#5997);
#4529=AXIS2_PLACEMENT_3D('',#7195,#5998,#5999);
#4530=AXIS2_PLACEMENT_3D('',#7196,#6000,#6001);
#4531=AXIS2_PLACEMENT_3D('',#7197,#6002,#6003);
#4532=AXIS2_PLACEMENT_3D('',#7198,#6004,#6005);
#4533=AXIS2_PLACEMENT_3D('',#7201,#6008,#6009);
#4534=AXIS2_PLACEMENT_3D('',#7205,#6011,#6012);
#4535=AXIS2_PLACEMENT_3D('',#7207,#6014,#6015);
#4536=AXIS2_PLACEMENT_3D('',#7210,#6017,#6018);
#4537=AXIS2_PLACEMENT_3D('',#7211,#6019,#6020);
#4538=AXIS2_PLACEMENT_3D('',#7214,#6022,#6023);
#4539=AXIS2_PLACEMENT_3D('',#7215,#6024,#6025);
#4540=AXIS2_PLACEMENT_3D('',#7218,#6027,#6028);
#4541=AXIS2_PLACEMENT_3D('',#7219,#6029,#6030);
#4542=AXIS2_PLACEMENT_3D('',#7220,#6031,#6032);
#4543=AXIS2_PLACEMENT_3D('',#7222,#6033,#6034);
#4544=AXIS2_PLACEMENT_3D('',#7225,#6036,#6037);
#4545=AXIS2_PLACEMENT_3D('',#7226,#6038,#6039);
#4546=AXIS2_PLACEMENT_3D('',#7227,#6040,#6041);
#4547=AXIS2_PLACEMENT_3D('',#7228,#6042,#6043);
#4548=AXIS2_PLACEMENT_3D('',#7229,#6044,#6045);
#4549=AXIS2_PLACEMENT_3D('',#7230,#6046,#6047);
#4550=AXIS2_PLACEMENT_3D('',#7231,#6048,#6049);
#4551=AXIS2_PLACEMENT_3D('',#7232,#6050,#6051);
#4552=AXIS2_PLACEMENT_3D('',#7233,#6052,#6053);
#4553=AXIS2_PLACEMENT_3D('',#7234,#6054,#6055);
#4554=AXIS2_PLACEMENT_3D('',#7235,#6056,#6057);
#4555=AXIS2_PLACEMENT_3D('',#7236,#6058,#6059);
#4556=AXIS2_PLACEMENT_3D('',#7237,#6060,#6061);
#4557=AXIS2_PLACEMENT_3D('',#7239,#6062,#6063);
#4558=AXIS2_PLACEMENT_3D('',#7241,#6065,#6066);
#4559=AXIS2_PLACEMENT_3D('',#7242,#6067,#6068);
#4560=AXIS2_PLACEMENT_3D('',#7243,#6069,#6070);
#4561=AXIS2_PLACEMENT_3D('',#7245,#6072,#6073);
#4562=AXIS2_PLACEMENT_3D('',#7247,#6075,#6076);
#4563=AXIS2_PLACEMENT_3D('',#7248,#6077,#6078);
#4564=AXIS2_PLACEMENT_3D('',#7250,#6080,#6081);
#4565=DIRECTION('axis',(0.,0.,1.));
#4566=DIRECTION('refdir',(1.,0.,0.));
#4567=DIRECTION('center_axis',(0.,1.,0.));
#4568=DIRECTION('ref_axis',(0.,0.,1.));
#4569=DIRECTION('center_axis',(0.,-1.,0.));
#4570=DIRECTION('ref_axis',(1.,0.,0.));
#4571=DIRECTION('center_axis',(0.,1.,0.));
#4572=DIRECTION('ref_axis',(-1.,0.,-1.22464679914735E-16));
#4573=DIRECTION('center_axis',(0.,1.,0.));
#4574=DIRECTION('ref_axis',(-1.,0.,-1.22464679914735E-16));
#4575=DIRECTION('',(0.,-1.,0.));
#4576=DIRECTION('center_axis',(0.,-1.,0.));
#4577=DIRECTION('ref_axis',(-1.,0.,-1.22464679914735E-16));
#4578=DIRECTION('center_axis',(0.,1.,0.));
#4579=DIRECTION('ref_axis',(-1.22464679914735E-16,0.,1.));
#4580=DIRECTION('center_axis',(0.,-1.,0.));
#4581=DIRECTION('ref_axis',(-1.,0.,-1.22464679914735E-16));
#4582=DIRECTION('center_axis',(0.,-1.,0.));
#4583=DIRECTION('ref_axis',(-1.,0.,-1.22464679914735E-16));
#4584=DIRECTION('center_axis',(-1.,0.,-2.44929359829471E-16));
#4585=DIRECTION('ref_axis',(2.44929359829471E-16,0.,-1.));
#4586=DIRECTION('center_axis',(0.,1.,0.));
#4587=DIRECTION('ref_axis',(-1.,0.,-1.22464679914735E-16));
#4588=DIRECTION('center_axis',(0.,1.,0.));
#4589=DIRECTION('ref_axis',(-1.,0.,-1.22464679914735E-16));
#4590=DIRECTION('center_axis',(0.,1.,0.));
#4591=DIRECTION('ref_axis',(-1.,0.,-1.22464679914735E-16));
#4592=DIRECTION('center_axis',(0.,1.,0.));
#4593=DIRECTION('ref_axis',(-1.,0.,-1.22464679914735E-16));
#4594=DIRECTION('',(0.,1.,0.));
#4595=DIRECTION('center_axis',(0.,1.,0.));
#4596=DIRECTION('ref_axis',(-1.,0.,-1.22464679914735E-16));
#4597=DIRECTION('',(-1.22464679914735E-16,0.,1.));
#4598=DIRECTION('center_axis',(0.,-1.,0.));
#4599=DIRECTION('ref_axis',(-1.83697019872103E-16,0.,1.));
#4600=DIRECTION('',(1.22464679914735E-16,0.,-1.));
#4601=DIRECTION('center_axis',(0.,1.,0.));
#4602=DIRECTION('ref_axis',(0.916949300616178,0.,-0.399003734443053));
#4603=DIRECTION('center_axis',(0.,-1.,0.));
#4604=DIRECTION('ref_axis',(-0.978983462704388,0.,0.203939647325689));
#4605=DIRECTION('center_axis',(0.,-1.,0.));
#4606=DIRECTION('ref_axis',(-2.6039218997796E-16,0.,-1.));
#4607=DIRECTION('center_axis',(0.,-1.,0.));
#4608=DIRECTION('ref_axis',(0.978983462704388,0.,0.203939647325689));
#4609=DIRECTION('center_axis',(0.,1.,0.));
#4610=DIRECTION('ref_axis',(-0.916949300616178,0.,-0.399003734443053));
#4611=DIRECTION('center_axis',(0.,-1.,0.));
#4612=DIRECTION('ref_axis',(1.22464679914735E-16,0.,-1.));
#4613=DIRECTION('center_axis',(0.,-1.,0.));
#4614=DIRECTION('ref_axis',(-1.,0.,-1.22464679914735E-16));
#4615=DIRECTION('center_axis',(-1.,0.,0.));
#4616=DIRECTION('ref_axis',(0.,0.,1.));
#4617=DIRECTION('center_axis',(0.,1.,0.));
#4618=DIRECTION('ref_axis',(1.22464679914735E-16,0.,-1.));
#4619=DIRECTION('center_axis',(0.,1.,0.));
#4620=DIRECTION('ref_axis',(-1.,0.,-1.22464679914735E-16));
#4621=DIRECTION('center_axis',(0.,-1.,0.));
#4622=DIRECTION('ref_axis',(1.22464679914735E-16,0.,-1.));
#4623=DIRECTION('center_axis',(-1.,0.,0.));
#4624=DIRECTION('ref_axis',(0.,0.,1.));
#4625=DIRECTION('center_axis',(0.,-1.,0.));
#4626=DIRECTION('ref_axis',(-1.,0.,-1.22464679914735E-16));
#4627=DIRECTION('center_axis',(0.,-1.,0.));
#4628=DIRECTION('ref_axis',(-1.,0.,-1.22464679914735E-16));
#4629=DIRECTION('center_axis',(0.,-1.,0.));
#4630=DIRECTION('ref_axis',(0.,0.,-1.));
#4631=DIRECTION('center_axis',(-1.22464679914735E-16,0.,1.));
#4632=DIRECTION('ref_axis',(0.,1.,0.));
#4633=DIRECTION('center_axis',(0.,-1.,0.));
#4634=DIRECTION('ref_axis',(0.916949300616178,0.,-0.399003734443053));
#4635=DIRECTION('center_axis',(-0.731732390481602,0.,-0.681592039800995));
#4636=DIRECTION('ref_axis',(-0.681592039800995,0.,0.731732390481602));
#4637=DIRECTION('center_axis',(0.,1.,0.));
#4638=DIRECTION('ref_axis',(0.916949300616178,0.,-0.399003734443053));
#4639=DIRECTION('center_axis',(0.,-1.,0.));
#4640=DIRECTION('ref_axis',(1.4210854715202E-16,0.,-1.));
#4641=DIRECTION('center_axis',(0.398700340967537,0.,-0.917081260364843));
#4642=DIRECTION('ref_axis',(-0.917081260364843,0.,-0.398700340967537));
#4643=DIRECTION('center_axis',(0.,-1.,0.));
#4644=DIRECTION('ref_axis',(-0.978983462704388,0.,0.203939647325689));
#4645=DIRECTION('center_axis',(0.,1.,0.));
#4646=DIRECTION('ref_axis',(-0.978983462704388,0.,0.203939647325689));
#4647=DIRECTION('center_axis',(0.,-1.,0.));
#4648=DIRECTION('ref_axis',(1.22464679914735E-16,0.,-1.));
#4649=DIRECTION('center_axis',(0.398700340967541,0.,0.917081260364841));
#4650=DIRECTION('ref_axis',(0.917081260364841,0.,-0.398700340967541));
#4651=DIRECTION('center_axis',(0.,-1.,0.));
#4652=DIRECTION('ref_axis',(-2.6039218997796E-16,0.,-1.));
#4653=DIRECTION('center_axis',(0.,1.,0.));
#4654=DIRECTION('ref_axis',(-2.6039218997796E-16,0.,-1.));
#4655=DIRECTION('center_axis',(0.,-1.,0.));
#4656=DIRECTION('ref_axis',(1.4210854715202E-16,0.,-1.));
#4657=DIRECTION('center_axis',(-0.731732390481604,0.,0.681592039800993));
#4658=DIRECTION('ref_axis',(0.681592039800993,0.,0.731732390481604));
#4659=DIRECTION('center_axis',(0.,-1.,0.));
#4660=DIRECTION('ref_axis',(0.978983462704388,0.,0.203939647325689));
#4661=DIRECTION('center_axis',(0.,1.,0.));
#4662=DIRECTION('ref_axis',(0.978983462704388,0.,0.203939647325689));
#4663=DIRECTION('center_axis',(0.,-1.,0.));
#4664=DIRECTION('ref_axis',(0.,0.,-1.));
#4665=DIRECTION('center_axis',(7.6571373978539E-16,0.,1.));
#4666=DIRECTION('ref_axis',(1.,0.,-7.6571373978539E-16));
#4667=DIRECTION('center_axis',(0.,1.,0.));
#4668=DIRECTION('ref_axis',(-0.916949300616178,0.,-0.399003734443053));
#4669=DIRECTION('center_axis',(0.,-1.,0.));
#4670=DIRECTION('ref_axis',(-0.916949300616178,0.,-0.399003734443053));
#4671=DIRECTION('center_axis',(-1.22464679914735E-16,0.,1.));
#4672=DIRECTION('ref_axis',(0.707106781186547,0.707106781186547,8.65956056235493E-17));
#4673=DIRECTION('center_axis',(-1.22464679914735E-16,0.,1.));
#4674=DIRECTION('ref_axis',(1.,0.,1.22464679914735E-16));
#4675=DIRECTION('',(-1.22464679914735E-16,0.,1.));
#4676=DIRECTION('',(1.22464679914735E-16,0.,-1.));
#4677=DIRECTION('center_axis',(0.,-1.,0.));
#4678=DIRECTION('ref_axis',(0.,0.,1.));
#4679=DIRECTION('center_axis',(1.22464679914735E-16,0.,-1.));
#4680=DIRECTION('ref_axis',(-1.,0.,-1.22464679914735E-16));
#4681=DIRECTION('center_axis',(0.,-1.,0.));
#4682=DIRECTION('ref_axis',(-1.83697019872103E-16,0.,1.));
#4683=DIRECTION('center_axis',(0.,1.,0.));
#4684=DIRECTION('ref_axis',(-1.83697019872103E-16,0.,1.));
#4685=DIRECTION('center_axis',(1.22464679914735E-16,0.,-1.));
#4686=DIRECTION('ref_axis',(-0.707106781186547,0.707106781186547,-8.65956056235493E-17));
#4687=DIRECTION('',(-1.22464679914735E-16,0.,1.));
#4688=DIRECTION('',(1.22464679914735E-16,0.,-1.));
#4689=DIRECTION('center_axis',(0.,1.,0.));
#4690=DIRECTION('ref_axis',(0.978983462704388,0.,0.203939647325689));
#4691=DIRECTION('',(0.,1.,0.));
#4692=DIRECTION('center_axis',(0.,1.,0.));
#4693=DIRECTION('ref_axis',(0.978983462704388,0.,0.203939647325689));
#4694=DIRECTION('',(0.,-1.,0.));
#4695=DIRECTION('center_axis',(0.,1.,0.));
#4696=DIRECTION('ref_axis',(1.,0.,1.22464679914735E-16));
#4697=DIRECTION('center_axis',(0.,1.,0.));
#4698=DIRECTION('ref_axis',(-2.6039218997796E-16,0.,-1.));
#4699=DIRECTION('',(0.,1.,0.));
#4700=DIRECTION('center_axis',(0.,1.,0.));
#4701=DIRECTION('ref_axis',(-0.978983462704388,0.,0.203939647325689));
#4702=DIRECTION('center_axis',(0.,1.,0.));
#4703=DIRECTION('ref_axis',(-0.978983462704388,0.,0.203939647325689));
#4704=DIRECTION('',(0.,-1.,0.));
#4705=DIRECTION('center_axis',(0.,-1.,0.));
#4706=DIRECTION('ref_axis',(0.333333333333333,0.,-0.942809041582063));
#4707=DIRECTION('center_axis',(0.,-1.,0.));
#4708=DIRECTION('ref_axis',(0.916949300616178,0.,-0.399003734443053));
#4709=DIRECTION('',(0.,-1.,0.));
#4710=DIRECTION('center_axis',(0.,1.,0.));
#4711=DIRECTION('ref_axis',(-1.,0.,-1.22464679914735E-16));
#4712=DIRECTION('center_axis',(-1.22464679914735E-16,0.,1.));
#4713=DIRECTION('ref_axis',(0.707106781186547,-0.707106781186547,8.65956056235493E-17));
#4714=DIRECTION('center_axis',(-1.22464679914735E-16,0.,1.));
#4715=DIRECTION('ref_axis',(0.,-1.,0.));
#4716=DIRECTION('center_axis',(1.22464679914735E-16,0.,-1.));
#4717=DIRECTION('ref_axis',(1.,0.,1.22464679914735E-16));
#4718=DIRECTION('',(1.22464679914735E-16,0.,-1.));
#4719=DIRECTION('center_axis',(0.,-1.,0.));
#4720=DIRECTION('ref_axis',(0.,0.,-1.));
#4721=DIRECTION('center_axis',(0.7317323904816,0.,-0.681592039800996));
#4722=DIRECTION('ref_axis',(0.681592039800996,0.,0.7317323904816));
#4723=DIRECTION('center_axis',(0.,-1.,0.));
#4724=DIRECTION('ref_axis',(-0.916949300616178,0.,-0.399003734443053));
#4725=DIRECTION('center_axis',(0.,1.,0.));
#4726=DIRECTION('ref_axis',(-1.4210854715202E-16,0.,1.));
#4727=DIRECTION('center_axis',(-0.39870034096754,0.,-0.917081260364842));
#4728=DIRECTION('ref_axis',(0.917081260364842,0.,-0.39870034096754));
#4729=DIRECTION('center_axis',(0.,-1.,0.));
#4730=DIRECTION('ref_axis',(1.22464679914735E-16,0.,-1.));
#4731=DIRECTION('center_axis',(-0.398700340967542,0.,0.917081260364841));
#4732=DIRECTION('ref_axis',(-0.917081260364841,0.,-0.398700340967542));
#4733=DIRECTION('center_axis',(0.,1.,0.));
#4734=DIRECTION('ref_axis',(-1.4210854715202E-16,0.,1.));
#4735=DIRECTION('center_axis',(0.731732390481602,0.,0.681592039800995));
#4736=DIRECTION('ref_axis',(-0.681592039800995,0.,0.731732390481602));
#4737=DIRECTION('center_axis',(0.,-1.,0.));
#4738=DIRECTION('ref_axis',(0.,0.,-1.));
#4739=DIRECTION('center_axis',(-1.22464679914735E-16,0.,1.));
#4740=DIRECTION('ref_axis',(-1.,0.,-1.22464679914735E-16));
#4741=DIRECTION('center_axis',(1.22464679914735E-16,0.,-1.));
#4742=DIRECTION('ref_axis',(-0.707106781186547,-0.707106781186547,-8.65956056235493E-17));
#4743=DIRECTION('center_axis',(-1.22464679914735E-16,0.,1.));
#4744=DIRECTION('ref_axis',(-1.,0.,-1.22464679914735E-16));
#4745=DIRECTION('',(-1.22464679914735E-16,0.,1.));
#4746=DIRECTION('center_axis',(0.,-1.,0.));
#4747=DIRECTION('ref_axis',(-2.44929359829471E-16,0.,1.));
#4748=DIRECTION('center_axis',(0.,1.,0.));
#4749=DIRECTION('ref_axis',(-1.83697019872103E-16,0.,1.));
#4750=DIRECTION('center_axis',(0.,1.,0.));
#4751=DIRECTION('ref_axis',(-0.333333333333333,0.,-0.942809041582063));
#4752=DIRECTION('',(0.,1.,0.));
#4753=DIRECTION('center_axis',(-1.,0.,-1.22464679914735E-16));
#4754=DIRECTION('ref_axis',(1.22464679914735E-16,0.,-1.));
#4755=DIRECTION('',(0.,-1.,0.));
#4756=DIRECTION('center_axis',(1.,0.,1.22464679914735E-16));
#4757=DIRECTION('ref_axis',(-1.22464679914735E-16,0.,1.));
#4758=DIRECTION('',(0.,-1.,0.));
#4759=DIRECTION('center_axis',(0.,1.,0.));
#4760=DIRECTION('ref_axis',(-1.,0.,-1.22464679914735E-16));
#4761=DIRECTION('center_axis',(0.,-1.,0.));
#4762=DIRECTION('ref_axis',(-1.22464679914735E-16,0.,1.));
#4763=DIRECTION('center_axis',(0.,-1.,0.));
#4764=DIRECTION('ref_axis',(-1.,0.,-1.22464679914735E-16));
#4765=DIRECTION('center_axis',(1.,0.,2.44929359829471E-16));
#4766=DIRECTION('ref_axis',(2.44929359829471E-16,0.,-1.));
#4767=DIRECTION('center_axis',(0.,1.,0.));
#4768=DIRECTION('ref_axis',(-1.,0.,-1.22464679914735E-16));
#4769=DIRECTION('center_axis',(0.,-1.,0.));
#4770=DIRECTION('ref_axis',(-1.,0.,-1.22464679914735E-16));
#4771=DIRECTION('center_axis',(0.,1.,0.));
#4772=DIRECTION('ref_axis',(-1.,0.,-1.22464679914735E-16));
#4773=DIRECTION('center_axis',(0.,1.,0.));
#4774=DIRECTION('ref_axis',(-1.,0.,-1.22464679914735E-16));
#4775=DIRECTION('',(0.,-1.,0.));
#4776=DIRECTION('center_axis',(0.,1.,0.));
#4777=DIRECTION('ref_axis',(-1.,0.,-1.22464679914735E-16));
#4778=DIRECTION('center_axis',(0.,1.,0.));
#4779=DIRECTION('ref_axis',(-1.,0.,-1.22464679914735E-16));
#4780=DIRECTION('',(-1.22464679914735E-16,0.,1.));
#4781=DIRECTION('center_axis',(0.,1.,0.));
#4782=DIRECTION('ref_axis',(-0.916949300616178,0.,-0.399003734443053));
#4783=DIRECTION('center_axis',(0.,-1.,0.));
#4784=DIRECTION('ref_axis',(0.978983462704388,0.,0.203939647325689));
#4785=DIRECTION('center_axis',(0.,-1.,0.));
#4786=DIRECTION('ref_axis',(-2.6039218997796E-16,0.,-1.));
#4787=DIRECTION('center_axis',(0.,-1.,0.));
#4788=DIRECTION('ref_axis',(-0.978983462704388,0.,0.203939647325689));
#4789=DIRECTION('center_axis',(0.,1.,0.));
#4790=DIRECTION('ref_axis',(0.916949300616178,0.,-0.399003734443053));
#4791=DIRECTION('',(1.22464679914735E-16,0.,-1.));
#4792=DIRECTION('center_axis',(0.,-1.,0.));
#4793=DIRECTION('ref_axis',(-1.83697019872103E-16,0.,1.));
#4794=DIRECTION('center_axis',(0.,1.,0.));
#4795=DIRECTION('ref_axis',(1.22464679914735E-16,0.,-1.));
#4796=DIRECTION('center_axis',(0.,-1.,0.));
#4797=DIRECTION('ref_axis',(-1.,0.,-1.22464679914735E-16));
#4798=DIRECTION('center_axis',(1.,0.,0.));
#4799=DIRECTION('ref_axis',(0.,0.,1.));
#4800=DIRECTION('center_axis',(0.,1.,0.));
#4801=DIRECTION('ref_axis',(1.22464679914735E-16,0.,-1.));
#4802=DIRECTION('center_axis',(0.,1.,0.));
#4803=DIRECTION('ref_axis',(-1.,0.,-1.22464679914735E-16));
#4804=DIRECTION('center_axis',(0.,1.,0.));
#4805=DIRECTION('ref_axis',(1.22464679914735E-16,0.,-1.));
#4806=DIRECTION('center_axis',(1.,0.,0.));
#4807=DIRECTION('ref_axis',(0.,0.,1.));
#4808=DIRECTION('center_axis',(0.,-1.,0.));
#4809=DIRECTION('ref_axis',(-1.,0.,-1.22464679914735E-16));
#4810=DIRECTION('center_axis',(0.,-1.,0.));
#4811=DIRECTION('ref_axis',(-1.,0.,-1.22464679914735E-16));
#4812=DIRECTION('center_axis',(0.,1.,0.));
#4813=DIRECTION('ref_axis',(0.,0.,-1.));
#4814=DIRECTION('center_axis',(1.22464679914735E-16,0.,-1.));
#4815=DIRECTION('ref_axis',(0.,-1.,0.));
#4816=DIRECTION('center_axis',(0.,1.,0.));
#4817=DIRECTION('ref_axis',(0.916949300616178,0.,-0.399003734443053));
#4818=DIRECTION('center_axis',(0.731732390481602,0.,0.681592039800995));
#4819=DIRECTION('ref_axis',(-0.681592039800995,0.,0.731732390481602));
#4820=DIRECTION('center_axis',(0.,-1.,0.));
#4821=DIRECTION('ref_axis',(0.916949300616178,0.,-0.399003734443053));
#4822=DIRECTION('center_axis',(0.,1.,0.));
#4823=DIRECTION('ref_axis',(1.4210854715202E-16,0.,-1.));
#4824=DIRECTION('center_axis',(-0.398700340967537,0.,0.917081260364843));
#4825=DIRECTION('ref_axis',(-0.917081260364843,0.,-0.398700340967537));
#4826=DIRECTION('center_axis',(0.,1.,0.));
#4827=DIRECTION('ref_axis',(-0.978983462704388,0.,0.203939647325689));
#4828=DIRECTION('center_axis',(0.,-1.,0.));
#4829=DIRECTION('ref_axis',(-0.978983462704388,0.,0.203939647325689));
#4830=DIRECTION('center_axis',(0.,1.,0.));
#4831=DIRECTION('ref_axis',(1.22464679914735E-16,0.,-1.));
#4832=DIRECTION('center_axis',(-0.398700340967541,0.,-0.917081260364841));
#4833=DIRECTION('ref_axis',(0.917081260364841,0.,-0.398700340967541));
#4834=DIRECTION('center_axis',(0.,1.,0.));
#4835=DIRECTION('ref_axis',(-2.6039218997796E-16,0.,-1.));
#4836=DIRECTION('center_axis',(0.,-1.,0.));
#4837=DIRECTION('ref_axis',(-2.6039218997796E-16,0.,-1.));
#4838=DIRECTION('center_axis',(0.,1.,0.));
#4839=DIRECTION('ref_axis',(1.4210854715202E-16,0.,-1.));
#4840=DIRECTION('center_axis',(0.731732390481604,0.,-0.681592039800993));
#4841=DIRECTION('ref_axis',(0.681592039800993,0.,0.731732390481604));
#4842=DIRECTION('center_axis',(0.,1.,0.));
#4843=DIRECTION('ref_axis',(0.978983462704388,0.,0.203939647325689));
#4844=DIRECTION('center_axis',(0.,-1.,0.));
#4845=DIRECTION('ref_axis',(0.978983462704388,0.,0.203939647325689));
#4846=DIRECTION('center_axis',(0.,1.,0.));
#4847=DIRECTION('ref_axis',(0.,0.,-1.));
#4848=DIRECTION('center_axis',(-7.6571373978539E-16,0.,-1.));
#4849=DIRECTION('ref_axis',(1.,0.,-7.6571373978539E-16));
#4850=DIRECTION('center_axis',(0.,-1.,0.));
#4851=DIRECTION('ref_axis',(-0.916949300616178,0.,-0.399003734443053));
#4852=DIRECTION('center_axis',(0.,1.,0.));
#4853=DIRECTION('ref_axis',(-0.916949300616178,0.,-0.399003734443053));
#4854=DIRECTION('center_axis',(1.22464679914735E-16,0.,-1.));
#4855=DIRECTION('ref_axis',(0.707106781186547,-0.707106781186547,8.65956056235493E-17));
#4856=DIRECTION('center_axis',(1.22464679914735E-16,0.,-1.));
#4857=DIRECTION('ref_axis',(1.,0.,1.22464679914735E-16));
#4858=DIRECTION('',(1.22464679914735E-16,0.,-1.));
#4859=DIRECTION('',(-1.22464679914735E-16,0.,1.));
#4860=DIRECTION('center_axis',(0.,1.,0.));
#4861=DIRECTION('ref_axis',(-2.44929359829471E-16,0.,1.));
#4862=DIRECTION('center_axis',(-1.22464679914735E-16,0.,1.));
#4863=DIRECTION('ref_axis',(-1.,0.,-1.22464679914735E-16));
#4864=DIRECTION('center_axis',(0.,1.,0.));
#4865=DIRECTION('ref_axis',(-1.83697019872103E-16,0.,1.));
#4866=DIRECTION('center_axis',(0.,-1.,0.));
#4867=DIRECTION('ref_axis',(-1.83697019872103E-16,0.,1.));
#4868=DIRECTION('center_axis',(-1.22464679914735E-16,0.,1.));
#4869=DIRECTION('ref_axis',(-0.707106781186547,-0.707106781186547,-8.65956056235493E-17));
#4870=DIRECTION('',(1.22464679914735E-16,0.,-1.));
#4871=DIRECTION('',(-1.22464679914735E-16,0.,1.));
#4872=DIRECTION('center_axis',(0.,1.,0.));
#4873=DIRECTION('ref_axis',(0.978983462704388,0.,0.203939647325689));
#4874=DIRECTION('',(0.,1.,0.));
#4875=DIRECTION('center_axis',(0.,1.,0.));
#4876=DIRECTION('ref_axis',(0.978983462704388,0.,0.203939647325689));
#4877=DIRECTION('',(0.,-1.,0.));
#4878=DIRECTION('center_axis',(0.,1.,0.));
#4879=DIRECTION('ref_axis',(1.,0.,1.22464679914735E-16));
#4880=DIRECTION('',(0.,-1.,0.));
#4881=DIRECTION('center_axis',(0.,1.,0.));
#4882=DIRECTION('ref_axis',(-2.6039218997796E-16,0.,-1.));
#4883=DIRECTION('center_axis',(0.,1.,0.));
#4884=DIRECTION('ref_axis',(-0.978983462704388,0.,0.203939647325689));
#4885=DIRECTION('',(0.,1.,0.));
#4886=DIRECTION('center_axis',(0.,1.,0.));
#4887=DIRECTION('ref_axis',(-0.978983462704388,0.,0.203939647325689));
#4888=DIRECTION('center_axis',(0.,-1.,0.));
#4889=DIRECTION('ref_axis',(0.333333333333333,0.,-0.942809041582063));
#4890=DIRECTION('',(0.,1.,0.));
#4891=DIRECTION('center_axis',(0.,-1.,0.));
#4892=DIRECTION('ref_axis',(0.916949300616178,0.,-0.399003734443053));
#4893=DIRECTION('center_axis',(0.,1.,0.));
#4894=DIRECTION('ref_axis',(-1.,0.,-1.22464679914735E-16));
#4895=DIRECTION('center_axis',(1.22464679914735E-16,0.,-1.));
#4896=DIRECTION('ref_axis',(0.707106781186547,0.707106781186547,8.65956056235493E-17));
#4897=DIRECTION('center_axis',(1.22464679914735E-16,0.,-1.));
#4898=DIRECTION('ref_axis',(0.,1.,0.));
#4899=DIRECTION('',(1.22464679914735E-16,0.,-1.));
#4900=DIRECTION('center_axis',(-1.22464679914735E-16,0.,1.));
#4901=DIRECTION('ref_axis',(1.,0.,1.22464679914735E-16));
#4902=DIRECTION('center_axis',(0.,1.,0.));
#4903=DIRECTION('ref_axis',(0.,0.,-1.));
#4904=DIRECTION('center_axis',(-0.7317323904816,0.,0.681592039800996));
#4905=DIRECTION('ref_axis',(0.681592039800996,0.,0.7317323904816));
#4906=DIRECTION('center_axis',(0.,-1.,0.));
#4907=DIRECTION('ref_axis',(-0.916949300616178,0.,-0.399003734443053));
#4908=DIRECTION('center_axis',(0.,-1.,0.));
#4909=DIRECTION('ref_axis',(-1.4210854715202E-16,0.,1.));
#4910=DIRECTION('center_axis',(0.39870034096754,0.,0.917081260364842));
#4911=DIRECTION('ref_axis',(0.917081260364842,0.,-0.39870034096754));
#4912=DIRECTION('center_axis',(0.,1.,0.));
#4913=DIRECTION('ref_axis',(1.22464679914735E-16,0.,-1.));
#4914=DIRECTION('center_axis',(0.398700340967542,0.,-0.917081260364841));
#4915=DIRECTION('ref_axis',(-0.917081260364841,0.,-0.398700340967542));
#4916=DIRECTION('center_axis',(0.,-1.,0.));
#4917=DIRECTION('ref_axis',(-1.4210854715202E-16,0.,1.));
#4918=DIRECTION('center_axis',(-0.731732390481602,0.,-0.681592039800995));
#4919=DIRECTION('ref_axis',(-0.681592039800995,0.,0.731732390481602));
#4920=DIRECTION('center_axis',(0.,1.,0.));
#4921=DIRECTION('ref_axis',(0.,0.,-1.));
#4922=DIRECTION('center_axis',(1.22464679914735E-16,0.,-1.));
#4923=DIRECTION('ref_axis',(-1.,0.,-1.22464679914735E-16));
#4924=DIRECTION('center_axis',(-1.22464679914735E-16,0.,1.));
#4925=DIRECTION('ref_axis',(-0.707106781186547,0.707106781186547,-8.65956056235493E-17));
#4926=DIRECTION('center_axis',(1.22464679914735E-16,0.,-1.));
#4927=DIRECTION('ref_axis',(-1.,0.,-1.22464679914735E-16));
#4928=DIRECTION('',(-1.22464679914735E-16,0.,1.));
#4929=DIRECTION('center_axis',(0.,1.,0.));
#4930=DIRECTION('ref_axis',(0.,0.,1.));
#4931=DIRECTION('center_axis',(0.,1.,0.));
#4932=DIRECTION('ref_axis',(-1.83697019872103E-16,0.,1.));
#4933=DIRECTION('center_axis',(0.,1.,0.));
#4934=DIRECTION('ref_axis',(-0.333333333333333,0.,-0.942809041582063));
#4935=DIRECTION('',(0.,-1.,0.));
#4936=DIRECTION('center_axis',(1.,0.,1.22464679914735E-16));
#4937=DIRECTION('ref_axis',(1.22464679914735E-16,0.,-1.));
#4938=DIRECTION('',(0.,1.,0.));
#4939=DIRECTION('center_axis',(-1.,0.,-1.22464679914735E-16));
#4940=DIRECTION('ref_axis',(-1.22464679914735E-16,0.,1.));
#4941=DIRECTION('',(0.,1.,0.));
#4942=DIRECTION('center_axis',(0.,1.,0.));
#4943=DIRECTION('ref_axis',(-1.,0.,-1.22464679914735E-16));
#4944=DIRECTION('center_axis',(0.,1.,0.));
#4945=DIRECTION('ref_axis',(1.,0.,0.));
#4946=DIRECTION('center_axis',(0.,1.,0.));
#4947=DIRECTION('ref_axis',(1.,0.,0.));
#4948=DIRECTION('',(0.,-1.,0.));
#4949=DIRECTION('center_axis',(0.,-1.,0.));
#4950=DIRECTION('ref_axis',(1.,0.,0.));
#4951=DIRECTION('center_axis',(0.,1.,0.));
#4952=DIRECTION('ref_axis',(0.,0.,-1.));
#4953=DIRECTION('center_axis',(0.,-1.,0.));
#4954=DIRECTION('ref_axis',(1.,0.,0.));
#4955=DIRECTION('center_axis',(0.,-1.,0.));
#4956=DIRECTION('ref_axis',(1.,0.,0.));
#4957=DIRECTION('center_axis',(1.,0.,1.22464679914735E-16));
#4958=DIRECTION('ref_axis',(-1.22464679914735E-16,0.,1.));
#4959=DIRECTION('center_axis',(0.,1.,0.));
#4960=DIRECTION('ref_axis',(1.,0.,0.));
#4961=DIRECTION('center_axis',(0.,1.,0.));
#4962=DIRECTION('ref_axis',(1.,0.,0.));
#4963=DIRECTION('center_axis',(0.,1.,0.));
#4964=DIRECTION('ref_axis',(1.,0.,0.));
#4965=DIRECTION('center_axis',(0.,1.,0.));
#4966=DIRECTION('ref_axis',(1.,0.,0.));
#4967=DIRECTION('',(0.,1.,0.));
#4968=DIRECTION('center_axis',(0.,1.,0.));
#4969=DIRECTION('ref_axis',(1.,0.,0.));
#4970=DIRECTION('',(0.,0.,-1.));
#4971=DIRECTION('center_axis',(0.,-1.,0.));
#4972=DIRECTION('ref_axis',(6.12323399573677E-17,0.,-1.));
#4973=DIRECTION('',(0.,0.,1.));
#4974=DIRECTION('center_axis',(0.,1.,0.));
#4975=DIRECTION('ref_axis',(-0.916949300616178,0.,0.399003734443053));
#4976=DIRECTION('center_axis',(0.,-1.,0.));
#4977=DIRECTION('ref_axis',(0.978983462704388,0.,-0.203939647325689));
#4978=DIRECTION('center_axis',(0.,-1.,0.));
#4979=DIRECTION('ref_axis',(3.82856869892695E-16,0.,1.));
#4980=DIRECTION('center_axis',(0.,-1.,0.));
#4981=DIRECTION('ref_axis',(-0.978983462704388,0.,-0.203939647325689));
#4982=DIRECTION('center_axis',(0.,1.,0.));
#4983=DIRECTION('ref_axis',(0.916949300616178,0.,0.399003734443053));
#4984=DIRECTION('center_axis',(0.,-1.,0.));
#4985=DIRECTION('ref_axis',(0.,0.,1.));
#4986=DIRECTION('center_axis',(0.,-1.,0.));
#4987=DIRECTION('ref_axis',(1.,0.,0.));
#4988=DIRECTION('center_axis',(1.,0.,-1.22464679914735E-16));
#4989=DIRECTION('ref_axis',(-1.22464679914735E-16,0.,-1.));
#4990=DIRECTION('center_axis',(0.,1.,0.));
#4991=DIRECTION('ref_axis',(0.,0.,1.));
#4992=DIRECTION('center_axis',(0.,1.,0.));
#4993=DIRECTION('ref_axis',(1.,0.,0.));
#4994=DIRECTION('center_axis',(0.,-1.,0.));
#4995=DIRECTION('ref_axis',(0.,0.,1.));
#4996=DIRECTION('center_axis',(1.,0.,-1.22464679914735E-16));
#4997=DIRECTION('ref_axis',(-1.22464679914735E-16,0.,-1.));
#4998=DIRECTION('center_axis',(0.,-1.,0.));
#4999=DIRECTION('ref_axis',(1.,0.,0.));
#5000=DIRECTION('center_axis',(0.,-1.,0.));
#5001=DIRECTION('ref_axis',(1.,0.,0.));
#5002=DIRECTION('center_axis',(0.,1.,0.));
#5003=DIRECTION('ref_axis',(1.,0.,0.));
#5004=DIRECTION('',(0.,1.,0.));
#5005=DIRECTION('center_axis',(0.,-1.,0.));
#5006=DIRECTION('ref_axis',(0.,0.,1.));
#5007=DIRECTION('center_axis',(0.,0.,-1.));
#5008=DIRECTION('ref_axis',(0.,1.,0.));
#5009=DIRECTION('center_axis',(0.,-1.,0.));
#5010=DIRECTION('ref_axis',(-0.916949300616178,0.,0.399003734443053));
#5011=DIRECTION('center_axis',(0.731732390481602,0.,0.681592039800995));
#5012=DIRECTION('ref_axis',(0.681592039800995,0.,-0.731732390481602));
#5013=DIRECTION('center_axis',(0.,1.,0.));
#5014=DIRECTION('ref_axis',(-0.916949300616178,0.,0.399003734443053));
#5015=DIRECTION('center_axis',(0.,-1.,0.));
#5016=DIRECTION('ref_axis',(0.,0.,1.));
#5017=DIRECTION('center_axis',(-0.398700340967537,0.,0.917081260364843));
#5018=DIRECTION('ref_axis',(0.917081260364843,0.,0.398700340967537));
#5019=DIRECTION('center_axis',(0.,-1.,0.));
#5020=DIRECTION('ref_axis',(0.978983462704388,0.,-0.203939647325689));
#5021=DIRECTION('center_axis',(0.,1.,0.));
#5022=DIRECTION('ref_axis',(0.978983462704388,0.,-0.203939647325689));
#5023=DIRECTION('center_axis',(0.,-1.,0.));
#5024=DIRECTION('ref_axis',(0.,0.,1.));
#5025=DIRECTION('center_axis',(-0.398700340967541,0.,-0.917081260364841));
#5026=DIRECTION('ref_axis',(-0.917081260364841,0.,0.398700340967542));
#5027=DIRECTION('center_axis',(0.,-1.,0.));
#5028=DIRECTION('ref_axis',(3.82856869892695E-16,0.,1.));
#5029=DIRECTION('center_axis',(0.,1.,0.));
#5030=DIRECTION('ref_axis',(3.82856869892695E-16,0.,1.));
#5031=DIRECTION('center_axis',(0.,-1.,0.));
#5032=DIRECTION('ref_axis',(0.,0.,1.));
#5033=DIRECTION('center_axis',(0.731732390481604,0.,-0.681592039800993));
#5034=DIRECTION('ref_axis',(-0.681592039800993,0.,-0.731732390481603));
#5035=DIRECTION('center_axis',(0.,-1.,0.));
#5036=DIRECTION('ref_axis',(-0.978983462704388,0.,-0.203939647325689));
#5037=DIRECTION('center_axis',(0.,1.,0.));
#5038=DIRECTION('ref_axis',(-0.978983462704388,0.,-0.203939647325689));
#5039=DIRECTION('center_axis',(0.,-1.,0.));
#5040=DIRECTION('ref_axis',(0.,0.,1.));
#5041=DIRECTION('center_axis',(-8.88178419700125E-16,0.,-1.));
#5042=DIRECTION('ref_axis',(-1.,0.,8.88178419700125E-16));
#5043=DIRECTION('center_axis',(0.,1.,0.));
#5044=DIRECTION('ref_axis',(0.916949300616178,0.,0.399003734443053));
#5045=DIRECTION('center_axis',(0.,-1.,0.));
#5046=DIRECTION('ref_axis',(0.916949300616178,0.,0.399003734443053));
#5047=DIRECTION('center_axis',(0.,0.,-1.));
#5048=DIRECTION('ref_axis',(-0.707106781186547,0.707106781186547,0.));
#5049=DIRECTION('center_axis',(0.,0.,-1.));
#5050=DIRECTION('ref_axis',(-1.,0.,0.));
#5051=DIRECTION('',(0.,0.,-1.));
#5052=DIRECTION('',(0.,0.,1.));
#5053=DIRECTION('center_axis',(0.,-1.,0.));
#5054=DIRECTION('ref_axis',(-1.22464679914735E-16,0.,-1.));
#5055=DIRECTION('center_axis',(0.,0.,1.));
#5056=DIRECTION('ref_axis',(1.,0.,0.));
#5057=DIRECTION('center_axis',(0.,-1.,0.));
#5058=DIRECTION('ref_axis',(6.12323399573677E-17,0.,-1.));
#5059=DIRECTION('center_axis',(0.,1.,0.));
#5060=DIRECTION('ref_axis',(6.12323399573677E-17,0.,-1.));
#5061=DIRECTION('center_axis',(0.,0.,1.));
#5062=DIRECTION('ref_axis',(0.707106781186547,0.707106781186547,0.));
#5063=DIRECTION('',(0.,0.,-1.));
#5064=DIRECTION('',(0.,0.,1.));
#5065=DIRECTION('center_axis',(0.,1.,0.));
#5066=DIRECTION('ref_axis',(-0.978983462704388,0.,-0.203939647325689));
#5067=DIRECTION('',(0.,1.,0.));
#5068=DIRECTION('center_axis',(0.,1.,0.));
#5069=DIRECTION('ref_axis',(-0.978983462704388,0.,-0.203939647325689));
#5070=DIRECTION('',(0.,-1.,0.));
#5071=DIRECTION('center_axis',(0.,1.,0.));
#5072=DIRECTION('ref_axis',(-1.,0.,0.));
#5073=DIRECTION('center_axis',(0.,1.,0.));
#5074=DIRECTION('ref_axis',(3.82856869892695E-16,0.,1.));
#5075=DIRECTION('',(0.,1.,0.));
#5076=DIRECTION('center_axis',(0.,1.,0.));
#5077=DIRECTION('ref_axis',(0.978983462704388,0.,-0.203939647325689));
#5078=DIRECTION('center_axis',(0.,1.,0.));
#5079=DIRECTION('ref_axis',(0.978983462704388,0.,-0.203939647325689));
#5080=DIRECTION('',(0.,-1.,0.));
#5081=DIRECTION('center_axis',(0.,-1.,0.));
#5082=DIRECTION('ref_axis',(-0.333333333333333,0.,0.942809041582063));
#5083=DIRECTION('center_axis',(0.,-1.,0.));
#5084=DIRECTION('ref_axis',(-0.916949300616178,0.,0.399003734443053));
#5085=DIRECTION('',(0.,-1.,0.));
#5086=DIRECTION('center_axis',(0.,1.,0.));
#5087=DIRECTION('ref_axis',(1.,0.,0.));
#5088=DIRECTION('center_axis',(0.,0.,-1.));
#5089=DIRECTION('ref_axis',(-0.707106781186547,-0.707106781186547,0.));
#5090=DIRECTION('center_axis',(0.,0.,-1.));
#5091=DIRECTION('ref_axis',(0.,-1.,0.));
#5092=DIRECTION('center_axis',(0.,0.,1.));
#5093=DIRECTION('ref_axis',(-1.,0.,0.));
#5094=DIRECTION('',(0.,0.,1.));
#5095=DIRECTION('center_axis',(0.,-1.,0.));
#5096=DIRECTION('ref_axis',(0.,0.,1.));
#5097=DIRECTION('center_axis',(-0.7317323904816,0.,0.681592039800997));
#5098=DIRECTION('ref_axis',(-0.681592039800996,0.,-0.7317323904816));
#5099=DIRECTION('center_axis',(0.,-1.,0.));
#5100=DIRECTION('ref_axis',(0.916949300616178,0.,0.399003734443053));
#5101=DIRECTION('center_axis',(0.,1.,0.));
#5102=DIRECTION('ref_axis',(0.,0.,-1.));
#5103=DIRECTION('center_axis',(0.39870034096754,0.,0.917081260364842));
#5104=DIRECTION('ref_axis',(-0.917081260364842,0.,0.39870034096754));
#5105=DIRECTION('center_axis',(0.,-1.,0.));
#5106=DIRECTION('ref_axis',(0.,0.,1.));
#5107=DIRECTION('center_axis',(0.398700340967541,0.,-0.917081260364841));
#5108=DIRECTION('ref_axis',(0.917081260364841,0.,0.398700340967542));
#5109=DIRECTION('center_axis',(0.,1.,0.));
#5110=DIRECTION('ref_axis',(0.,0.,-1.));
#5111=DIRECTION('center_axis',(-0.731732390481602,0.,-0.681592039800994));
#5112=DIRECTION('ref_axis',(0.681592039800994,0.,-0.731732390481602));
#5113=DIRECTION('center_axis',(0.,-1.,0.));
#5114=DIRECTION('ref_axis',(0.,0.,1.));
#5115=DIRECTION('center_axis',(0.,0.,-1.));
#5116=DIRECTION('ref_axis',(1.,0.,0.));
#5117=DIRECTION('center_axis',(0.,0.,1.));
#5118=DIRECTION('ref_axis',(0.707106781186547,-0.707106781186547,0.));
#5119=DIRECTION('center_axis',(0.,0.,-1.));
#5120=DIRECTION('ref_axis',(1.,0.,0.));
#5121=DIRECTION('',(0.,0.,-1.));
#5122=DIRECTION('center_axis',(0.,-1.,0.));
#5123=DIRECTION('ref_axis',(1.22464679914735E-16,0.,-1.));
#5124=DIRECTION('center_axis',(0.,1.,0.));
#5125=DIRECTION('ref_axis',(6.12323399573677E-17,0.,-1.));
#5126=DIRECTION('center_axis',(0.,1.,0.));
#5127=DIRECTION('ref_axis',(0.333333333333334,0.,0.942809041582063));
#5128=DIRECTION('',(0.,1.,0.));
#5129=DIRECTION('center_axis',(1.,0.,0.));
#5130=DIRECTION('ref_axis',(0.,0.,1.));
#5131=DIRECTION('',(0.,-1.,0.));
#5132=DIRECTION('center_axis',(-1.,0.,0.));
#5133=DIRECTION('ref_axis',(0.,0.,-1.));
#5134=DIRECTION('',(0.,-1.,0.));
#5135=DIRECTION('center_axis',(0.,1.,0.));
#5136=DIRECTION('ref_axis',(1.,0.,0.));
#5137=DIRECTION('center_axis',(0.,-1.,0.));
#5138=DIRECTION('ref_axis',(0.,0.,-1.));
#5139=DIRECTION('center_axis',(0.,-1.,0.));
#5140=DIRECTION('ref_axis',(1.,0.,0.));
#5141=DIRECTION('center_axis',(-1.,0.,-1.22464679914735E-16));
#5142=DIRECTION('ref_axis',(-1.22464679914735E-16,0.,1.));
#5143=DIRECTION('center_axis',(0.,1.,0.));
#5144=DIRECTION('ref_axis',(1.,0.,0.));
#5145=DIRECTION('center_axis',(0.,-1.,0.));
#5146=DIRECTION('ref_axis',(1.,0.,0.));
#5147=DIRECTION('center_axis',(0.,1.,0.));
#5148=DIRECTION('ref_axis',(1.,0.,0.));
#5149=DIRECTION('center_axis',(0.,1.,0.));
#5150=DIRECTION('ref_axis',(1.,0.,0.));
#5151=DIRECTION('',(0.,-1.,0.));
#5152=DIRECTION('center_axis',(0.,1.,0.));
#5153=DIRECTION('ref_axis',(1.,0.,0.));
#5154=DIRECTION('center_axis',(0.,1.,0.));
#5155=DIRECTION('ref_axis',(1.,0.,0.));
#5156=DIRECTION('',(0.,0.,-1.));
#5157=DIRECTION('center_axis',(0.,1.,0.));
#5158=DIRECTION('ref_axis',(0.916949300616178,0.,0.399003734443053));
#5159=DIRECTION('center_axis',(0.,-1.,0.));
#5160=DIRECTION('ref_axis',(-0.978983462704388,0.,-0.203939647325689));
#5161=DIRECTION('center_axis',(0.,-1.,0.));
#5162=DIRECTION('ref_axis',(3.82856869892695E-16,0.,1.));
#5163=DIRECTION('center_axis',(0.,-1.,0.));
#5164=DIRECTION('ref_axis',(0.978983462704388,0.,-0.203939647325689));
#5165=DIRECTION('center_axis',(0.,1.,0.));
#5166=DIRECTION('ref_axis',(-0.916949300616178,0.,0.399003734443053));
#5167=DIRECTION('',(0.,0.,1.));
#5168=DIRECTION('center_axis',(0.,-1.,0.));
#5169=DIRECTION('ref_axis',(6.12323399573677E-17,0.,-1.));
#5170=DIRECTION('center_axis',(0.,1.,0.));
#5171=DIRECTION('ref_axis',(0.,0.,1.));
#5172=DIRECTION('center_axis',(0.,-1.,0.));
#5173=DIRECTION('ref_axis',(1.,0.,0.));
#5174=DIRECTION('center_axis',(-1.,0.,1.22464679914735E-16));
#5175=DIRECTION('ref_axis',(-1.22464679914735E-16,0.,-1.));
#5176=DIRECTION('center_axis',(0.,1.,0.));
#5177=DIRECTION('ref_axis',(0.,0.,1.));
#5178=DIRECTION('center_axis',(0.,1.,0.));
#5179=DIRECTION('ref_axis',(1.,0.,0.));
#5180=DIRECTION('center_axis',(0.,1.,0.));
#5181=DIRECTION('ref_axis',(0.,0.,1.));
#5182=DIRECTION('center_axis',(-1.,0.,1.22464679914735E-16));
#5183=DIRECTION('ref_axis',(-1.22464679914735E-16,0.,-1.));
#5184=DIRECTION('center_axis',(0.,-1.,0.));
#5185=DIRECTION('ref_axis',(1.,0.,0.));
#5186=DIRECTION('center_axis',(0.,-1.,0.));
#5187=DIRECTION('ref_axis',(1.,0.,0.));
#5188=DIRECTION('center_axis',(0.,1.,0.));
#5189=DIRECTION('ref_axis',(0.,0.,1.));
#5190=DIRECTION('center_axis',(0.,0.,1.));
#5191=DIRECTION('ref_axis',(0.,-1.,0.));
#5192=DIRECTION('center_axis',(0.,1.,0.));
#5193=DIRECTION('ref_axis',(-0.916949300616178,0.,0.399003734443053));
#5194=DIRECTION('center_axis',(-0.731732390481602,0.,-0.681592039800995));
#5195=DIRECTION('ref_axis',(0.681592039800995,0.,-0.731732390481602));
#5196=DIRECTION('center_axis',(0.,-1.,0.));
#5197=DIRECTION('ref_axis',(-0.916949300616178,0.,0.399003734443053));
#5198=DIRECTION('center_axis',(0.,1.,0.));
#5199=DIRECTION('ref_axis',(0.,0.,1.));
#5200=DIRECTION('center_axis',(0.398700340967537,0.,-0.917081260364843));
#5201=DIRECTION('ref_axis',(0.917081260364843,0.,0.398700340967537));
#5202=DIRECTION('center_axis',(0.,1.,0.));
#5203=DIRECTION('ref_axis',(0.978983462704388,0.,-0.203939647325689));
#5204=DIRECTION('center_axis',(0.,-1.,0.));
#5205=DIRECTION('ref_axis',(0.978983462704388,0.,-0.203939647325689));
#5206=DIRECTION('center_axis',(0.,1.,0.));
#5207=DIRECTION('ref_axis',(0.,0.,1.));
#5208=DIRECTION('center_axis',(0.398700340967541,0.,0.917081260364841));
#5209=DIRECTION('ref_axis',(-0.917081260364841,0.,0.398700340967542));
#5210=DIRECTION('center_axis',(0.,1.,0.));
#5211=DIRECTION('ref_axis',(3.82856869892695E-16,0.,1.));
#5212=DIRECTION('center_axis',(0.,-1.,0.));
#5213=DIRECTION('ref_axis',(3.82856869892695E-16,0.,1.));
#5214=DIRECTION('center_axis',(0.,1.,0.));
#5215=DIRECTION('ref_axis',(0.,0.,1.));
#5216=DIRECTION('center_axis',(-0.731732390481604,0.,0.681592039800993));
#5217=DIRECTION('ref_axis',(-0.681592039800993,0.,-0.731732390481603));
#5218=DIRECTION('center_axis',(0.,1.,0.));
#5219=DIRECTION('ref_axis',(-0.978983462704388,0.,-0.203939647325689));
#5220=DIRECTION('center_axis',(0.,-1.,0.));
#5221=DIRECTION('ref_axis',(-0.978983462704388,0.,-0.203939647325689));
#5222=DIRECTION('center_axis',(0.,1.,0.));
#5223=DIRECTION('ref_axis',(0.,0.,1.));
#5224=DIRECTION('center_axis',(8.88178419700125E-16,0.,1.));
#5225=DIRECTION('ref_axis',(-1.,0.,8.88178419700125E-16));
#5226=DIRECTION('center_axis',(0.,-1.,0.));
#5227=DIRECTION('ref_axis',(0.916949300616178,0.,0.399003734443053));
#5228=DIRECTION('center_axis',(0.,1.,0.));
#5229=DIRECTION('ref_axis',(0.916949300616178,0.,0.399003734443053));
#5230=DIRECTION('center_axis',(0.,0.,1.));
#5231=DIRECTION('ref_axis',(-0.707106781186547,-0.707106781186547,0.));
#5232=DIRECTION('center_axis',(0.,0.,1.));
#5233=DIRECTION('ref_axis',(-1.,0.,0.));
#5234=DIRECTION('',(0.,0.,1.));
#5235=DIRECTION('',(0.,0.,-1.));
#5236=DIRECTION('center_axis',(0.,1.,0.));
#5237=DIRECTION('ref_axis',(1.22464679914735E-16,0.,-1.));
#5238=DIRECTION('center_axis',(0.,0.,-1.));
#5239=DIRECTION('ref_axis',(1.,0.,0.));
#5240=DIRECTION('center_axis',(0.,1.,0.));
#5241=DIRECTION('ref_axis',(6.12323399573677E-17,0.,-1.));
#5242=DIRECTION('center_axis',(0.,-1.,0.));
#5243=DIRECTION('ref_axis',(6.12323399573677E-17,0.,-1.));
#5244=DIRECTION('center_axis',(0.,0.,-1.));
#5245=DIRECTION('ref_axis',(0.707106781186547,-0.707106781186547,0.));
#5246=DIRECTION('',(0.,0.,1.));
#5247=DIRECTION('',(0.,0.,-1.));
#5248=DIRECTION('center_axis',(0.,1.,0.));
#5249=DIRECTION('ref_axis',(-0.978983462704388,0.,-0.203939647325689));
#5250=DIRECTION('',(0.,1.,0.));
#5251=DIRECTION('center_axis',(0.,1.,0.));
#5252=DIRECTION('ref_axis',(-0.978983462704388,0.,-0.203939647325689));
#5253=DIRECTION('',(0.,-1.,0.));
#5254=DIRECTION('center_axis',(0.,1.,0.));
#5255=DIRECTION('ref_axis',(-1.,0.,0.));
#5256=DIRECTION('',(0.,-1.,0.));
#5257=DIRECTION('center_axis',(0.,1.,0.));
#5258=DIRECTION('ref_axis',(3.82856869892695E-16,0.,1.));
#5259=DIRECTION('center_axis',(0.,1.,0.));
#5260=DIRECTION('ref_axis',(0.978983462704388,0.,-0.203939647325689));
#5261=DIRECTION('',(0.,1.,0.));
#5262=DIRECTION('center_axis',(0.,1.,0.));
#5263=DIRECTION('ref_axis',(0.978983462704388,0.,-0.203939647325689));
#5264=DIRECTION('center_axis',(0.,-1.,0.));
#5265=DIRECTION('ref_axis',(-0.333333333333333,0.,0.942809041582063));
#5266=DIRECTION('',(0.,1.,0.));
#5267=DIRECTION('center_axis',(0.,-1.,0.));
#5268=DIRECTION('ref_axis',(-0.916949300616178,0.,0.399003734443053));
#5269=DIRECTION('center_axis',(0.,1.,0.));
#5270=DIRECTION('ref_axis',(1.,0.,0.));
#5271=DIRECTION('center_axis',(0.,0.,1.));
#5272=DIRECTION('ref_axis',(-0.707106781186547,0.707106781186547,0.));
#5273=DIRECTION('center_axis',(0.,0.,1.));
#5274=DIRECTION('ref_axis',(0.,1.,0.));
#5275=DIRECTION('',(0.,0.,1.));
#5276=DIRECTION('center_axis',(0.,0.,-1.));
#5277=DIRECTION('ref_axis',(-1.,0.,0.));
#5278=DIRECTION('center_axis',(0.,1.,0.));
#5279=DIRECTION('ref_axis',(0.,0.,1.));
#5280=DIRECTION('center_axis',(0.7317323904816,0.,-0.681592039800997));
#5281=DIRECTION('ref_axis',(-0.681592039800996,0.,-0.7317323904816));
#5282=DIRECTION('center_axis',(0.,-1.,0.));
#5283=DIRECTION('ref_axis',(0.916949300616178,0.,0.399003734443053));
#5284=DIRECTION('center_axis',(0.,-1.,0.));
#5285=DIRECTION('ref_axis',(0.,0.,-1.));
#5286=DIRECTION('center_axis',(-0.39870034096754,0.,-0.917081260364842));
#5287=DIRECTION('ref_axis',(-0.917081260364842,0.,0.39870034096754));
#5288=DIRECTION('center_axis',(0.,1.,0.));
#5289=DIRECTION('ref_axis',(0.,0.,1.));
#5290=DIRECTION('center_axis',(-0.398700340967541,0.,0.917081260364841));
#5291=DIRECTION('ref_axis',(0.917081260364841,0.,0.398700340967542));
#5292=DIRECTION('center_axis',(0.,-1.,0.));
#5293=DIRECTION('ref_axis',(0.,0.,-1.));
#5294=DIRECTION('center_axis',(0.731732390481602,0.,0.681592039800994));
#5295=DIRECTION('ref_axis',(0.681592039800994,0.,-0.731732390481602));
#5296=DIRECTION('center_axis',(0.,1.,0.));
#5297=DIRECTION('ref_axis',(0.,0.,1.));
#5298=DIRECTION('center_axis',(0.,0.,1.));
#5299=DIRECTION('ref_axis',(1.,0.,0.));
#5300=DIRECTION('center_axis',(0.,0.,-1.));
#5301=DIRECTION('ref_axis',(0.707106781186547,0.707106781186547,0.));
#5302=DIRECTION('center_axis',(0.,0.,1.));
#5303=DIRECTION('ref_axis',(1.,0.,0.));
#5304=DIRECTION('',(0.,0.,-1.));
#5305=DIRECTION('center_axis',(0.,1.,0.));
#5306=DIRECTION('ref_axis',(-1.22464679914735E-16,0.,-1.));
#5307=DIRECTION('center_axis',(0.,1.,0.));
#5308=DIRECTION('ref_axis',(6.12323399573677E-17,0.,-1.));
#5309=DIRECTION('center_axis',(0.,1.,0.));
#5310=DIRECTION('ref_axis',(0.333333333333334,0.,0.942809041582063));
#5311=DIRECTION('',(0.,-1.,0.));
#5312=DIRECTION('center_axis',(-1.,0.,0.));
#5313=DIRECTION('ref_axis',(0.,0.,1.));
#5314=DIRECTION('',(0.,1.,0.));
#5315=DIRECTION('center_axis',(1.,0.,0.));
#5316=DIRECTION('ref_axis',(0.,0.,-1.));
#5317=DIRECTION('',(0.,1.,0.));
#5318=DIRECTION('center_axis',(0.,1.,0.));
#5319=DIRECTION('ref_axis',(1.,0.,0.));
#5320=DIRECTION('center_axis',(0.,1.,0.));
#5321=DIRECTION('ref_axis',(-1.,0.,-1.22464679914735E-16));
#5322=DIRECTION('center_axis',(0.,1.,0.));
#5323=DIRECTION('ref_axis',(-1.,0.,-1.22464679914735E-16));
#5324=DIRECTION('',(0.,-1.,0.));
#5325=DIRECTION('center_axis',(0.,-1.,0.));
#5326=DIRECTION('ref_axis',(-1.,0.,-1.22464679914735E-16));
#5327=DIRECTION('center_axis',(0.,1.,0.));
#5328=DIRECTION('ref_axis',(-1.22464679914735E-16,0.,1.));
#5329=DIRECTION('center_axis',(0.,-1.,0.));
#5330=DIRECTION('ref_axis',(-1.,0.,-1.22464679914735E-16));
#5331=DIRECTION('center_axis',(0.,-1.,0.));
#5332=DIRECTION('ref_axis',(-1.,0.,-1.22464679914735E-16));
#5333=DIRECTION('center_axis',(-1.,0.,-2.44929359829471E-16));
#5334=DIRECTION('ref_axis',(2.44929359829471E-16,0.,-1.));
#5335=DIRECTION('center_axis',(0.,1.,0.));
#5336=DIRECTION('ref_axis',(-1.,0.,-1.22464679914735E-16));
#5337=DIRECTION('center_axis',(0.,1.,0.));
#5338=DIRECTION('ref_axis',(-1.,0.,-1.22464679914735E-16));
#5339=DIRECTION('center_axis',(0.,1.,0.));
#5340=DIRECTION('ref_axis',(-1.,0.,-1.22464679914735E-16));
#5341=DIRECTION('center_axis',(0.,1.,0.));
#5342=DIRECTION('ref_axis',(-1.,0.,-1.22464679914735E-16));
#5343=DIRECTION('',(0.,1.,0.));
#5344=DIRECTION('center_axis',(0.,1.,0.));
#5345=DIRECTION('ref_axis',(-1.,0.,-1.22464679914735E-16));
#5346=DIRECTION('',(-1.22464679914735E-16,0.,1.));
#5347=DIRECTION('center_axis',(0.,-1.,0.));
#5348=DIRECTION('ref_axis',(-1.83697019872103E-16,0.,1.));
#5349=DIRECTION('',(1.22464679914735E-16,0.,-1.));
#5350=DIRECTION('center_axis',(0.,1.,0.));
#5351=DIRECTION('ref_axis',(0.916949300616178,0.,-0.399003734443053));
#5352=DIRECTION('center_axis',(0.,-1.,0.));
#5353=DIRECTION('ref_axis',(-0.978983462704388,0.,0.203939647325689));
#5354=DIRECTION('center_axis',(0.,-1.,0.));
#5355=DIRECTION('ref_axis',(-2.6039218997796E-16,0.,-1.));
#5356=DIRECTION('center_axis',(0.,-1.,0.));
#5357=DIRECTION('ref_axis',(0.978983462704388,0.,0.203939647325689));
#5358=DIRECTION('center_axis',(0.,1.,0.));
#5359=DIRECTION('ref_axis',(-0.916949300616178,0.,-0.399003734443053));
#5360=DIRECTION('center_axis',(0.,-1.,0.));
#5361=DIRECTION('ref_axis',(1.22464679914735E-16,0.,-1.));
#5362=DIRECTION('center_axis',(0.,-1.,0.));
#5363=DIRECTION('ref_axis',(-1.,0.,-1.22464679914735E-16));
#5364=DIRECTION('center_axis',(-1.,0.,0.));
#5365=DIRECTION('ref_axis',(0.,0.,1.));
#5366=DIRECTION('center_axis',(0.,1.,0.));
#5367=DIRECTION('ref_axis',(1.22464679914735E-16,0.,-1.));
#5368=DIRECTION('center_axis',(0.,1.,0.));
#5369=DIRECTION('ref_axis',(-1.,0.,-1.22464679914735E-16));
#5370=DIRECTION('center_axis',(0.,-1.,0.));
#5371=DIRECTION('ref_axis',(1.22464679914735E-16,0.,-1.));
#5372=DIRECTION('center_axis',(-1.,0.,0.));
#5373=DIRECTION('ref_axis',(0.,0.,1.));
#5374=DIRECTION('center_axis',(0.,-1.,0.));
#5375=DIRECTION('ref_axis',(-1.,0.,-1.22464679914735E-16));
#5376=DIRECTION('center_axis',(0.,-1.,0.));
#5377=DIRECTION('ref_axis',(-1.,0.,-1.22464679914735E-16));
#5378=DIRECTION('center_axis',(0.,1.,0.));
#5379=DIRECTION('ref_axis',(-1.,0.,-1.22464679914735E-16));
#5380=DIRECTION('',(0.,1.,0.));
#5381=DIRECTION('center_axis',(0.,-1.,0.));
#5382=DIRECTION('ref_axis',(0.,0.,-1.));
#5383=DIRECTION('center_axis',(-1.22464679914735E-16,0.,1.));
#5384=DIRECTION('ref_axis',(0.,1.,0.));
#5385=DIRECTION('center_axis',(0.,-1.,0.));
#5386=DIRECTION('ref_axis',(0.916949300616178,0.,-0.399003734443053));
#5387=DIRECTION('center_axis',(-0.731732390481602,0.,-0.681592039800995));
#5388=DIRECTION('ref_axis',(-0.681592039800995,0.,0.731732390481602));
#5389=DIRECTION('center_axis',(0.,1.,0.));
#5390=DIRECTION('ref_axis',(0.916949300616178,0.,-0.399003734443053));
#5391=DIRECTION('center_axis',(0.,-1.,0.));
#5392=DIRECTION('ref_axis',(1.4210854715202E-16,0.,-1.));
#5393=DIRECTION('center_axis',(0.398700340967537,0.,-0.917081260364843));
#5394=DIRECTION('ref_axis',(-0.917081260364843,0.,-0.398700340967537));
#5395=DIRECTION('center_axis',(0.,-1.,0.));
#5396=DIRECTION('ref_axis',(-0.978983462704388,0.,0.203939647325689));
#5397=DIRECTION('center_axis',(0.,1.,0.));
#5398=DIRECTION('ref_axis',(-0.978983462704388,0.,0.203939647325689));
#5399=DIRECTION('center_axis',(0.,-1.,0.));
#5400=DIRECTION('ref_axis',(1.22464679914735E-16,0.,-1.));
#5401=DIRECTION('center_axis',(0.398700340967541,0.,0.917081260364841));
#5402=DIRECTION('ref_axis',(0.917081260364841,0.,-0.398700340967541));
#5403=DIRECTION('center_axis',(0.,-1.,0.));
#5404=DIRECTION('ref_axis',(-2.6039218997796E-16,0.,-1.));
#5405=DIRECTION('center_axis',(0.,1.,0.));
#5406=DIRECTION('ref_axis',(-2.6039218997796E-16,0.,-1.));
#5407=DIRECTION('center_axis',(0.,-1.,0.));
#5408=DIRECTION('ref_axis',(1.4210854715202E-16,0.,-1.));
#5409=DIRECTION('center_axis',(-0.731732390481604,0.,0.681592039800993));
#5410=DIRECTION('ref_axis',(0.681592039800993,0.,0.731732390481604));
#5411=DIRECTION('center_axis',(0.,-1.,0.));
#5412=DIRECTION('ref_axis',(0.978983462704388,0.,0.203939647325689));
#5413=DIRECTION('center_axis',(0.,1.,0.));
#5414=DIRECTION('ref_axis',(0.978983462704388,0.,0.203939647325689));
#5415=DIRECTION('center_axis',(0.,-1.,0.));
#5416=DIRECTION('ref_axis',(0.,0.,-1.));
#5417=DIRECTION('center_axis',(7.6571373978539E-16,0.,1.));
#5418=DIRECTION('ref_axis',(1.,0.,-7.6571373978539E-16));
#5419=DIRECTION('center_axis',(0.,1.,0.));
#5420=DIRECTION('ref_axis',(-0.916949300616178,0.,-0.399003734443053));
#5421=DIRECTION('center_axis',(0.,-1.,0.));
#5422=DIRECTION('ref_axis',(-0.916949300616178,0.,-0.399003734443053));
#5423=DIRECTION('center_axis',(-1.22464679914735E-16,0.,1.));
#5424=DIRECTION('ref_axis',(0.707106781186547,0.707106781186547,8.65956056235493E-17));
#5425=DIRECTION('center_axis',(-1.22464679914735E-16,0.,1.));
#5426=DIRECTION('ref_axis',(1.,0.,1.22464679914735E-16));
#5427=DIRECTION('',(-1.22464679914735E-16,0.,1.));
#5428=DIRECTION('',(1.22464679914735E-16,0.,-1.));
#5429=DIRECTION('center_axis',(0.,-1.,0.));
#5430=DIRECTION('ref_axis',(0.,0.,1.));
#5431=DIRECTION('center_axis',(1.22464679914735E-16,0.,-1.));
#5432=DIRECTION('ref_axis',(-1.,0.,-1.22464679914735E-16));
#5433=DIRECTION('center_axis',(0.,-1.,0.));
#5434=DIRECTION('ref_axis',(-1.83697019872103E-16,0.,1.));
#5435=DIRECTION('center_axis',(0.,1.,0.));
#5436=DIRECTION('ref_axis',(-1.83697019872103E-16,0.,1.));
#5437=DIRECTION('center_axis',(1.22464679914735E-16,0.,-1.));
#5438=DIRECTION('ref_axis',(-0.707106781186547,0.707106781186547,-8.65956056235493E-17));
#5439=DIRECTION('',(-1.22464679914735E-16,0.,1.));
#5440=DIRECTION('',(1.22464679914735E-16,0.,-1.));
#5441=DIRECTION('center_axis',(0.,1.,0.));
#5442=DIRECTION('ref_axis',(0.978983462704388,0.,0.203939647325689));
#5443=DIRECTION('',(0.,1.,0.));
#5444=DIRECTION('center_axis',(0.,1.,0.));
#5445=DIRECTION('ref_axis',(0.978983462704388,0.,0.203939647325689));
#5446=DIRECTION('',(0.,-1.,0.));
#5447=DIRECTION('center_axis',(0.,1.,0.));
#5448=DIRECTION('ref_axis',(1.,0.,1.22464679914735E-16));
#5449=DIRECTION('center_axis',(0.,1.,0.));
#5450=DIRECTION('ref_axis',(-2.6039218997796E-16,0.,-1.));
#5451=DIRECTION('',(0.,1.,0.));
#5452=DIRECTION('center_axis',(0.,1.,0.));
#5453=DIRECTION('ref_axis',(-0.978983462704388,0.,0.203939647325689));
#5454=DIRECTION('center_axis',(0.,1.,0.));
#5455=DIRECTION('ref_axis',(-0.978983462704388,0.,0.203939647325689));
#5456=DIRECTION('',(0.,-1.,0.));
#5457=DIRECTION('center_axis',(0.,-1.,0.));
#5458=DIRECTION('ref_axis',(0.333333333333333,0.,-0.942809041582063));
#5459=DIRECTION('center_axis',(0.,-1.,0.));
#5460=DIRECTION('ref_axis',(0.916949300616178,0.,-0.399003734443053));
#5461=DIRECTION('',(0.,-1.,0.));
#5462=DIRECTION('center_axis',(0.,1.,0.));
#5463=DIRECTION('ref_axis',(-1.,0.,-1.22464679914735E-16));
#5464=DIRECTION('center_axis',(-1.22464679914735E-16,0.,1.));
#5465=DIRECTION('ref_axis',(0.707106781186547,-0.707106781186547,8.65956056235493E-17));
#5466=DIRECTION('center_axis',(-1.22464679914735E-16,0.,1.));
#5467=DIRECTION('ref_axis',(0.,-1.,0.));
#5468=DIRECTION('center_axis',(1.22464679914735E-16,0.,-1.));
#5469=DIRECTION('ref_axis',(1.,0.,1.22464679914735E-16));
#5470=DIRECTION('',(1.22464679914735E-16,0.,-1.));
#5471=DIRECTION('center_axis',(0.,-1.,0.));
#5472=DIRECTION('ref_axis',(0.,0.,-1.));
#5473=DIRECTION('center_axis',(0.7317323904816,0.,-0.681592039800996));
#5474=DIRECTION('ref_axis',(0.681592039800996,0.,0.7317323904816));
#5475=DIRECTION('center_axis',(0.,-1.,0.));
#5476=DIRECTION('ref_axis',(-0.916949300616178,0.,-0.399003734443053));
#5477=DIRECTION('center_axis',(0.,1.,0.));
#5478=DIRECTION('ref_axis',(-1.4210854715202E-16,0.,1.));
#5479=DIRECTION('center_axis',(-0.39870034096754,0.,-0.917081260364842));
#5480=DIRECTION('ref_axis',(0.917081260364842,0.,-0.39870034096754));
#5481=DIRECTION('center_axis',(0.,-1.,0.));
#5482=DIRECTION('ref_axis',(1.22464679914735E-16,0.,-1.));
#5483=DIRECTION('center_axis',(-0.398700340967542,0.,0.917081260364841));
#5484=DIRECTION('ref_axis',(-0.917081260364841,0.,-0.398700340967542));
#5485=DIRECTION('center_axis',(0.,1.,0.));
#5486=DIRECTION('ref_axis',(-1.4210854715202E-16,0.,1.));
#5487=DIRECTION('center_axis',(0.731732390481602,0.,0.681592039800995));
#5488=DIRECTION('ref_axis',(-0.681592039800995,0.,0.731732390481602));
#5489=DIRECTION('center_axis',(0.,-1.,0.));
#5490=DIRECTION('ref_axis',(0.,0.,-1.));
#5491=DIRECTION('center_axis',(-1.22464679914735E-16,0.,1.));
#5492=DIRECTION('ref_axis',(-1.,0.,-1.22464679914735E-16));
#5493=DIRECTION('center_axis',(1.22464679914735E-16,0.,-1.));
#5494=DIRECTION('ref_axis',(-0.707106781186547,-0.707106781186547,-8.65956056235493E-17));
#5495=DIRECTION('center_axis',(-1.22464679914735E-16,0.,1.));
#5496=DIRECTION('ref_axis',(-1.,0.,-1.22464679914735E-16));
#5497=DIRECTION('',(-1.22464679914735E-16,0.,1.));
#5498=DIRECTION('center_axis',(0.,-1.,0.));
#5499=DIRECTION('ref_axis',(-2.44929359829471E-16,0.,1.));
#5500=DIRECTION('center_axis',(0.,1.,0.));
#5501=DIRECTION('ref_axis',(-1.83697019872103E-16,0.,1.));
#5502=DIRECTION('center_axis',(0.,1.,0.));
#5503=DIRECTION('ref_axis',(-0.333333333333333,0.,-0.942809041582063));
#5504=DIRECTION('',(0.,1.,0.));
#5505=DIRECTION('center_axis',(-1.,0.,-1.22464679914735E-16));
#5506=DIRECTION('ref_axis',(1.22464679914735E-16,0.,-1.));
#5507=DIRECTION('',(0.,-1.,0.));
#5508=DIRECTION('center_axis',(1.,0.,1.22464679914735E-16));
#5509=DIRECTION('ref_axis',(-1.22464679914735E-16,0.,1.));
#5510=DIRECTION('',(0.,-1.,0.));
#5511=DIRECTION('center_axis',(0.,1.,0.));
#5512=DIRECTION('ref_axis',(-1.,0.,-1.22464679914735E-16));
#5513=DIRECTION('center_axis',(0.,-1.,0.));
#5514=DIRECTION('ref_axis',(-1.22464679914735E-16,0.,1.));
#5515=DIRECTION('center_axis',(0.,-1.,0.));
#5516=DIRECTION('ref_axis',(-1.,0.,-1.22464679914735E-16));
#5517=DIRECTION('center_axis',(1.,0.,2.44929359829471E-16));
#5518=DIRECTION('ref_axis',(2.44929359829471E-16,0.,-1.));
#5519=DIRECTION('center_axis',(0.,1.,0.));
#5520=DIRECTION('ref_axis',(-1.,0.,-1.22464679914735E-16));
#5521=DIRECTION('center_axis',(0.,-1.,0.));
#5522=DIRECTION('ref_axis',(-1.,0.,-1.22464679914735E-16));
#5523=DIRECTION('center_axis',(0.,1.,0.));
#5524=DIRECTION('ref_axis',(-1.,0.,-1.22464679914735E-16));
#5525=DIRECTION('center_axis',(0.,1.,0.));
#5526=DIRECTION('ref_axis',(-1.,0.,-1.22464679914735E-16));
#5527=DIRECTION('',(0.,-1.,0.));
#5528=DIRECTION('center_axis',(0.,1.,0.));
#5529=DIRECTION('ref_axis',(-1.,0.,-1.22464679914735E-16));
#5530=DIRECTION('center_axis',(0.,1.,0.));
#5531=DIRECTION('ref_axis',(-1.,0.,-1.22464679914735E-16));
#5532=DIRECTION('',(-1.22464679914735E-16,0.,1.));
#5533=DIRECTION('center_axis',(0.,1.,0.));
#5534=DIRECTION('ref_axis',(-0.916949300616178,0.,-0.399003734443053));
#5535=DIRECTION('center_axis',(0.,-1.,0.));
#5536=DIRECTION('ref_axis',(0.978983462704388,0.,0.203939647325689));
#5537=DIRECTION('center_axis',(0.,-1.,0.));
#5538=DIRECTION('ref_axis',(-2.6039218997796E-16,0.,-1.));
#5539=DIRECTION('center_axis',(0.,-1.,0.));
#5540=DIRECTION('ref_axis',(-0.978983462704388,0.,0.203939647325689));
#5541=DIRECTION('center_axis',(0.,1.,0.));
#5542=DIRECTION('ref_axis',(0.916949300616178,0.,-0.399003734443053));
#5543=DIRECTION('',(1.22464679914735E-16,0.,-1.));
#5544=DIRECTION('center_axis',(0.,-1.,0.));
#5545=DIRECTION('ref_axis',(-1.83697019872103E-16,0.,1.));
#5546=DIRECTION('center_axis',(0.,1.,0.));
#5547=DIRECTION('ref_axis',(1.22464679914735E-16,0.,-1.));
#5548=DIRECTION('center_axis',(0.,-1.,0.));
#5549=DIRECTION('ref_axis',(-1.,0.,-1.22464679914735E-16));
#5550=DIRECTION('center_axis',(1.,0.,0.));
#5551=DIRECTION('ref_axis',(0.,0.,1.));
#5552=DIRECTION('center_axis',(0.,1.,0.));
#5553=DIRECTION('ref_axis',(1.22464679914735E-16,0.,-1.));
#5554=DIRECTION('center_axis',(0.,1.,0.));
#5555=DIRECTION('ref_axis',(-1.,0.,-1.22464679914735E-16));
#5556=DIRECTION('center_axis',(0.,1.,0.));
#5557=DIRECTION('ref_axis',(1.22464679914735E-16,0.,-1.));
#5558=DIRECTION('center_axis',(1.,0.,0.));
#5559=DIRECTION('ref_axis',(0.,0.,1.));
#5560=DIRECTION('center_axis',(0.,-1.,0.));
#5561=DIRECTION('ref_axis',(-1.,0.,-1.22464679914735E-16));
#5562=DIRECTION('center_axis',(0.,-1.,0.));
#5563=DIRECTION('ref_axis',(-1.,0.,-1.22464679914735E-16));
#5564=DIRECTION('center_axis',(0.,1.,0.));
#5565=DIRECTION('ref_axis',(-1.,0.,-1.22464679914735E-16));
#5566=DIRECTION('',(0.,-1.,0.));
#5567=DIRECTION('center_axis',(0.,1.,0.));
#5568=DIRECTION('ref_axis',(0.,0.,-1.));
#5569=DIRECTION('center_axis',(1.22464679914735E-16,0.,-1.));
#5570=DIRECTION('ref_axis',(0.,-1.,0.));
#5571=DIRECTION('center_axis',(0.,1.,0.));
#5572=DIRECTION('ref_axis',(0.916949300616178,0.,-0.399003734443053));
#5573=DIRECTION('center_axis',(0.731732390481602,0.,0.681592039800995));
#5574=DIRECTION('ref_axis',(-0.681592039800995,0.,0.731732390481602));
#5575=DIRECTION('center_axis',(0.,-1.,0.));
#5576=DIRECTION('ref_axis',(0.916949300616178,0.,-0.399003734443053));
#5577=DIRECTION('center_axis',(0.,1.,0.));
#5578=DIRECTION('ref_axis',(1.4210854715202E-16,0.,-1.));
#5579=DIRECTION('center_axis',(-0.398700340967537,0.,0.917081260364843));
#5580=DIRECTION('ref_axis',(-0.917081260364843,0.,-0.398700340967537));
#5581=DIRECTION('center_axis',(0.,1.,0.));
#5582=DIRECTION('ref_axis',(-0.978983462704388,0.,0.203939647325689));
#5583=DIRECTION('center_axis',(0.,-1.,0.));
#5584=DIRECTION('ref_axis',(-0.978983462704388,0.,0.203939647325689));
#5585=DIRECTION('center_axis',(0.,1.,0.));
#5586=DIRECTION('ref_axis',(1.22464679914735E-16,0.,-1.));
#5587=DIRECTION('center_axis',(-0.398700340967541,0.,-0.917081260364841));
#5588=DIRECTION('ref_axis',(0.917081260364841,0.,-0.398700340967541));
#5589=DIRECTION('center_axis',(0.,1.,0.));
#5590=DIRECTION('ref_axis',(-2.6039218997796E-16,0.,-1.));
#5591=DIRECTION('center_axis',(0.,-1.,0.));
#5592=DIRECTION('ref_axis',(-2.6039218997796E-16,0.,-1.));
#5593=DIRECTION('center_axis',(0.,1.,0.));
#5594=DIRECTION('ref_axis',(1.4210854715202E-16,0.,-1.));
#5595=DIRECTION('center_axis',(0.731732390481604,0.,-0.681592039800993));
#5596=DIRECTION('ref_axis',(0.681592039800993,0.,0.731732390481604));
#5597=DIRECTION('center_axis',(0.,1.,0.));
#5598=DIRECTION('ref_axis',(0.978983462704388,0.,0.203939647325689));
#5599=DIRECTION('center_axis',(0.,-1.,0.));
#5600=DIRECTION('ref_axis',(0.978983462704388,0.,0.203939647325689));
#5601=DIRECTION('center_axis',(0.,1.,0.));
#5602=DIRECTION('ref_axis',(0.,0.,-1.));
#5603=DIRECTION('center_axis',(-7.6571373978539E-16,0.,-1.));
#5604=DIRECTION('ref_axis',(1.,0.,-7.6571373978539E-16));
#5605=DIRECTION('center_axis',(0.,-1.,0.));
#5606=DIRECTION('ref_axis',(-0.916949300616178,0.,-0.399003734443053));
#5607=DIRECTION('center_axis',(0.,1.,0.));
#5608=DIRECTION('ref_axis',(-0.916949300616178,0.,-0.399003734443053));
#5609=DIRECTION('center_axis',(1.22464679914735E-16,0.,-1.));
#5610=DIRECTION('ref_axis',(0.707106781186547,-0.707106781186547,8.65956056235493E-17));
#5611=DIRECTION('center_axis',(1.22464679914735E-16,0.,-1.));
#5612=DIRECTION('ref_axis',(1.,0.,1.22464679914735E-16));
#5613=DIRECTION('',(1.22464679914735E-16,0.,-1.));
#5614=DIRECTION('',(-1.22464679914735E-16,0.,1.));
#5615=DIRECTION('center_axis',(0.,1.,0.));
#5616=DIRECTION('ref_axis',(-2.44929359829471E-16,0.,1.));
#5617=DIRECTION('center_axis',(-1.22464679914735E-16,0.,1.));
#5618=DIRECTION('ref_axis',(-1.,0.,-1.22464679914735E-16));
#5619=DIRECTION('center_axis',(0.,1.,0.));
#5620=DIRECTION('ref_axis',(-1.83697019872103E-16,0.,1.));
#5621=DIRECTION('center_axis',(0.,-1.,0.));
#5622=DIRECTION('ref_axis',(-1.83697019872103E-16,0.,1.));
#5623=DIRECTION('center_axis',(-1.22464679914735E-16,0.,1.));
#5624=DIRECTION('ref_axis',(-0.707106781186547,-0.707106781186547,-8.65956056235493E-17));
#5625=DIRECTION('',(1.22464679914735E-16,0.,-1.));
#5626=DIRECTION('',(-1.22464679914735E-16,0.,1.));
#5627=DIRECTION('center_axis',(0.,1.,0.));
#5628=DIRECTION('ref_axis',(0.978983462704388,0.,0.203939647325689));
#5629=DIRECTION('',(0.,1.,0.));
#5630=DIRECTION('center_axis',(0.,1.,0.));
#5631=DIRECTION('ref_axis',(0.978983462704388,0.,0.203939647325689));
#5632=DIRECTION('',(0.,-1.,0.));
#5633=DIRECTION('center_axis',(0.,1.,0.));
#5634=DIRECTION('ref_axis',(1.,0.,1.22464679914735E-16));
#5635=DIRECTION('',(0.,-1.,0.));
#5636=DIRECTION('center_axis',(0.,1.,0.));
#5637=DIRECTION('ref_axis',(-2.6039218997796E-16,0.,-1.));
#5638=DIRECTION('center_axis',(0.,1.,0.));
#5639=DIRECTION('ref_axis',(-0.978983462704388,0.,0.203939647325689));
#5640=DIRECTION('',(0.,1.,0.));
#5641=DIRECTION('center_axis',(0.,1.,0.));
#5642=DIRECTION('ref_axis',(-0.978983462704388,0.,0.203939647325689));
#5643=DIRECTION('center_axis',(0.,-1.,0.));
#5644=DIRECTION('ref_axis',(0.333333333333333,0.,-0.942809041582063));
#5645=DIRECTION('',(0.,1.,0.));
#5646=DIRECTION('center_axis',(0.,-1.,0.));
#5647=DIRECTION('ref_axis',(0.916949300616178,0.,-0.399003734443053));
#5648=DIRECTION('center_axis',(0.,1.,0.));
#5649=DIRECTION('ref_axis',(-1.,0.,-1.22464679914735E-16));
#5650=DIRECTION('center_axis',(1.22464679914735E-16,0.,-1.));
#5651=DIRECTION('ref_axis',(0.707106781186547,0.707106781186547,8.65956056235493E-17));
#5652=DIRECTION('center_axis',(1.22464679914735E-16,0.,-1.));
#5653=DIRECTION('ref_axis',(0.,1.,0.));
#5654=DIRECTION('',(1.22464679914735E-16,0.,-1.));
#5655=DIRECTION('center_axis',(-1.22464679914735E-16,0.,1.));
#5656=DIRECTION('ref_axis',(1.,0.,1.22464679914735E-16));
#5657=DIRECTION('center_axis',(0.,1.,0.));
#5658=DIRECTION('ref_axis',(0.,0.,-1.));
#5659=DIRECTION('center_axis',(-0.7317323904816,0.,0.681592039800996));
#5660=DIRECTION('ref_axis',(0.681592039800996,0.,0.7317323904816));
#5661=DIRECTION('center_axis',(0.,-1.,0.));
#5662=DIRECTION('ref_axis',(-0.916949300616178,0.,-0.399003734443053));
#5663=DIRECTION('center_axis',(0.,-1.,0.));
#5664=DIRECTION('ref_axis',(-1.4210854715202E-16,0.,1.));
#5665=DIRECTION('center_axis',(0.39870034096754,0.,0.917081260364842));
#5666=DIRECTION('ref_axis',(0.917081260364842,0.,-0.39870034096754));
#5667=DIRECTION('center_axis',(0.,1.,0.));
#5668=DIRECTION('ref_axis',(1.22464679914735E-16,0.,-1.));
#5669=DIRECTION('center_axis',(0.398700340967542,0.,-0.917081260364841));
#5670=DIRECTION('ref_axis',(-0.917081260364841,0.,-0.398700340967542));
#5671=DIRECTION('center_axis',(0.,-1.,0.));
#5672=DIRECTION('ref_axis',(-1.4210854715202E-16,0.,1.));
#5673=DIRECTION('center_axis',(-0.731732390481602,0.,-0.681592039800995));
#5674=DIRECTION('ref_axis',(-0.681592039800995,0.,0.731732390481602));
#5675=DIRECTION('center_axis',(0.,1.,0.));
#5676=DIRECTION('ref_axis',(0.,0.,-1.));
#5677=DIRECTION('center_axis',(1.22464679914735E-16,0.,-1.));
#5678=DIRECTION('ref_axis',(-1.,0.,-1.22464679914735E-16));
#5679=DIRECTION('center_axis',(-1.22464679914735E-16,0.,1.));
#5680=DIRECTION('ref_axis',(-0.707106781186547,0.707106781186547,-8.65956056235493E-17));
#5681=DIRECTION('center_axis',(1.22464679914735E-16,0.,-1.));
#5682=DIRECTION('ref_axis',(-1.,0.,-1.22464679914735E-16));
#5683=DIRECTION('',(-1.22464679914735E-16,0.,1.));
#5684=DIRECTION('center_axis',(0.,1.,0.));
#5685=DIRECTION('ref_axis',(0.,0.,1.));
#5686=DIRECTION('center_axis',(0.,1.,0.));
#5687=DIRECTION('ref_axis',(-1.83697019872103E-16,0.,1.));
#5688=DIRECTION('center_axis',(0.,1.,0.));
#5689=DIRECTION('ref_axis',(-0.333333333333333,0.,-0.942809041582063));
#5690=DIRECTION('',(0.,-1.,0.));
#5691=DIRECTION('center_axis',(1.,0.,1.22464679914735E-16));
#5692=DIRECTION('ref_axis',(1.22464679914735E-16,0.,-1.));
#5693=DIRECTION('',(0.,1.,0.));
#5694=DIRECTION('center_axis',(-1.,0.,-1.22464679914735E-16));
#5695=DIRECTION('ref_axis',(-1.22464679914735E-16,0.,1.));
#5696=DIRECTION('',(0.,1.,0.));
#5697=DIRECTION('center_axis',(0.,1.,0.));
#5698=DIRECTION('ref_axis',(-1.,0.,-1.22464679914735E-16));
#5699=DIRECTION('center_axis',(0.,1.,0.));
#5700=DIRECTION('ref_axis',(1.,0.,0.));
#5701=DIRECTION('center_axis',(0.,1.,0.));
#5702=DIRECTION('ref_axis',(1.,0.,0.));
#5703=DIRECTION('',(0.,-1.,0.));
#5704=DIRECTION('center_axis',(0.,-1.,0.));
#5705=DIRECTION('ref_axis',(1.,0.,0.));
#5706=DIRECTION('center_axis',(0.,1.,0.));
#5707=DIRECTION('ref_axis',(0.,0.,-1.));
#5708=DIRECTION('center_axis',(0.,-1.,0.));
#5709=DIRECTION('ref_axis',(1.,0.,0.));
#5710=DIRECTION('center_axis',(0.,-1.,0.));
#5711=DIRECTION('ref_axis',(1.,0.,0.));
#5712=DIRECTION('center_axis',(1.,0.,1.22464679914735E-16));
#5713=DIRECTION('ref_axis',(-1.22464679914735E-16,0.,1.));
#5714=DIRECTION('center_axis',(0.,1.,0.));
#5715=DIRECTION('ref_axis',(1.,0.,0.));
#5716=DIRECTION('center_axis',(0.,1.,0.));
#5717=DIRECTION('ref_axis',(1.,0.,0.));
#5718=DIRECTION('center_axis',(0.,1.,0.));
#5719=DIRECTION('ref_axis',(1.,0.,0.));
#5720=DIRECTION('center_axis',(0.,1.,0.));
#5721=DIRECTION('ref_axis',(1.,0.,0.));
#5722=DIRECTION('',(0.,1.,0.));
#5723=DIRECTION('center_axis',(0.,1.,0.));
#5724=DIRECTION('ref_axis',(1.,0.,0.));
#5725=DIRECTION('',(0.,0.,-1.));
#5726=DIRECTION('center_axis',(0.,-1.,0.));
#5727=DIRECTION('ref_axis',(6.12323399573677E-17,0.,-1.));
#5728=DIRECTION('',(0.,0.,1.));
#5729=DIRECTION('center_axis',(0.,1.,0.));
#5730=DIRECTION('ref_axis',(-0.916949300616178,0.,0.399003734443053));
#5731=DIRECTION('center_axis',(0.,-1.,0.));
#5732=DIRECTION('ref_axis',(0.978983462704388,0.,-0.203939647325689));
#5733=DIRECTION('center_axis',(0.,-1.,0.));
#5734=DIRECTION('ref_axis',(3.82856869892695E-16,0.,1.));
#5735=DIRECTION('center_axis',(0.,-1.,0.));
#5736=DIRECTION('ref_axis',(-0.978983462704388,0.,-0.203939647325689));
#5737=DIRECTION('center_axis',(0.,1.,0.));
#5738=DIRECTION('ref_axis',(0.916949300616178,0.,0.399003734443053));
#5739=DIRECTION('center_axis',(0.,-1.,0.));
#5740=DIRECTION('ref_axis',(0.,0.,1.));
#5741=DIRECTION('center_axis',(0.,-1.,0.));
#5742=DIRECTION('ref_axis',(1.,0.,0.));
#5743=DIRECTION('center_axis',(1.,0.,-1.22464679914735E-16));
#5744=DIRECTION('ref_axis',(-1.22464679914735E-16,0.,-1.));
#5745=DIRECTION('center_axis',(0.,1.,0.));
#5746=DIRECTION('ref_axis',(0.,0.,1.));
#5747=DIRECTION('center_axis',(0.,1.,0.));
#5748=DIRECTION('ref_axis',(1.,0.,0.));
#5749=DIRECTION('center_axis',(0.,-1.,0.));
#5750=DIRECTION('ref_axis',(0.,0.,1.));
#5751=DIRECTION('center_axis',(1.,0.,-1.22464679914735E-16));
#5752=DIRECTION('ref_axis',(-1.22464679914735E-16,0.,-1.));
#5753=DIRECTION('center_axis',(0.,-1.,0.));
#5754=DIRECTION('ref_axis',(1.,0.,0.));
#5755=DIRECTION('center_axis',(0.,-1.,0.));
#5756=DIRECTION('ref_axis',(1.,0.,0.));
#5757=DIRECTION('center_axis',(0.,1.,0.));
#5758=DIRECTION('ref_axis',(1.,0.,0.));
#5759=DIRECTION('',(0.,1.,0.));
#5760=DIRECTION('center_axis',(0.,-1.,0.));
#5761=DIRECTION('ref_axis',(0.,0.,1.));
#5762=DIRECTION('center_axis',(0.,0.,-1.));
#5763=DIRECTION('ref_axis',(0.,1.,0.));
#5764=DIRECTION('center_axis',(0.,-1.,0.));
#5765=DIRECTION('ref_axis',(-0.916949300616178,0.,0.399003734443053));
#5766=DIRECTION('center_axis',(0.731732390481602,0.,0.681592039800995));
#5767=DIRECTION('ref_axis',(0.681592039800995,0.,-0.731732390481602));
#5768=DIRECTION('center_axis',(0.,1.,0.));
#5769=DIRECTION('ref_axis',(-0.916949300616178,0.,0.399003734443053));
#5770=DIRECTION('center_axis',(0.,-1.,0.));
#5771=DIRECTION('ref_axis',(0.,0.,1.));
#5772=DIRECTION('center_axis',(-0.398700340967537,0.,0.917081260364843));
#5773=DIRECTION('ref_axis',(0.917081260364843,0.,0.398700340967537));
#5774=DIRECTION('center_axis',(0.,-1.,0.));
#5775=DIRECTION('ref_axis',(0.978983462704388,0.,-0.203939647325689));
#5776=DIRECTION('center_axis',(0.,1.,0.));
#5777=DIRECTION('ref_axis',(0.978983462704388,0.,-0.203939647325689));
#5778=DIRECTION('center_axis',(0.,-1.,0.));
#5779=DIRECTION('ref_axis',(0.,0.,1.));
#5780=DIRECTION('center_axis',(-0.398700340967541,0.,-0.917081260364841));
#5781=DIRECTION('ref_axis',(-0.917081260364841,0.,0.398700340967542));
#5782=DIRECTION('center_axis',(0.,-1.,0.));
#5783=DIRECTION('ref_axis',(3.82856869892695E-16,0.,1.));
#5784=DIRECTION('center_axis',(0.,1.,0.));
#5785=DIRECTION('ref_axis',(3.82856869892695E-16,0.,1.));
#5786=DIRECTION('center_axis',(0.,-1.,0.));
#5787=DIRECTION('ref_axis',(0.,0.,1.));
#5788=DIRECTION('center_axis',(0.731732390481604,0.,-0.681592039800993));
#5789=DIRECTION('ref_axis',(-0.681592039800993,0.,-0.731732390481603));
#5790=DIRECTION('center_axis',(0.,-1.,0.));
#5791=DIRECTION('ref_axis',(-0.978983462704388,0.,-0.203939647325689));
#5792=DIRECTION('center_axis',(0.,1.,0.));
#5793=DIRECTION('ref_axis',(-0.978983462704388,0.,-0.203939647325689));
#5794=DIRECTION('center_axis',(0.,-1.,0.));
#5795=DIRECTION('ref_axis',(0.,0.,1.));
#5796=DIRECTION('center_axis',(-8.88178419700125E-16,0.,-1.));
#5797=DIRECTION('ref_axis',(-1.,0.,8.88178419700125E-16));
#5798=DIRECTION('center_axis',(0.,1.,0.));
#5799=DIRECTION('ref_axis',(0.916949300616178,0.,0.399003734443053));
#5800=DIRECTION('center_axis',(0.,-1.,0.));
#5801=DIRECTION('ref_axis',(0.916949300616178,0.,0.399003734443053));
#5802=DIRECTION('center_axis',(0.,0.,-1.));
#5803=DIRECTION('ref_axis',(-0.707106781186547,0.707106781186547,0.));
#5804=DIRECTION('center_axis',(0.,0.,-1.));
#5805=DIRECTION('ref_axis',(-1.,0.,0.));
#5806=DIRECTION('',(0.,0.,-1.));
#5807=DIRECTION('',(0.,0.,1.));
#5808=DIRECTION('center_axis',(0.,-1.,0.));
#5809=DIRECTION('ref_axis',(-1.22464679914735E-16,0.,-1.));
#5810=DIRECTION('center_axis',(0.,0.,1.));
#5811=DIRECTION('ref_axis',(1.,0.,0.));
#5812=DIRECTION('center_axis',(0.,-1.,0.));
#5813=DIRECTION('ref_axis',(6.12323399573677E-17,0.,-1.));
#5814=DIRECTION('center_axis',(0.,1.,0.));
#5815=DIRECTION('ref_axis',(6.12323399573677E-17,0.,-1.));
#5816=DIRECTION('center_axis',(0.,0.,1.));
#5817=DIRECTION('ref_axis',(0.707106781186547,0.707106781186547,0.));
#5818=DIRECTION('',(0.,0.,-1.));
#5819=DIRECTION('',(0.,0.,1.));
#5820=DIRECTION('center_axis',(0.,1.,0.));
#5821=DIRECTION('ref_axis',(-0.978983462704388,0.,-0.203939647325689));
#5822=DIRECTION('',(0.,1.,0.));
#5823=DIRECTION('center_axis',(0.,1.,0.));
#5824=DIRECTION('ref_axis',(-0.978983462704388,0.,-0.203939647325689));
#5825=DIRECTION('',(0.,-1.,0.));
#5826=DIRECTION('center_axis',(0.,1.,0.));
#5827=DIRECTION('ref_axis',(-1.,0.,0.));
#5828=DIRECTION('center_axis',(0.,1.,0.));
#5829=DIRECTION('ref_axis',(3.82856869892695E-16,0.,1.));
#5830=DIRECTION('',(0.,1.,0.));
#5831=DIRECTION('center_axis',(0.,1.,0.));
#5832=DIRECTION('ref_axis',(0.978983462704388,0.,-0.203939647325689));
#5833=DIRECTION('center_axis',(0.,1.,0.));
#5834=DIRECTION('ref_axis',(0.978983462704388,0.,-0.203939647325689));
#5835=DIRECTION('',(0.,-1.,0.));
#5836=DIRECTION('center_axis',(0.,-1.,0.));
#5837=DIRECTION('ref_axis',(-0.333333333333333,0.,0.942809041582063));
#5838=DIRECTION('center_axis',(0.,-1.,0.));
#5839=DIRECTION('ref_axis',(-0.916949300616178,0.,0.399003734443053));
#5840=DIRECTION('',(0.,-1.,0.));
#5841=DIRECTION('center_axis',(0.,1.,0.));
#5842=DIRECTION('ref_axis',(1.,0.,0.));
#5843=DIRECTION('center_axis',(0.,0.,-1.));
#5844=DIRECTION('ref_axis',(-0.707106781186547,-0.707106781186547,0.));
#5845=DIRECTION('center_axis',(0.,0.,-1.));
#5846=DIRECTION('ref_axis',(0.,-1.,0.));
#5847=DIRECTION('center_axis',(0.,0.,1.));
#5848=DIRECTION('ref_axis',(-1.,0.,0.));
#5849=DIRECTION('',(0.,0.,1.));
#5850=DIRECTION('center_axis',(0.,-1.,0.));
#5851=DIRECTION('ref_axis',(0.,0.,1.));
#5852=DIRECTION('center_axis',(-0.7317323904816,0.,0.681592039800997));
#5853=DIRECTION('ref_axis',(-0.681592039800996,0.,-0.7317323904816));
#5854=DIRECTION('center_axis',(0.,-1.,0.));
#5855=DIRECTION('ref_axis',(0.916949300616178,0.,0.399003734443053));
#5856=DIRECTION('center_axis',(0.,1.,0.));
#5857=DIRECTION('ref_axis',(0.,0.,-1.));
#5858=DIRECTION('center_axis',(0.39870034096754,0.,0.917081260364842));
#5859=DIRECTION('ref_axis',(-0.917081260364842,0.,0.39870034096754));
#5860=DIRECTION('center_axis',(0.,-1.,0.));
#5861=DIRECTION('ref_axis',(0.,0.,1.));
#5862=DIRECTION('center_axis',(0.398700340967541,0.,-0.917081260364841));
#5863=DIRECTION('ref_axis',(0.917081260364841,0.,0.398700340967542));
#5864=DIRECTION('center_axis',(0.,1.,0.));
#5865=DIRECTION('ref_axis',(0.,0.,-1.));
#5866=DIRECTION('center_axis',(-0.731732390481602,0.,-0.681592039800994));
#5867=DIRECTION('ref_axis',(0.681592039800994,0.,-0.731732390481602));
#5868=DIRECTION('center_axis',(0.,-1.,0.));
#5869=DIRECTION('ref_axis',(0.,0.,1.));
#5870=DIRECTION('center_axis',(0.,0.,-1.));
#5871=DIRECTION('ref_axis',(1.,0.,0.));
#5872=DIRECTION('center_axis',(0.,0.,1.));
#5873=DIRECTION('ref_axis',(0.707106781186547,-0.707106781186547,0.));
#5874=DIRECTION('center_axis',(0.,0.,-1.));
#5875=DIRECTION('ref_axis',(1.,0.,0.));
#5876=DIRECTION('',(0.,0.,-1.));
#5877=DIRECTION('center_axis',(0.,-1.,0.));
#5878=DIRECTION('ref_axis',(1.22464679914735E-16,0.,-1.));
#5879=DIRECTION('center_axis',(0.,1.,0.));
#5880=DIRECTION('ref_axis',(6.12323399573677E-17,0.,-1.));
#5881=DIRECTION('center_axis',(0.,1.,0.));
#5882=DIRECTION('ref_axis',(0.333333333333334,0.,0.942809041582063));
#5883=DIRECTION('',(0.,1.,0.));
#5884=DIRECTION('center_axis',(1.,0.,0.));
#5885=DIRECTION('ref_axis',(0.,0.,1.));
#5886=DIRECTION('',(0.,-1.,0.));
#5887=DIRECTION('center_axis',(-1.,0.,0.));
#5888=DIRECTION('ref_axis',(0.,0.,-1.));
#5889=DIRECTION('',(0.,-1.,0.));
#5890=DIRECTION('center_axis',(0.,1.,0.));
#5891=DIRECTION('ref_axis',(1.,0.,0.));
#5892=DIRECTION('center_axis',(0.,-1.,0.));
#5893=DIRECTION('ref_axis',(0.,0.,-1.));
#5894=DIRECTION('center_axis',(0.,-1.,0.));
#5895=DIRECTION('ref_axis',(1.,0.,0.));
#5896=DIRECTION('center_axis',(-1.,0.,-1.22464679914735E-16));
#5897=DIRECTION('ref_axis',(-1.22464679914735E-16,0.,1.));
#5898=DIRECTION('center_axis',(0.,1.,0.));
#5899=DIRECTION('ref_axis',(1.,0.,0.));
#5900=DIRECTION('center_axis',(0.,-1.,0.));
#5901=DIRECTION('ref_axis',(1.,0.,0.));
#5902=DIRECTION('center_axis',(0.,1.,0.));
#5903=DIRECTION('ref_axis',(1.,0.,0.));
#5904=DIRECTION('center_axis',(0.,1.,0.));
#5905=DIRECTION('ref_axis',(1.,0.,0.));
#5906=DIRECTION('',(0.,-1.,0.));
#5907=DIRECTION('center_axis',(0.,1.,0.));
#5908=DIRECTION('ref_axis',(1.,0.,0.));
#5909=DIRECTION('center_axis',(0.,1.,0.));
#5910=DIRECTION('ref_axis',(1.,0.,0.));
#5911=DIRECTION('',(0.,0.,-1.));
#5912=DIRECTION('center_axis',(0.,1.,0.));
#5913=DIRECTION('ref_axis',(0.916949300616178,0.,0.399003734443053));
#5914=DIRECTION('center_axis',(0.,-1.,0.));
#5915=DIRECTION('ref_axis',(-0.978983462704388,0.,-0.203939647325689));
#5916=DIRECTION('center_axis',(0.,-1.,0.));
#5917=DIRECTION('ref_axis',(3.82856869892695E-16,0.,1.));
#5918=DIRECTION('center_axis',(0.,-1.,0.));
#5919=DIRECTION('ref_axis',(0.978983462704388,0.,-0.203939647325689));
#5920=DIRECTION('center_axis',(0.,1.,0.));
#5921=DIRECTION('ref_axis',(-0.916949300616178,0.,0.399003734443053));
#5922=DIRECTION('',(0.,0.,1.));
#5923=DIRECTION('center_axis',(0.,-1.,0.));
#5924=DIRECTION('ref_axis',(6.12323399573677E-17,0.,-1.));
#5925=DIRECTION('center_axis',(0.,1.,0.));
#5926=DIRECTION('ref_axis',(0.,0.,1.));
#5927=DIRECTION('center_axis',(0.,-1.,0.));
#5928=DIRECTION('ref_axis',(1.,0.,0.));
#5929=DIRECTION('center_axis',(-1.,0.,1.22464679914735E-16));
#5930=DIRECTION('ref_axis',(-1.22464679914735E-16,0.,-1.));
#5931=DIRECTION('center_axis',(0.,1.,0.));
#5932=DIRECTION('ref_axis',(0.,0.,1.));
#5933=DIRECTION('center_axis',(0.,1.,0.));
#5934=DIRECTION('ref_axis',(1.,0.,0.));
#5935=DIRECTION('center_axis',(0.,1.,0.));
#5936=DIRECTION('ref_axis',(0.,0.,1.));
#5937=DIRECTION('center_axis',(-1.,0.,1.22464679914735E-16));
#5938=DIRECTION('ref_axis',(-1.22464679914735E-16,0.,-1.));
#5939=DIRECTION('center_axis',(0.,-1.,0.));
#5940=DIRECTION('ref_axis',(1.,0.,0.));
#5941=DIRECTION('center_axis',(0.,-1.,0.));
#5942=DIRECTION('ref_axis',(1.,0.,0.));
#5943=DIRECTION('center_axis',(0.,1.,0.));
#5944=DIRECTION('ref_axis',(1.,0.,0.));
#5945=DIRECTION('center_axis',(0.,1.,0.));
#5946=DIRECTION('ref_axis',(1.,0.,0.));
#5947=DIRECTION('',(0.,-1.,0.));
#5948=DIRECTION('center_axis',(0.,1.,0.));
#5949=DIRECTION('ref_axis',(0.,0.,1.));
#5950=DIRECTION('center_axis',(0.,0.,1.));
#5951=DIRECTION('ref_axis',(0.,-1.,0.));
#5952=DIRECTION('center_axis',(0.,1.,0.));
#5953=DIRECTION('ref_axis',(-0.916949300616178,0.,0.399003734443053));
#5954=DIRECTION('center_axis',(-0.731732390481602,0.,-0.681592039800995));
#5955=DIRECTION('ref_axis',(0.681592039800995,0.,-0.731732390481602));
#5956=DIRECTION('center_axis',(0.,-1.,0.));
#5957=DIRECTION('ref_axis',(-0.916949300616178,0.,0.399003734443053));
#5958=DIRECTION('center_axis',(0.,1.,0.));
#5959=DIRECTION('ref_axis',(0.,0.,1.));
#5960=DIRECTION('center_axis',(0.398700340967537,0.,-0.917081260364843));
#5961=DIRECTION('ref_axis',(0.917081260364843,0.,0.398700340967537));
#5962=DIRECTION('center_axis',(0.,1.,0.));
#5963=DIRECTION('ref_axis',(0.978983462704388,0.,-0.203939647325689));
#5964=DIRECTION('center_axis',(0.,-1.,0.));
#5965=DIRECTION('ref_axis',(0.978983462704388,0.,-0.203939647325689));
#5966=DIRECTION('center_axis',(0.,1.,0.));
#5967=DIRECTION('ref_axis',(0.,0.,1.));
#5968=DIRECTION('center_axis',(0.398700340967541,0.,0.917081260364841));
#5969=DIRECTION('ref_axis',(-0.917081260364841,0.,0.398700340967542));
#5970=DIRECTION('center_axis',(0.,1.,0.));
#5971=DIRECTION('ref_axis',(3.82856869892695E-16,0.,1.));
#5972=DIRECTION('center_axis',(0.,-1.,0.));
#5973=DIRECTION('ref_axis',(3.82856869892695E-16,0.,1.));
#5974=DIRECTION('center_axis',(0.,1.,0.));
#5975=DIRECTION('ref_axis',(0.,0.,1.));
#5976=DIRECTION('center_axis',(-0.731732390481604,0.,0.681592039800993));
#5977=DIRECTION('ref_axis',(-0.681592039800993,0.,-0.731732390481603));
#5978=DIRECTION('center_axis',(0.,1.,0.));
#5979=DIRECTION('ref_axis',(-0.978983462704388,0.,-0.203939647325689));
#5980=DIRECTION('center_axis',(0.,-1.,0.));
#5981=DIRECTION('ref_axis',(-0.978983462704388,0.,-0.203939647325689));
#5982=DIRECTION('center_axis',(0.,1.,0.));
#5983=DIRECTION('ref_axis',(0.,0.,1.));
#5984=DIRECTION('center_axis',(8.88178419700125E-16,0.,1.));
#5985=DIRECTION('ref_axis',(-1.,0.,8.88178419700125E-16));
#5986=DIRECTION('center_axis',(0.,-1.,0.));
#5987=DIRECTION('ref_axis',(0.916949300616178,0.,0.399003734443053));
#5988=DIRECTION('center_axis',(0.,1.,0.));
#5989=DIRECTION('ref_axis',(0.916949300616178,0.,0.399003734443053));
#5990=DIRECTION('center_axis',(0.,0.,1.));
#5991=DIRECTION('ref_axis',(-0.707106781186547,-0.707106781186547,0.));
#5992=DIRECTION('center_axis',(0.,0.,1.));
#5993=DIRECTION('ref_axis',(-1.,0.,0.));
#5994=DIRECTION('',(0.,0.,1.));
#5995=DIRECTION('',(0.,0.,-1.));
#5996=DIRECTION('center_axis',(0.,1.,0.));
#5997=DIRECTION('ref_axis',(1.22464679914735E-16,0.,-1.));
#5998=DIRECTION('center_axis',(0.,0.,-1.));
#5999=DIRECTION('ref_axis',(1.,0.,0.));
#6000=DIRECTION('center_axis',(0.,1.,0.));
#6001=DIRECTION('ref_axis',(6.12323399573677E-17,0.,-1.));
#6002=DIRECTION('center_axis',(0.,-1.,0.));
#6003=DIRECTION('ref_axis',(6.12323399573677E-17,0.,-1.));
#6004=DIRECTION('center_axis',(0.,0.,-1.));
#6005=DIRECTION('ref_axis',(0.707106781186547,-0.707106781186547,0.));
#6006=DIRECTION('',(0.,0.,1.));
#6007=DIRECTION('',(0.,0.,-1.));
#6008=DIRECTION('center_axis',(0.,1.,0.));
#6009=DIRECTION('ref_axis',(-0.978983462704388,0.,-0.203939647325689));
#6010=DIRECTION('',(0.,1.,0.));
#6011=DIRECTION('center_axis',(0.,1.,0.));
#6012=DIRECTION('ref_axis',(-0.978983462704388,0.,-0.203939647325689));
#6013=DIRECTION('',(0.,-1.,0.));
#6014=DIRECTION('center_axis',(0.,1.,0.));
#6015=DIRECTION('ref_axis',(-1.,0.,0.));
#6016=DIRECTION('',(0.,-1.,0.));
#6017=DIRECTION('center_axis',(0.,1.,0.));
#6018=DIRECTION('ref_axis',(3.82856869892695E-16,0.,1.));
#6019=DIRECTION('center_axis',(0.,1.,0.));
#6020=DIRECTION('ref_axis',(0.978983462704388,0.,-0.203939647325689));
#6021=DIRECTION('',(0.,1.,0.));
#6022=DIRECTION('center_axis',(0.,1.,0.));
#6023=DIRECTION('ref_axis',(0.978983462704388,0.,-0.203939647325689));
#6024=DIRECTION('center_axis',(0.,-1.,0.));
#6025=DIRECTION('ref_axis',(-0.333333333333333,0.,0.942809041582063));
#6026=DIRECTION('',(0.,1.,0.));
#6027=DIRECTION('center_axis',(0.,-1.,0.));
#6028=DIRECTION('ref_axis',(-0.916949300616178,0.,0.399003734443053));
#6029=DIRECTION('center_axis',(0.,1.,0.));
#6030=DIRECTION('ref_axis',(1.,0.,0.));
#6031=DIRECTION('center_axis',(0.,0.,1.));
#6032=DIRECTION('ref_axis',(-0.707106781186547,0.707106781186547,0.));
#6033=DIRECTION('center_axis',(0.,0.,1.));
#6034=DIRECTION('ref_axis',(0.,1.,0.));
#6035=DIRECTION('',(0.,0.,1.));
#6036=DIRECTION('center_axis',(0.,0.,-1.));
#6037=DIRECTION('ref_axis',(-1.,0.,0.));
#6038=DIRECTION('center_axis',(0.,1.,0.));
#6039=DIRECTION('ref_axis',(0.,0.,1.));
#6040=DIRECTION('center_axis',(0.7317323904816,0.,-0.681592039800997));
#6041=DIRECTION('ref_axis',(-0.681592039800996,0.,-0.7317323904816));
#6042=DIRECTION('center_axis',(0.,-1.,0.));
#6043=DIRECTION('ref_axis',(0.916949300616178,0.,0.399003734443053));
#6044=DIRECTION('center_axis',(0.,-1.,0.));
#6045=DIRECTION('ref_axis',(0.,0.,-1.));
#6046=DIRECTION('center_axis',(-0.39870034096754,0.,-0.917081260364842));
#6047=DIRECTION('ref_axis',(-0.917081260364842,0.,0.39870034096754));
#6048=DIRECTION('center_axis',(0.,1.,0.));
#6049=DIRECTION('ref_axis',(0.,0.,1.));
#6050=DIRECTION('center_axis',(-0.398700340967541,0.,0.917081260364841));
#6051=DIRECTION('ref_axis',(0.917081260364841,0.,0.398700340967542));
#6052=DIRECTION('center_axis',(0.,-1.,0.));
#6053=DIRECTION('ref_axis',(0.,0.,-1.));
#6054=DIRECTION('center_axis',(0.731732390481602,0.,0.681592039800994));
#6055=DIRECTION('ref_axis',(0.681592039800994,0.,-0.731732390481602));
#6056=DIRECTION('center_axis',(0.,1.,0.));
#6057=DIRECTION('ref_axis',(0.,0.,1.));
#6058=DIRECTION('center_axis',(0.,0.,1.));
#6059=DIRECTION('ref_axis',(1.,0.,0.));
#6060=DIRECTION('center_axis',(0.,0.,-1.));
#6061=DIRECTION('ref_axis',(0.707106781186547,0.707106781186547,0.));
#6062=DIRECTION('center_axis',(0.,0.,1.));
#6063=DIRECTION('ref_axis',(1.,0.,0.));
#6064=DIRECTION('',(0.,0.,-1.));
#6065=DIRECTION('center_axis',(0.,1.,0.));
#6066=DIRECTION('ref_axis',(-1.22464679914735E-16,0.,-1.));
#6067=DIRECTION('center_axis',(0.,1.,0.));
#6068=DIRECTION('ref_axis',(6.12323399573677E-17,0.,-1.));
#6069=DIRECTION('center_axis',(0.,1.,0.));
#6070=DIRECTION('ref_axis',(0.333333333333334,0.,0.942809041582063));
#6071=DIRECTION('',(0.,-1.,0.));
#6072=DIRECTION('center_axis',(-1.,0.,0.));
#6073=DIRECTION('ref_axis',(0.,0.,1.));
#6074=DIRECTION('',(0.,1.,0.));
#6075=DIRECTION('center_axis',(0.,1.,0.));
#6076=DIRECTION('ref_axis',(0.,0.,1.));
#6077=DIRECTION('center_axis',(1.,0.,0.));
#6078=DIRECTION('ref_axis',(0.,0.,-1.));
#6079=DIRECTION('',(0.,1.,0.));
#6080=DIRECTION('center_axis',(0.,1.,0.));
#6081=DIRECTION('ref_axis',(1.,0.,0.));
#6082=CARTESIAN_POINT('',(0.,0.,0.));
#6083=CARTESIAN_POINT('Origin',(0.,-435.,64.5));
#6084=CARTESIAN_POINT('',(-20.,-435.,64.5));
#6085=CARTESIAN_POINT('Origin',(0.,-435.,64.5));
#6086=CARTESIAN_POINT('Origin',(-7.89897185450043E-15,-110.,129.));
#6087=CARTESIAN_POINT('',(22.5,-95.,129.));
#6088=CARTESIAN_POINT('Origin',(-7.89897185450043E-15,-95.,129.));
#6089=CARTESIAN_POINT('',(22.5,-125.,129.));
#6090=CARTESIAN_POINT('',(22.5,-110.,129.));
#6091=CARTESIAN_POINT('Origin',(-7.89897185450043E-15,-125.,129.));
#6092=CARTESIAN_POINT('Origin',(0.,-146.5,64.5));
#6093=CARTESIAN_POINT('',(25.,-146.5,64.5));
#6094=CARTESIAN_POINT('',(6.12323399573677E-15,-146.5,39.5));
#6095=CARTESIAN_POINT('Origin',(0.,-146.5,64.5));
#6096=CARTESIAN_POINT('Origin',(0.,-146.5,64.5));
#6097=CARTESIAN_POINT('',(6.49062803548097E-15,-145.,38.));
#6098=CARTESIAN_POINT('Origin',(6.49062803548097E-15,-146.5,38.));
#6099=CARTESIAN_POINT('Origin',(0.,-145.,64.5));
#6100=CARTESIAN_POINT('Origin',(0.,-145.,64.5));
#6101=CARTESIAN_POINT('',(25.,-148.5,64.5));
#6102=CARTESIAN_POINT('',(0.,-148.5,89.5));
#6103=CARTESIAN_POINT('Origin',(0.,-148.5,64.5));
#6104=CARTESIAN_POINT('Origin',(0.,-148.5,64.5));
#6105=CARTESIAN_POINT('',(25.,-145.,64.5));
#6106=CARTESIAN_POINT('Origin',(-1.29537348041662E-14,-145.,97.75));
#6107=CARTESIAN_POINT('',(32.5,-145.,114.784271247462));
#6108=CARTESIAN_POINT('',(32.5,-145.,129.));
#6109=CARTESIAN_POINT('',(32.5,-145.,113.375));
#6110=CARTESIAN_POINT('',(-32.5,-145.,129.));
#6111=CARTESIAN_POINT('Origin',(-7.89897185450043E-15,-145.,129.));
#6112=CARTESIAN_POINT('',(-32.5,-145.,114.784271247462));
#6113=CARTESIAN_POINT('',(-32.5,-145.,92.125));
#6114=CARTESIAN_POINT('',(-42.8482587064677,-145.,91.0029685568099));
#6115=CARTESIAN_POINT('Origin',(-65.,-145.,114.784271247462));
#6116=CARTESIAN_POINT('',(-48.1467661691542,-145.,65.5682320992042));
#6117=CARTESIAN_POINT('Origin',(-27.5124378109453,-145.,74.5389897709738));
#6118=CARTESIAN_POINT('',(48.1467661691542,-145.,65.5682320992042));
#6119=CARTESIAN_POINT('Origin',(-2.69422295812418E-15,-145.,86.5));
#6120=CARTESIAN_POINT('',(42.8482587064676,-145.,91.0029685568099));
#6121=CARTESIAN_POINT('Origin',(27.5124378109453,-145.,74.5389897709738));
#6122=CARTESIAN_POINT('Origin',(65.,-145.,114.784271247462));
#6123=CARTESIAN_POINT('Origin',(0.,-148.5,64.5));
#6124=CARTESIAN_POINT('',(0.,-150.,88.));
#6125=CARTESIAN_POINT('Origin',(0.,-150.,64.5));
#6126=CARTESIAN_POINT('Origin',(0.,-148.5,88.));
#6127=CARTESIAN_POINT('Origin',(0.,-150.,64.5));
#6128=CARTESIAN_POINT('',(0.,-150.,86.));
#6129=CARTESIAN_POINT('Origin',(0.,-150.,64.5));
#6130=CARTESIAN_POINT('Origin',(0.,-151.5,64.5));
#6131=CARTESIAN_POINT('',(0.,-151.5,84.5));
#6132=CARTESIAN_POINT('Origin',(0.,-151.5,86.));
#6133=CARTESIAN_POINT('',(20.,-151.5,64.5));
#6134=CARTESIAN_POINT('Origin',(0.,-151.5,64.5));
#6135=CARTESIAN_POINT('Origin',(0.,-151.5,64.5));
#6136=CARTESIAN_POINT('Origin',(-65.,-127.5,114.784271247462));
#6137=CARTESIAN_POINT('',(-32.5,-125.,114.784271247462));
#6138=CARTESIAN_POINT('',(-35.,-127.5,114.784271247462));
#6139=CARTESIAN_POINT('Origin',(-32.5,-127.5,114.784271247462));
#6140=CARTESIAN_POINT('',(-42.8482587064677,-125.,91.0029685568098));
#6141=CARTESIAN_POINT('Origin',(-65.,-125.,114.784271247462));
#6142=CARTESIAN_POINT('',(-44.5522388059701,-127.5,92.8322995330139));
#6143=CARTESIAN_POINT('Origin',(-42.8482587064677,-127.5,91.0029685568098));
#6144=CARTESIAN_POINT('Origin',(-65.,-127.5,114.784271247462));
#6145=CARTESIAN_POINT('Origin',(-27.5124378109453,-127.5,74.5389897709738));
#6146=CARTESIAN_POINT('',(-50.4394693200663,-127.5,64.5714812467854));
#6147=CARTESIAN_POINT('',(-48.1467661691542,-125.,65.5682320992042));
#6148=CARTESIAN_POINT('Origin',(-48.1467661691542,-127.5,65.5682320992042));
#6149=CARTESIAN_POINT('Origin',(-27.5124378109453,-127.5,74.5389897709738));
#6150=CARTESIAN_POINT('Origin',(-27.5124378109453,-125.,74.5389897709738));
#6151=CARTESIAN_POINT('Origin',(-2.69422295812418E-15,-127.5,86.5));
#6152=CARTESIAN_POINT('',(50.4394693200663,-127.5,64.5714812467853));
#6153=CARTESIAN_POINT('',(48.1467661691542,-125.,65.5682320992042));
#6154=CARTESIAN_POINT('Origin',(48.1467661691542,-127.5,65.5682320992042));
#6155=CARTESIAN_POINT('Origin',(-2.69422295812418E-15,-127.5,86.5));
#6156=CARTESIAN_POINT('Origin',(-2.69422295812418E-15,-125.,86.5));
#6157=CARTESIAN_POINT('Origin',(27.5124378109453,-127.5,74.5389897709738));
#6158=CARTESIAN_POINT('',(44.5522388059701,-127.5,92.8322995330139));
#6159=CARTESIAN_POINT('',(42.8482587064677,-125.,91.0029685568098));
#6160=CARTESIAN_POINT('Origin',(42.8482587064677,-127.5,91.0029685568098));
#6161=CARTESIAN_POINT('Origin',(27.5124378109453,-127.5,74.5389897709738));
#6162=CARTESIAN_POINT('Origin',(27.5124378109453,-125.,74.5389897709738));
#6163=CARTESIAN_POINT('Origin',(65.,-127.5,114.784271247462));
#6164=CARTESIAN_POINT('',(35.,-127.5,114.784271247462));
#6165=CARTESIAN_POINT('',(32.5,-125.,114.784271247462));
#6166=CARTESIAN_POINT('Origin',(32.5,-127.5,114.784271247462));
#6167=CARTESIAN_POINT('Origin',(65.,-127.5,114.784271247462));
#6168=CARTESIAN_POINT('Origin',(65.,-125.,114.784271247462));
#6169=CARTESIAN_POINT('Origin',(32.5,-127.5,113.375));
#6170=CARTESIAN_POINT('',(35.,-127.5,129.));
#6171=CARTESIAN_POINT('',(32.5,-125.,129.));
#6172=CARTESIAN_POINT('Origin',(32.5,-127.5,129.));
#6173=CARTESIAN_POINT('',(35.,-127.5,113.375));
#6174=CARTESIAN_POINT('',(32.5,-125.,113.375));
#6175=CARTESIAN_POINT('Origin',(-7.89897185450043E-15,-127.5,129.));
#6176=CARTESIAN_POINT('',(-35.,-127.5,129.));
#6177=CARTESIAN_POINT('',(-32.5,-125.,129.));
#6178=CARTESIAN_POINT('Origin',(-32.5,-127.5,129.));
#6179=CARTESIAN_POINT('Origin',(-7.89897185450043E-15,-127.5,129.));
#6180=CARTESIAN_POINT('Origin',(-7.89897185450043E-15,-125.,129.));
#6181=CARTESIAN_POINT('Origin',(-32.5,-127.5,92.125));
#6182=CARTESIAN_POINT('',(-32.5,-125.,92.125));
#6183=CARTESIAN_POINT('',(-35.,-127.5,92.125));
#6184=CARTESIAN_POINT('Origin',(27.5124378109453,-125.,74.5389897709738));
#6185=CARTESIAN_POINT('',(44.5522388059701,-142.5,92.8322995330139));
#6186=CARTESIAN_POINT('',(44.5522388059701,-125.,92.8322995330139));
#6187=CARTESIAN_POINT('',(50.4394693200663,-142.5,64.5714812467853));
#6188=CARTESIAN_POINT('Origin',(27.5124378109453,-142.5,74.5389897709738));
#6189=CARTESIAN_POINT('',(50.4394693200663,-125.,64.5714812467853));
#6190=CARTESIAN_POINT('Origin',(-2.69422295812418E-15,-125.,86.5));
#6191=CARTESIAN_POINT('',(-50.4394693200663,-142.5,64.5714812467854));
#6192=CARTESIAN_POINT('Origin',(-2.69422295812418E-15,-142.5,86.5));
#6193=CARTESIAN_POINT('',(-50.4394693200663,-125.,64.5714812467854));
#6194=CARTESIAN_POINT('Origin',(-27.5124378109453,-125.,74.5389897709738));
#6195=CARTESIAN_POINT('',(-44.5522388059701,-142.5,92.8322995330139));
#6196=CARTESIAN_POINT('Origin',(-27.5124378109453,-142.5,74.5389897709738));
#6197=CARTESIAN_POINT('',(-44.5522388059701,-125.,92.8322995330139));
#6198=CARTESIAN_POINT('Origin',(-65.,-125.,114.784271247462));
#6199=CARTESIAN_POINT('',(-35.,-142.5,114.784271247462));
#6200=CARTESIAN_POINT('Origin',(-65.,-142.5,114.784271247462));
#6201=CARTESIAN_POINT('',(-35.,-125.,114.784271247462));
#6202=CARTESIAN_POINT('Origin',(-1.29537348041662E-14,-125.,97.75));
#6203=CARTESIAN_POINT('Origin',(32.5,-142.5,113.375));
#6204=CARTESIAN_POINT('',(35.,-142.5,129.));
#6205=CARTESIAN_POINT('Origin',(32.5,-142.5,129.));
#6206=CARTESIAN_POINT('',(35.,-142.5,114.784271247462));
#6207=CARTESIAN_POINT('Origin',(32.5,-142.5,114.784271247462));
#6208=CARTESIAN_POINT('',(35.,-142.5,113.375));
#6209=CARTESIAN_POINT('Origin',(65.,-142.5,114.784271247462));
#6210=CARTESIAN_POINT('Origin',(42.8482587064676,-142.5,91.0029685568099));
#6211=CARTESIAN_POINT('Origin',(65.,-142.5,114.784271247462));
#6212=CARTESIAN_POINT('Origin',(27.5124378109453,-142.5,74.5389897709738));
#6213=CARTESIAN_POINT('Origin',(48.1467661691542,-142.5,65.5682320992042));
#6214=CARTESIAN_POINT('Origin',(-2.69422295812418E-15,-142.5,86.5));
#6215=CARTESIAN_POINT('Origin',(-48.1467661691542,-142.5,65.5682320992042));
#6216=CARTESIAN_POINT('Origin',(-27.5124378109453,-142.5,74.5389897709738));
#6217=CARTESIAN_POINT('Origin',(-42.8482587064677,-142.5,91.0029685568099));
#6218=CARTESIAN_POINT('Origin',(-65.,-142.5,114.784271247462));
#6219=CARTESIAN_POINT('Origin',(-32.5,-142.5,114.784271247462));
#6220=CARTESIAN_POINT('Origin',(-32.5,-142.5,92.125));
#6221=CARTESIAN_POINT('',(-35.,-142.5,129.));
#6222=CARTESIAN_POINT('Origin',(-32.5,-142.5,129.));
#6223=CARTESIAN_POINT('',(-35.,-142.5,92.125));
#6224=CARTESIAN_POINT('Origin',(-7.89897185450043E-15,-142.5,129.));
#6225=CARTESIAN_POINT('Origin',(-7.89897185450043E-15,-142.5,129.));
#6226=CARTESIAN_POINT('Origin',(65.,-125.,114.784271247462));
#6227=CARTESIAN_POINT('',(35.,-125.,114.784271247462));
#6228=CARTESIAN_POINT('Origin',(35.,-125.,129.));
#6229=CARTESIAN_POINT('',(35.,-125.,129.));
#6230=CARTESIAN_POINT('Origin',(-35.,-125.,86.5));
#6231=CARTESIAN_POINT('',(-35.,-125.,129.));
#6232=CARTESIAN_POINT('Origin',(-7.89897185450043E-15,-125.,129.));
#6233=CARTESIAN_POINT('Origin',(0.,-73.5,64.5));
#6234=CARTESIAN_POINT('',(25.,-73.5,64.5));
#6235=CARTESIAN_POINT('',(6.12323399573677E-15,-73.5,39.5));
#6236=CARTESIAN_POINT('Origin',(0.,-73.5,64.5));
#6237=CARTESIAN_POINT('',(6.49062803548097E-15,-75.,38.));
#6238=CARTESIAN_POINT('Origin',(6.49062803548097E-15,-73.5,38.));
#6239=CARTESIAN_POINT('Origin',(0.,-75.,64.5));
#6240=CARTESIAN_POINT('Origin',(0.,-73.5,64.5));
#6241=CARTESIAN_POINT('Origin',(0.,-75.,64.5));
#6242=CARTESIAN_POINT('',(25.,-71.5,64.5));
#6243=CARTESIAN_POINT('',(0.,-71.5,89.5));
#6244=CARTESIAN_POINT('Origin',(0.,-71.5,64.5));
#6245=CARTESIAN_POINT('',(25.,-75.,64.5));
#6246=CARTESIAN_POINT('Origin',(0.,-71.5,64.5));
#6247=CARTESIAN_POINT('Origin',(-1.29537348041662E-14,-75.,97.75));
#6248=CARTESIAN_POINT('',(32.5,-75.,114.784271247462));
#6249=CARTESIAN_POINT('',(32.5,-75.,129.));
#6250=CARTESIAN_POINT('',(32.5,-75.,113.375));
#6251=CARTESIAN_POINT('',(42.8482587064676,-75.,91.0029685568099));
#6252=CARTESIAN_POINT('Origin',(65.,-75.,114.784271247462));
#6253=CARTESIAN_POINT('',(48.1467661691542,-75.,65.5682320992042));
#6254=CARTESIAN_POINT('Origin',(27.5124378109453,-75.,74.5389897709738));
#6255=CARTESIAN_POINT('',(-48.1467661691542,-75.,65.5682320992042));
#6256=CARTESIAN_POINT('Origin',(-2.69422295812418E-15,-75.,86.5));
#6257=CARTESIAN_POINT('',(-42.8482587064677,-75.,91.0029685568099));
#6258=CARTESIAN_POINT('Origin',(-27.5124378109453,-75.,74.5389897709738));
#6259=CARTESIAN_POINT('',(-32.5,-75.,114.784271247462));
#6260=CARTESIAN_POINT('Origin',(-65.,-75.,114.784271247462));
#6261=CARTESIAN_POINT('',(-32.5,-75.,129.));
#6262=CARTESIAN_POINT('',(-32.5,-75.,92.125));
#6263=CARTESIAN_POINT('Origin',(-7.89897185450043E-15,-75.,129.));
#6264=CARTESIAN_POINT('Origin',(0.,-71.5,64.5));
#6265=CARTESIAN_POINT('',(0.,-70.,88.));
#6266=CARTESIAN_POINT('Origin',(0.,-70.,64.5));
#6267=CARTESIAN_POINT('Origin',(0.,-71.5,88.));
#6268=CARTESIAN_POINT('Origin',(0.,-70.,64.5));
#6269=CARTESIAN_POINT('',(0.,-70.,86.));
#6270=CARTESIAN_POINT('Origin',(0.,-70.,64.5));
#6271=CARTESIAN_POINT('Origin',(0.,-68.5,64.5));
#6272=CARTESIAN_POINT('',(0.,-68.5,84.5));
#6273=CARTESIAN_POINT('Origin',(0.,-68.5,86.));
#6274=CARTESIAN_POINT('',(-20.,-68.5,64.5));
#6275=CARTESIAN_POINT('Origin',(0.,-68.5,64.5));
#6276=CARTESIAN_POINT('Origin',(0.,-68.5,64.5));
#6277=CARTESIAN_POINT('Origin',(-65.,-92.5,114.784271247462));
#6278=CARTESIAN_POINT('',(-32.5,-95.,114.784271247462));
#6279=CARTESIAN_POINT('',(-35.,-92.5,114.784271247462));
#6280=CARTESIAN_POINT('Origin',(-32.5,-92.5,114.784271247462));
#6281=CARTESIAN_POINT('',(-44.5522388059701,-92.5,92.8322995330139));
#6282=CARTESIAN_POINT('Origin',(-65.,-92.5,114.784271247462));
#6283=CARTESIAN_POINT('',(-42.8482587064677,-95.,91.0029685568098));
#6284=CARTESIAN_POINT('Origin',(-42.8482587064677,-92.5,91.0029685568098));
#6285=CARTESIAN_POINT('Origin',(-65.,-95.,114.784271247462));
#6286=CARTESIAN_POINT('Origin',(-27.5124378109453,-92.5,74.5389897709738));
#6287=CARTESIAN_POINT('',(-50.4394693200663,-92.5,64.5714812467854));
#6288=CARTESIAN_POINT('',(-48.1467661691542,-95.,65.5682320992042));
#6289=CARTESIAN_POINT('Origin',(-48.1467661691542,-92.5,65.5682320992042));
#6290=CARTESIAN_POINT('Origin',(-27.5124378109453,-95.,74.5389897709738));
#6291=CARTESIAN_POINT('Origin',(-27.5124378109453,-92.5,74.5389897709738));
#6292=CARTESIAN_POINT('Origin',(-2.69422295812418E-15,-92.5,86.5));
#6293=CARTESIAN_POINT('',(50.4394693200663,-92.5,64.5714812467853));
#6294=CARTESIAN_POINT('',(48.1467661691542,-95.,65.5682320992042));
#6295=CARTESIAN_POINT('Origin',(48.1467661691542,-92.5,65.5682320992042));
#6296=CARTESIAN_POINT('Origin',(-2.69422295812418E-15,-95.,86.5));
#6297=CARTESIAN_POINT('Origin',(-2.69422295812418E-15,-92.5,86.5));
#6298=CARTESIAN_POINT('Origin',(27.5124378109453,-92.5,74.5389897709738));
#6299=CARTESIAN_POINT('',(44.5522388059701,-92.5,92.8322995330139));
#6300=CARTESIAN_POINT('',(42.8482587064677,-95.,91.0029685568098));
#6301=CARTESIAN_POINT('Origin',(42.8482587064677,-92.5,91.0029685568098));
#6302=CARTESIAN_POINT('Origin',(27.5124378109453,-95.,74.5389897709738));
#6303=CARTESIAN_POINT('Origin',(27.5124378109453,-92.5,74.5389897709738));
#6304=CARTESIAN_POINT('Origin',(65.,-92.5,114.784271247462));
#6305=CARTESIAN_POINT('',(35.,-92.5,114.784271247462));
#6306=CARTESIAN_POINT('',(32.5,-95.,114.784271247462));
#6307=CARTESIAN_POINT('Origin',(32.5,-92.5,114.784271247462));
#6308=CARTESIAN_POINT('Origin',(65.,-95.,114.784271247462));
#6309=CARTESIAN_POINT('Origin',(65.,-92.5,114.784271247462));
#6310=CARTESIAN_POINT('Origin',(32.5,-92.5,113.375));
#6311=CARTESIAN_POINT('',(35.,-92.5,129.));
#6312=CARTESIAN_POINT('',(32.5,-95.,129.));
#6313=CARTESIAN_POINT('Origin',(32.5,-92.5,129.));
#6314=CARTESIAN_POINT('',(32.5,-95.,113.375));
#6315=CARTESIAN_POINT('',(35.,-92.5,113.375));
#6316=CARTESIAN_POINT('Origin',(-7.89897185450043E-15,-92.5,129.));
#6317=CARTESIAN_POINT('',(-35.,-92.5,129.));
#6318=CARTESIAN_POINT('',(-32.5,-95.,129.));
#6319=CARTESIAN_POINT('Origin',(-32.5,-92.5,129.));
#6320=CARTESIAN_POINT('Origin',(-7.89897185450043E-15,-95.,129.));
#6321=CARTESIAN_POINT('Origin',(-7.89897185450043E-15,-92.5,129.));
#6322=CARTESIAN_POINT('Origin',(-32.5,-92.5,92.125));
#6323=CARTESIAN_POINT('',(-35.,-92.5,92.125));
#6324=CARTESIAN_POINT('',(-32.5,-95.,92.125));
#6325=CARTESIAN_POINT('Origin',(27.5124378109453,-95.,74.5389897709738));
#6326=CARTESIAN_POINT('',(50.4394693200663,-77.5,64.5714812467853));
#6327=CARTESIAN_POINT('',(50.4394693200663,-95.,64.5714812467853));
#6328=CARTESIAN_POINT('',(44.5522388059701,-77.5,92.8322995330139));
#6329=CARTESIAN_POINT('Origin',(27.5124378109453,-77.5,74.5389897709738));
#6330=CARTESIAN_POINT('',(44.5522388059701,-95.,92.8322995330139));
#6331=CARTESIAN_POINT('Origin',(-2.69422295812418E-15,-95.,86.5));
#6332=CARTESIAN_POINT('',(-50.4394693200663,-77.5,64.5714812467854));
#6333=CARTESIAN_POINT('',(-50.4394693200663,-95.,64.5714812467854));
#6334=CARTESIAN_POINT('Origin',(-2.69422295812418E-15,-77.5,86.5));
#6335=CARTESIAN_POINT('Origin',(-27.5124378109453,-95.,74.5389897709738));
#6336=CARTESIAN_POINT('',(-44.5522388059701,-77.5,92.8322995330139));
#6337=CARTESIAN_POINT('',(-44.5522388059701,-95.,92.8322995330139));
#6338=CARTESIAN_POINT('Origin',(-27.5124378109453,-77.5,74.5389897709738));
#6339=CARTESIAN_POINT('Origin',(-65.,-95.,114.784271247462));
#6340=CARTESIAN_POINT('',(-35.,-77.5,114.784271247462));
#6341=CARTESIAN_POINT('',(-35.,-95.,114.784271247462));
#6342=CARTESIAN_POINT('Origin',(-65.,-77.5,114.784271247462));
#6343=CARTESIAN_POINT('Origin',(-1.29537348041662E-14,-95.,97.75));
#6344=CARTESIAN_POINT('Origin',(32.5,-77.5,113.375));
#6345=CARTESIAN_POINT('',(35.,-77.5,129.));
#6346=CARTESIAN_POINT('Origin',(32.5,-77.5,129.));
#6347=CARTESIAN_POINT('',(35.,-77.5,114.784271247462));
#6348=CARTESIAN_POINT('',(35.,-77.5,113.375));
#6349=CARTESIAN_POINT('Origin',(32.5,-77.5,114.784271247462));
#6350=CARTESIAN_POINT('Origin',(65.,-77.5,114.784271247462));
#6351=CARTESIAN_POINT('Origin',(42.8482587064676,-77.5,91.0029685568099));
#6352=CARTESIAN_POINT('Origin',(65.,-77.5,114.784271247462));
#6353=CARTESIAN_POINT('Origin',(27.5124378109453,-77.5,74.5389897709738));
#6354=CARTESIAN_POINT('Origin',(48.1467661691542,-77.5,65.5682320992042));
#6355=CARTESIAN_POINT('Origin',(-2.69422295812418E-15,-77.5,86.5));
#6356=CARTESIAN_POINT('Origin',(-48.1467661691542,-77.5,65.5682320992042));
#6357=CARTESIAN_POINT('Origin',(-27.5124378109453,-77.5,74.5389897709738));
#6358=CARTESIAN_POINT('Origin',(-42.8482587064677,-77.5,91.0029685568099));
#6359=CARTESIAN_POINT('Origin',(-65.,-77.5,114.784271247462));
#6360=CARTESIAN_POINT('Origin',(-32.5,-77.5,114.784271247462));
#6361=CARTESIAN_POINT('Origin',(-32.5,-77.5,92.125));
#6362=CARTESIAN_POINT('',(-35.,-77.5,129.));
#6363=CARTESIAN_POINT('Origin',(-32.5,-77.5,129.));
#6364=CARTESIAN_POINT('',(-35.,-77.5,92.125));
#6365=CARTESIAN_POINT('Origin',(-7.89897185450043E-15,-77.5,129.));
#6366=CARTESIAN_POINT('Origin',(-7.89897185450043E-15,-77.5,129.));
#6367=CARTESIAN_POINT('Origin',(65.,-95.,114.784271247462));
#6368=CARTESIAN_POINT('',(35.,-95.,114.784271247462));
#6369=CARTESIAN_POINT('Origin',(35.,-95.,129.));
#6370=CARTESIAN_POINT('',(35.,-95.,129.));
#6371=CARTESIAN_POINT('Origin',(-35.,-95.,86.5));
#6372=CARTESIAN_POINT('',(-35.,-95.,129.));
#6373=CARTESIAN_POINT('Origin',(-7.89897185450043E-15,-95.,129.));
#6374=CARTESIAN_POINT('Origin',(0.,-330.,0.));
#6375=CARTESIAN_POINT('',(-22.5,-315.,2.75545529808154E-15));
#6376=CARTESIAN_POINT('Origin',(0.,-315.,0.));
#6377=CARTESIAN_POINT('',(-22.5,-345.,2.75545529808154E-15));
#6378=CARTESIAN_POINT('',(-22.5,-330.,2.75545529808154E-15));
#6379=CARTESIAN_POINT('Origin',(0.,-345.,0.));
#6380=CARTESIAN_POINT('Origin',(0.,-366.5,64.5));
#6381=CARTESIAN_POINT('',(-25.,-366.5,64.5));
#6382=CARTESIAN_POINT('',(-3.06161699786838E-15,-366.5,89.5));
#6383=CARTESIAN_POINT('Origin',(0.,-366.5,64.5));
#6384=CARTESIAN_POINT('Origin',(0.,-366.5,64.5));
#6385=CARTESIAN_POINT('',(-3.24531401774049E-15,-365.,91.));
#6386=CARTESIAN_POINT('Origin',(-3.24531401774049E-15,-366.5,91.));
#6387=CARTESIAN_POINT('Origin',(0.,-365.,64.5));
#6388=CARTESIAN_POINT('Origin',(0.,-365.,64.5));
#6389=CARTESIAN_POINT('',(-25.,-368.5,64.5));
#6390=CARTESIAN_POINT('',(-3.06161699786838E-15,-368.5,39.5));
#6391=CARTESIAN_POINT('Origin',(0.,-368.5,64.5));
#6392=CARTESIAN_POINT('Origin',(0.,-368.5,64.5));
#6393=CARTESIAN_POINT('',(-25.,-365.,64.5));
#6394=CARTESIAN_POINT('Origin',(8.88178419700125E-15,-365.,31.25));
#6395=CARTESIAN_POINT('',(-32.5,-365.,14.2157287525381));
#6396=CARTESIAN_POINT('',(-32.5,-365.,0.));
#6397=CARTESIAN_POINT('',(-32.5,-365.,15.625));
#6398=CARTESIAN_POINT('',(32.5,-365.,0.));
#6399=CARTESIAN_POINT('Origin',(0.,-365.,0.));
#6400=CARTESIAN_POINT('',(32.5,-365.,14.2157287525381));
#6401=CARTESIAN_POINT('',(32.5,-365.,36.875));
#6402=CARTESIAN_POINT('',(42.8482587064677,-365.,37.9970314431901));
#6403=CARTESIAN_POINT('Origin',(65.,-365.,14.2157287525381));
#6404=CARTESIAN_POINT('',(48.1467661691542,-365.,63.4317679007958));
#6405=CARTESIAN_POINT('Origin',(27.5124378109453,-365.,54.4610102290262));
#6406=CARTESIAN_POINT('',(-48.1467661691542,-365.,63.4317679007958));
#6407=CARTESIAN_POINT('Origin',(0.,-365.,42.5));
#6408=CARTESIAN_POINT('',(-42.8482587064676,-365.,37.9970314431901));
#6409=CARTESIAN_POINT('Origin',(-27.5124378109453,-365.,54.4610102290262));
#6410=CARTESIAN_POINT('Origin',(-65.,-365.,14.2157287525381));
#6411=CARTESIAN_POINT('Origin',(0.,-368.5,64.5));
#6412=CARTESIAN_POINT('',(-2.87791997799628E-15,-370.,41.));
#6413=CARTESIAN_POINT('Origin',(0.,-370.,64.5));
#6414=CARTESIAN_POINT('Origin',(-2.87791997799628E-15,-368.5,41.));
#6415=CARTESIAN_POINT('Origin',(0.,-370.,64.5));
#6416=CARTESIAN_POINT('',(-2.63299061816681E-15,-370.,43.));
#6417=CARTESIAN_POINT('Origin',(0.,-370.,64.5));
#6418=CARTESIAN_POINT('Origin',(0.,-371.5,64.5));
#6419=CARTESIAN_POINT('',(-2.44929359829471E-15,-371.5,44.5));
#6420=CARTESIAN_POINT('Origin',(-2.63299061816681E-15,-371.5,43.));
#6421=CARTESIAN_POINT('',(-20.,-371.5,64.5));
#6422=CARTESIAN_POINT('Origin',(0.,-371.5,64.5));
#6423=CARTESIAN_POINT('Origin',(0.,-371.5,64.5));
#6424=CARTESIAN_POINT('Origin',(0.,-365.,64.5));
#6425=CARTESIAN_POINT('',(-20.,-365.,64.5));
#6426=CARTESIAN_POINT('Origin',(65.,-347.5,14.2157287525381));
#6427=CARTESIAN_POINT('',(32.5,-345.,14.2157287525381));
#6428=CARTESIAN_POINT('',(35.,-347.5,14.2157287525381));
#6429=CARTESIAN_POINT('Origin',(32.5,-347.5,14.2157287525381));
#6430=CARTESIAN_POINT('',(42.8482587064677,-345.,37.9970314431901));
#6431=CARTESIAN_POINT('Origin',(65.,-345.,14.2157287525381));
#6432=CARTESIAN_POINT('',(44.5522388059701,-347.5,36.1677004669861));
#6433=CARTESIAN_POINT('Origin',(42.8482587064677,-347.5,37.9970314431901));
#6434=CARTESIAN_POINT('Origin',(65.,-347.5,14.2157287525381));
#6435=CARTESIAN_POINT('Origin',(27.5124378109453,-347.5,54.4610102290262));
#6436=CARTESIAN_POINT('',(50.4394693200663,-347.5,64.4285187532146));
#6437=CARTESIAN_POINT('',(48.1467661691542,-345.,63.4317679007958));
#6438=CARTESIAN_POINT('Origin',(48.1467661691542,-347.5,63.4317679007958));
#6439=CARTESIAN_POINT('Origin',(27.5124378109453,-347.5,54.4610102290262));
#6440=CARTESIAN_POINT('Origin',(27.5124378109453,-345.,54.4610102290262));
#6441=CARTESIAN_POINT('Origin',(0.,-347.5,42.5));
#6442=CARTESIAN_POINT('',(-50.4394693200663,-347.5,64.4285187532146));
#6443=CARTESIAN_POINT('',(-48.1467661691542,-345.,63.4317679007958));
#6444=CARTESIAN_POINT('Origin',(-48.1467661691542,-347.5,63.4317679007958));
#6445=CARTESIAN_POINT('Origin',(0.,-347.5,42.5));
#6446=CARTESIAN_POINT('Origin',(0.,-345.,42.5));
#6447=CARTESIAN_POINT('Origin',(-27.5124378109453,-347.5,54.4610102290262));
#6448=CARTESIAN_POINT('',(-44.5522388059701,-347.5,36.1677004669861));
#6449=CARTESIAN_POINT('',(-42.8482587064677,-345.,37.9970314431901));
#6450=CARTESIAN_POINT('Origin',(-42.8482587064677,-347.5,37.9970314431901));
#6451=CARTESIAN_POINT('Origin',(-27.5124378109453,-347.5,54.4610102290262));
#6452=CARTESIAN_POINT('Origin',(-27.5124378109453,-345.,54.4610102290262));
#6453=CARTESIAN_POINT('Origin',(-65.,-347.5,14.2157287525381));
#6454=CARTESIAN_POINT('',(-35.,-347.5,14.2157287525381));
#6455=CARTESIAN_POINT('',(-32.5,-345.,14.2157287525381));
#6456=CARTESIAN_POINT('Origin',(-32.5,-347.5,14.2157287525381));
#6457=CARTESIAN_POINT('Origin',(-65.,-347.5,14.2157287525381));
#6458=CARTESIAN_POINT('Origin',(-65.,-345.,14.2157287525381));
#6459=CARTESIAN_POINT('Origin',(-32.5,-347.5,15.625));
#6460=CARTESIAN_POINT('',(-35.,-347.5,0.));
#6461=CARTESIAN_POINT('',(-32.5,-345.,0.));
#6462=CARTESIAN_POINT('Origin',(-32.5,-347.5,0.));
#6463=CARTESIAN_POINT('',(-35.,-347.5,15.625));
#6464=CARTESIAN_POINT('',(-32.5,-345.,15.625));
#6465=CARTESIAN_POINT('Origin',(0.,-347.5,0.));
#6466=CARTESIAN_POINT('',(35.,-347.5,0.));
#6467=CARTESIAN_POINT('',(32.5,-345.,0.));
#6468=CARTESIAN_POINT('Origin',(32.5,-347.5,0.));
#6469=CARTESIAN_POINT('Origin',(0.,-347.5,0.));
#6470=CARTESIAN_POINT('Origin',(0.,-345.,0.));
#6471=CARTESIAN_POINT('Origin',(32.5,-347.5,36.875));
#6472=CARTESIAN_POINT('',(32.5,-345.,36.875));
#6473=CARTESIAN_POINT('',(35.,-347.5,36.875));
#6474=CARTESIAN_POINT('Origin',(-27.5124378109453,-345.,54.4610102290262));
#6475=CARTESIAN_POINT('',(-44.5522388059701,-362.5,36.1677004669861));
#6476=CARTESIAN_POINT('',(-44.5522388059701,-345.,36.1677004669861));
#6477=CARTESIAN_POINT('',(-50.4394693200663,-362.5,64.4285187532146));
#6478=CARTESIAN_POINT('Origin',(-27.5124378109453,-362.5,54.4610102290262));
#6479=CARTESIAN_POINT('',(-50.4394693200663,-345.,64.4285187532146));
#6480=CARTESIAN_POINT('Origin',(0.,-345.,42.5));
#6481=CARTESIAN_POINT('',(50.4394693200663,-362.5,64.4285187532146));
#6482=CARTESIAN_POINT('Origin',(0.,-362.5,42.5));
#6483=CARTESIAN_POINT('',(50.4394693200663,-345.,64.4285187532146));
#6484=CARTESIAN_POINT('Origin',(27.5124378109453,-345.,54.4610102290262));
#6485=CARTESIAN_POINT('',(44.5522388059701,-362.5,36.1677004669861));
#6486=CARTESIAN_POINT('Origin',(27.5124378109453,-362.5,54.4610102290262));
#6487=CARTESIAN_POINT('',(44.5522388059701,-345.,36.1677004669861));
#6488=CARTESIAN_POINT('Origin',(65.,-345.,14.2157287525381));
#6489=CARTESIAN_POINT('',(35.,-362.5,14.2157287525381));
#6490=CARTESIAN_POINT('Origin',(65.,-362.5,14.2157287525381));
#6491=CARTESIAN_POINT('',(35.,-345.,14.2157287525381));
#6492=CARTESIAN_POINT('Origin',(8.88178419700125E-15,-345.,31.25));
#6493=CARTESIAN_POINT('Origin',(-32.5,-362.5,15.625));
#6494=CARTESIAN_POINT('',(-35.,-362.5,0.));
#6495=CARTESIAN_POINT('Origin',(-32.5,-362.5,0.));
#6496=CARTESIAN_POINT('',(-35.,-362.5,14.2157287525381));
#6497=CARTESIAN_POINT('Origin',(-32.5,-362.5,14.2157287525381));
#6498=CARTESIAN_POINT('',(-35.,-362.5,15.625));
#6499=CARTESIAN_POINT('Origin',(-65.,-362.5,14.2157287525381));
#6500=CARTESIAN_POINT('Origin',(-42.8482587064676,-362.5,37.9970314431901));
#6501=CARTESIAN_POINT('Origin',(-65.,-362.5,14.2157287525381));
#6502=CARTESIAN_POINT('Origin',(-27.5124378109453,-362.5,54.4610102290262));
#6503=CARTESIAN_POINT('Origin',(-48.1467661691542,-362.5,63.4317679007958));
#6504=CARTESIAN_POINT('Origin',(0.,-362.5,42.5));
#6505=CARTESIAN_POINT('Origin',(48.1467661691542,-362.5,63.4317679007958));
#6506=CARTESIAN_POINT('Origin',(27.5124378109453,-362.5,54.4610102290262));
#6507=CARTESIAN_POINT('Origin',(42.8482587064677,-362.5,37.9970314431901));
#6508=CARTESIAN_POINT('Origin',(65.,-362.5,14.2157287525381));
#6509=CARTESIAN_POINT('Origin',(32.5,-362.5,14.2157287525381));
#6510=CARTESIAN_POINT('Origin',(32.5,-362.5,36.875));
#6511=CARTESIAN_POINT('',(35.,-362.5,0.));
#6512=CARTESIAN_POINT('Origin',(32.5,-362.5,0.));
#6513=CARTESIAN_POINT('',(35.,-362.5,36.875));
#6514=CARTESIAN_POINT('Origin',(0.,-362.5,0.));
#6515=CARTESIAN_POINT('Origin',(0.,-362.5,0.));
#6516=CARTESIAN_POINT('Origin',(-65.,-345.,14.2157287525381));
#6517=CARTESIAN_POINT('',(-35.,-345.,14.2157287525381));
#6518=CARTESIAN_POINT('Origin',(-35.,-345.,0.));
#6519=CARTESIAN_POINT('',(-35.,-345.,0.));
#6520=CARTESIAN_POINT('Origin',(35.,-345.,42.5));
#6521=CARTESIAN_POINT('',(35.,-345.,0.));
#6522=CARTESIAN_POINT('Origin',(0.,-345.,0.));
#6523=CARTESIAN_POINT('Origin',(0.,-293.5,64.5));
#6524=CARTESIAN_POINT('',(-25.,-293.5,64.5));
#6525=CARTESIAN_POINT('',(-3.06161699786838E-15,-293.5,89.5));
#6526=CARTESIAN_POINT('Origin',(0.,-293.5,64.5));
#6527=CARTESIAN_POINT('',(-3.24531401774049E-15,-295.,91.));
#6528=CARTESIAN_POINT('Origin',(-3.24531401774049E-15,-293.5,91.));
#6529=CARTESIAN_POINT('Origin',(0.,-295.,64.5));
#6530=CARTESIAN_POINT('Origin',(0.,-293.5,64.5));
#6531=CARTESIAN_POINT('Origin',(0.,-295.,64.5));
#6532=CARTESIAN_POINT('',(-25.,-291.5,64.5));
#6533=CARTESIAN_POINT('',(-3.06161699786838E-15,-291.5,39.5));
#6534=CARTESIAN_POINT('Origin',(0.,-291.5,64.5));
#6535=CARTESIAN_POINT('',(-25.,-295.,64.5));
#6536=CARTESIAN_POINT('Origin',(0.,-291.5,64.5));
#6537=CARTESIAN_POINT('Origin',(8.88178419700125E-15,-295.,31.25));
#6538=CARTESIAN_POINT('',(-32.5,-295.,14.2157287525381));
#6539=CARTESIAN_POINT('',(-32.5,-295.,0.));
#6540=CARTESIAN_POINT('',(-32.5,-295.,15.625));
#6541=CARTESIAN_POINT('',(-42.8482587064676,-295.,37.9970314431901));
#6542=CARTESIAN_POINT('Origin',(-65.,-295.,14.2157287525381));
#6543=CARTESIAN_POINT('',(-48.1467661691542,-295.,63.4317679007958));
#6544=CARTESIAN_POINT('Origin',(-27.5124378109453,-295.,54.4610102290262));
#6545=CARTESIAN_POINT('',(48.1467661691542,-295.,63.4317679007958));
#6546=CARTESIAN_POINT('Origin',(0.,-295.,42.5));
#6547=CARTESIAN_POINT('',(42.8482587064677,-295.,37.9970314431901));
#6548=CARTESIAN_POINT('Origin',(27.5124378109453,-295.,54.4610102290262));
#6549=CARTESIAN_POINT('',(32.5,-295.,14.2157287525381));
#6550=CARTESIAN_POINT('Origin',(65.,-295.,14.2157287525381));
#6551=CARTESIAN_POINT('',(32.5,-295.,0.));
#6552=CARTESIAN_POINT('',(32.5,-295.,36.875));
#6553=CARTESIAN_POINT('Origin',(0.,-295.,0.));
#6554=CARTESIAN_POINT('Origin',(0.,-291.5,64.5));
#6555=CARTESIAN_POINT('',(-2.87791997799628E-15,-290.,41.));
#6556=CARTESIAN_POINT('Origin',(0.,-290.,64.5));
#6557=CARTESIAN_POINT('Origin',(-2.87791997799628E-15,-291.5,41.));
#6558=CARTESIAN_POINT('Origin',(0.,-290.,64.5));
#6559=CARTESIAN_POINT('',(-2.63299061816681E-15,-290.,43.));
#6560=CARTESIAN_POINT('Origin',(0.,-290.,64.5));
#6561=CARTESIAN_POINT('Origin',(0.,-288.5,64.5));
#6562=CARTESIAN_POINT('',(-2.44929359829471E-15,-288.5,44.5));
#6563=CARTESIAN_POINT('Origin',(-2.63299061816681E-15,-288.5,43.));
#6564=CARTESIAN_POINT('',(20.,-288.5,64.5));
#6565=CARTESIAN_POINT('Origin',(0.,-288.5,64.5));
#6566=CARTESIAN_POINT('Origin',(0.,-288.5,64.5));
#6567=CARTESIAN_POINT('Origin',(65.,-312.5,14.2157287525381));
#6568=CARTESIAN_POINT('',(32.5,-315.,14.2157287525381));
#6569=CARTESIAN_POINT('',(35.,-312.5,14.2157287525381));
#6570=CARTESIAN_POINT('Origin',(32.5,-312.5,14.2157287525381));
#6571=CARTESIAN_POINT('',(44.5522388059701,-312.5,36.1677004669861));
#6572=CARTESIAN_POINT('Origin',(65.,-312.5,14.2157287525381));
#6573=CARTESIAN_POINT('',(42.8482587064677,-315.,37.9970314431901));
#6574=CARTESIAN_POINT('Origin',(42.8482587064677,-312.5,37.9970314431901));
#6575=CARTESIAN_POINT('Origin',(65.,-315.,14.2157287525381));
#6576=CARTESIAN_POINT('Origin',(27.5124378109453,-312.5,54.4610102290262));
#6577=CARTESIAN_POINT('',(50.4394693200663,-312.5,64.4285187532146));
#6578=CARTESIAN_POINT('',(48.1467661691542,-315.,63.4317679007958));
#6579=CARTESIAN_POINT('Origin',(48.1467661691542,-312.5,63.4317679007958));
#6580=CARTESIAN_POINT('Origin',(27.5124378109453,-315.,54.4610102290262));
#6581=CARTESIAN_POINT('Origin',(27.5124378109453,-312.5,54.4610102290262));
#6582=CARTESIAN_POINT('Origin',(0.,-312.5,42.5));
#6583=CARTESIAN_POINT('',(-50.4394693200663,-312.5,64.4285187532146));
#6584=CARTESIAN_POINT('',(-48.1467661691542,-315.,63.4317679007958));
#6585=CARTESIAN_POINT('Origin',(-48.1467661691542,-312.5,63.4317679007958));
#6586=CARTESIAN_POINT('Origin',(0.,-315.,42.5));
#6587=CARTESIAN_POINT('Origin',(0.,-312.5,42.5));
#6588=CARTESIAN_POINT('Origin',(-27.5124378109453,-312.5,54.4610102290262));
#6589=CARTESIAN_POINT('',(-44.5522388059701,-312.5,36.1677004669861));
#6590=CARTESIAN_POINT('',(-42.8482587064677,-315.,37.9970314431901));
#6591=CARTESIAN_POINT('Origin',(-42.8482587064677,-312.5,37.9970314431901));
#6592=CARTESIAN_POINT('Origin',(-27.5124378109453,-315.,54.4610102290262));
#6593=CARTESIAN_POINT('Origin',(-27.5124378109453,-312.5,54.4610102290262));
#6594=CARTESIAN_POINT('Origin',(-65.,-312.5,14.2157287525381));
#6595=CARTESIAN_POINT('',(-35.,-312.5,14.2157287525381));
#6596=CARTESIAN_POINT('',(-32.5,-315.,14.2157287525381));
#6597=CARTESIAN_POINT('Origin',(-32.5,-312.5,14.2157287525381));
#6598=CARTESIAN_POINT('Origin',(-65.,-315.,14.2157287525381));
#6599=CARTESIAN_POINT('Origin',(-65.,-312.5,14.2157287525381));
#6600=CARTESIAN_POINT('Origin',(-32.5,-312.5,15.625));
#6601=CARTESIAN_POINT('',(-35.,-312.5,0.));
#6602=CARTESIAN_POINT('',(-32.5,-315.,0.));
#6603=CARTESIAN_POINT('Origin',(-32.5,-312.5,0.));
#6604=CARTESIAN_POINT('',(-32.5,-315.,15.625));
#6605=CARTESIAN_POINT('',(-35.,-312.5,15.625));
#6606=CARTESIAN_POINT('Origin',(0.,-312.5,0.));
#6607=CARTESIAN_POINT('',(35.,-312.5,0.));
#6608=CARTESIAN_POINT('',(32.5,-315.,0.));
#6609=CARTESIAN_POINT('Origin',(32.5,-312.5,0.));
#6610=CARTESIAN_POINT('Origin',(0.,-315.,0.));
#6611=CARTESIAN_POINT('Origin',(0.,-312.5,0.));
#6612=CARTESIAN_POINT('Origin',(32.5,-312.5,36.875));
#6613=CARTESIAN_POINT('',(35.,-312.5,36.875));
#6614=CARTESIAN_POINT('',(32.5,-315.,36.875));
#6615=CARTESIAN_POINT('Origin',(-27.5124378109453,-315.,54.4610102290262));
#6616=CARTESIAN_POINT('',(-50.4394693200663,-297.5,64.4285187532146));
#6617=CARTESIAN_POINT('',(-50.4394693200663,-315.,64.4285187532146));
#6618=CARTESIAN_POINT('',(-44.5522388059701,-297.5,36.1677004669861));
#6619=CARTESIAN_POINT('Origin',(-27.5124378109453,-297.5,54.4610102290262));
#6620=CARTESIAN_POINT('',(-44.5522388059701,-315.,36.1677004669861));
#6621=CARTESIAN_POINT('Origin',(0.,-315.,42.5));
#6622=CARTESIAN_POINT('',(50.4394693200663,-297.5,64.4285187532146));
#6623=CARTESIAN_POINT('',(50.4394693200663,-315.,64.4285187532146));
#6624=CARTESIAN_POINT('Origin',(0.,-297.5,42.5));
#6625=CARTESIAN_POINT('Origin',(27.5124378109453,-315.,54.4610102290262));
#6626=CARTESIAN_POINT('',(44.5522388059701,-297.5,36.1677004669861));
#6627=CARTESIAN_POINT('',(44.5522388059701,-315.,36.1677004669861));
#6628=CARTESIAN_POINT('Origin',(27.5124378109453,-297.5,54.4610102290262));
#6629=CARTESIAN_POINT('Origin',(65.,-315.,14.2157287525381));
#6630=CARTESIAN_POINT('',(35.,-297.5,14.2157287525381));
#6631=CARTESIAN_POINT('',(35.,-315.,14.2157287525381));
#6632=CARTESIAN_POINT('Origin',(65.,-297.5,14.2157287525381));
#6633=CARTESIAN_POINT('Origin',(8.88178419700125E-15,-315.,31.25));
#6634=CARTESIAN_POINT('Origin',(-32.5,-297.5,15.625));
#6635=CARTESIAN_POINT('',(-35.,-297.5,0.));
#6636=CARTESIAN_POINT('Origin',(-32.5,-297.5,0.));
#6637=CARTESIAN_POINT('',(-35.,-297.5,14.2157287525381));
#6638=CARTESIAN_POINT('',(-35.,-297.5,15.625));
#6639=CARTESIAN_POINT('Origin',(-32.5,-297.5,14.2157287525381));
#6640=CARTESIAN_POINT('Origin',(-65.,-297.5,14.2157287525381));
#6641=CARTESIAN_POINT('Origin',(-42.8482587064676,-297.5,37.9970314431901));
#6642=CARTESIAN_POINT('Origin',(-65.,-297.5,14.2157287525381));
#6643=CARTESIAN_POINT('Origin',(-27.5124378109453,-297.5,54.4610102290262));
#6644=CARTESIAN_POINT('Origin',(-48.1467661691542,-297.5,63.4317679007958));
#6645=CARTESIAN_POINT('Origin',(0.,-297.5,42.5));
#6646=CARTESIAN_POINT('Origin',(48.1467661691542,-297.5,63.4317679007958));
#6647=CARTESIAN_POINT('Origin',(27.5124378109453,-297.5,54.4610102290262));
#6648=CARTESIAN_POINT('Origin',(42.8482587064677,-297.5,37.9970314431901));
#6649=CARTESIAN_POINT('Origin',(65.,-297.5,14.2157287525381));
#6650=CARTESIAN_POINT('Origin',(32.5,-297.5,14.2157287525381));
#6651=CARTESIAN_POINT('Origin',(32.5,-297.5,36.875));
#6652=CARTESIAN_POINT('',(35.,-297.5,0.));
#6653=CARTESIAN_POINT('Origin',(32.5,-297.5,0.));
#6654=CARTESIAN_POINT('',(35.,-297.5,36.875));
#6655=CARTESIAN_POINT('Origin',(0.,-297.5,0.));
#6656=CARTESIAN_POINT('Origin',(0.,-297.5,0.));
#6657=CARTESIAN_POINT('Origin',(-65.,-315.,14.2157287525381));
#6658=CARTESIAN_POINT('',(-35.,-315.,14.2157287525381));
#6659=CARTESIAN_POINT('Origin',(-35.,-315.,0.));
#6660=CARTESIAN_POINT('',(-35.,-315.,0.));
#6661=CARTESIAN_POINT('Origin',(35.,-315.,42.5));
#6662=CARTESIAN_POINT('',(35.,-315.,0.));
#6663=CARTESIAN_POINT('Origin',(0.,-315.,0.));
#6664=CARTESIAN_POINT('Origin',(-7.89897185450043E-15,-220.,129.));
#6665=CARTESIAN_POINT('',(22.5,-205.,129.));
#6666=CARTESIAN_POINT('Origin',(-7.89897185450043E-15,-205.,129.));
#6667=CARTESIAN_POINT('',(22.5,-235.,129.));
#6668=CARTESIAN_POINT('',(22.5,-220.,129.));
#6669=CARTESIAN_POINT('Origin',(-7.89897185450043E-15,-235.,129.));
#6670=CARTESIAN_POINT('Origin',(0.,-256.5,64.5));
#6671=CARTESIAN_POINT('',(25.,-256.5,64.5));
#6672=CARTESIAN_POINT('',(6.12323399573677E-15,-256.5,39.5));
#6673=CARTESIAN_POINT('Origin',(0.,-256.5,64.5));
#6674=CARTESIAN_POINT('Origin',(0.,-256.5,64.5));
#6675=CARTESIAN_POINT('',(6.49062803548097E-15,-255.,38.));
#6676=CARTESIAN_POINT('Origin',(6.49062803548097E-15,-256.5,38.));
#6677=CARTESIAN_POINT('Origin',(0.,-255.,64.5));
#6678=CARTESIAN_POINT('Origin',(0.,-255.,64.5));
#6679=CARTESIAN_POINT('',(25.,-258.5,64.5));
#6680=CARTESIAN_POINT('',(0.,-258.5,89.5));
#6681=CARTESIAN_POINT('Origin',(0.,-258.5,64.5));
#6682=CARTESIAN_POINT('Origin',(0.,-258.5,64.5));
#6683=CARTESIAN_POINT('',(25.,-255.,64.5));
#6684=CARTESIAN_POINT('Origin',(-1.29537348041662E-14,-255.,97.75));
#6685=CARTESIAN_POINT('',(32.5,-255.,114.784271247462));
#6686=CARTESIAN_POINT('',(32.5,-255.,129.));
#6687=CARTESIAN_POINT('',(32.5,-255.,113.375));
#6688=CARTESIAN_POINT('',(-32.5,-255.,129.));
#6689=CARTESIAN_POINT('Origin',(-7.89897185450043E-15,-255.,129.));
#6690=CARTESIAN_POINT('',(-32.5,-255.,114.784271247462));
#6691=CARTESIAN_POINT('',(-32.5,-255.,92.125));
#6692=CARTESIAN_POINT('',(-42.8482587064677,-255.,91.0029685568099));
#6693=CARTESIAN_POINT('Origin',(-65.,-255.,114.784271247462));
#6694=CARTESIAN_POINT('',(-48.1467661691542,-255.,65.5682320992042));
#6695=CARTESIAN_POINT('Origin',(-27.5124378109453,-255.,74.5389897709738));
#6696=CARTESIAN_POINT('',(48.1467661691542,-255.,65.5682320992042));
#6697=CARTESIAN_POINT('Origin',(-2.69422295812418E-15,-255.,86.5));
#6698=CARTESIAN_POINT('',(42.8482587064676,-255.,91.0029685568099));
#6699=CARTESIAN_POINT('Origin',(27.5124378109453,-255.,74.5389897709738));
#6700=CARTESIAN_POINT('Origin',(65.,-255.,114.784271247462));
#6701=CARTESIAN_POINT('Origin',(0.,-258.5,64.5));
#6702=CARTESIAN_POINT('',(0.,-260.,88.));
#6703=CARTESIAN_POINT('Origin',(0.,-260.,64.5));
#6704=CARTESIAN_POINT('Origin',(0.,-258.5,88.));
#6705=CARTESIAN_POINT('Origin',(0.,-260.,64.5));
#6706=CARTESIAN_POINT('',(0.,-260.,86.));
#6707=CARTESIAN_POINT('Origin',(0.,-260.,64.5));
#6708=CARTESIAN_POINT('Origin',(0.,-261.5,64.5));
#6709=CARTESIAN_POINT('',(0.,-261.5,84.5));
#6710=CARTESIAN_POINT('Origin',(0.,-261.5,86.));
#6711=CARTESIAN_POINT('',(20.,-261.5,64.5));
#6712=CARTESIAN_POINT('Origin',(0.,-261.5,64.5));
#6713=CARTESIAN_POINT('Origin',(0.,-261.5,64.5));
#6714=CARTESIAN_POINT('Origin',(0.,-255.,64.5));
#6715=CARTESIAN_POINT('',(20.,-255.,64.5));
#6716=CARTESIAN_POINT('Origin',(-65.,-237.5,114.784271247462));
#6717=CARTESIAN_POINT('',(-32.5,-235.,114.784271247462));
#6718=CARTESIAN_POINT('',(-35.,-237.5,114.784271247462));
#6719=CARTESIAN_POINT('Origin',(-32.5,-237.5,114.784271247462));
#6720=CARTESIAN_POINT('',(-42.8482587064677,-235.,91.0029685568098));
#6721=CARTESIAN_POINT('Origin',(-65.,-235.,114.784271247462));
#6722=CARTESIAN_POINT('',(-44.5522388059701,-237.5,92.8322995330139));
#6723=CARTESIAN_POINT('Origin',(-42.8482587064677,-237.5,91.0029685568098));
#6724=CARTESIAN_POINT('Origin',(-65.,-237.5,114.784271247462));
#6725=CARTESIAN_POINT('Origin',(-27.5124378109453,-237.5,74.5389897709738));
#6726=CARTESIAN_POINT('',(-50.4394693200663,-237.5,64.5714812467854));
#6727=CARTESIAN_POINT('',(-48.1467661691542,-235.,65.5682320992042));
#6728=CARTESIAN_POINT('Origin',(-48.1467661691542,-237.5,65.5682320992042));
#6729=CARTESIAN_POINT('Origin',(-27.5124378109453,-237.5,74.5389897709738));
#6730=CARTESIAN_POINT('Origin',(-27.5124378109453,-235.,74.5389897709738));
#6731=CARTESIAN_POINT('Origin',(-2.69422295812418E-15,-237.5,86.5));
#6732=CARTESIAN_POINT('',(50.4394693200663,-237.5,64.5714812467853));
#6733=CARTESIAN_POINT('',(48.1467661691542,-235.,65.5682320992042));
#6734=CARTESIAN_POINT('Origin',(48.1467661691542,-237.5,65.5682320992042));
#6735=CARTESIAN_POINT('Origin',(-2.69422295812418E-15,-237.5,86.5));
#6736=CARTESIAN_POINT('Origin',(-2.69422295812418E-15,-235.,86.5));
#6737=CARTESIAN_POINT('Origin',(27.5124378109453,-237.5,74.5389897709738));
#6738=CARTESIAN_POINT('',(44.5522388059701,-237.5,92.8322995330139));
#6739=CARTESIAN_POINT('',(42.8482587064677,-235.,91.0029685568098));
#6740=CARTESIAN_POINT('Origin',(42.8482587064677,-237.5,91.0029685568098));
#6741=CARTESIAN_POINT('Origin',(27.5124378109453,-237.5,74.5389897709738));
#6742=CARTESIAN_POINT('Origin',(27.5124378109453,-235.,74.5389897709738));
#6743=CARTESIAN_POINT('Origin',(65.,-237.5,114.784271247462));
#6744=CARTESIAN_POINT('',(35.,-237.5,114.784271247462));
#6745=CARTESIAN_POINT('',(32.5,-235.,114.784271247462));
#6746=CARTESIAN_POINT('Origin',(32.5,-237.5,114.784271247462));
#6747=CARTESIAN_POINT('Origin',(65.,-237.5,114.784271247462));
#6748=CARTESIAN_POINT('Origin',(65.,-235.,114.784271247462));
#6749=CARTESIAN_POINT('Origin',(32.5,-237.5,113.375));
#6750=CARTESIAN_POINT('',(35.,-237.5,129.));
#6751=CARTESIAN_POINT('',(32.5,-235.,129.));
#6752=CARTESIAN_POINT('Origin',(32.5,-237.5,129.));
#6753=CARTESIAN_POINT('',(35.,-237.5,113.375));
#6754=CARTESIAN_POINT('',(32.5,-235.,113.375));
#6755=CARTESIAN_POINT('Origin',(-7.89897185450043E-15,-237.5,129.));
#6756=CARTESIAN_POINT('',(-35.,-237.5,129.));
#6757=CARTESIAN_POINT('',(-32.5,-235.,129.));
#6758=CARTESIAN_POINT('Origin',(-32.5,-237.5,129.));
#6759=CARTESIAN_POINT('Origin',(-7.89897185450043E-15,-237.5,129.));
#6760=CARTESIAN_POINT('Origin',(-7.89897185450043E-15,-235.,129.));
#6761=CARTESIAN_POINT('Origin',(-32.5,-237.5,92.125));
#6762=CARTESIAN_POINT('',(-32.5,-235.,92.125));
#6763=CARTESIAN_POINT('',(-35.,-237.5,92.125));
#6764=CARTESIAN_POINT('Origin',(27.5124378109453,-235.,74.5389897709738));
#6765=CARTESIAN_POINT('',(44.5522388059701,-252.5,92.8322995330139));
#6766=CARTESIAN_POINT('',(44.5522388059701,-235.,92.8322995330139));
#6767=CARTESIAN_POINT('',(50.4394693200663,-252.5,64.5714812467853));
#6768=CARTESIAN_POINT('Origin',(27.5124378109453,-252.5,74.5389897709738));
#6769=CARTESIAN_POINT('',(50.4394693200663,-235.,64.5714812467853));
#6770=CARTESIAN_POINT('Origin',(-2.69422295812418E-15,-235.,86.5));
#6771=CARTESIAN_POINT('',(-50.4394693200663,-252.5,64.5714812467854));
#6772=CARTESIAN_POINT('Origin',(-2.69422295812418E-15,-252.5,86.5));
#6773=CARTESIAN_POINT('',(-50.4394693200663,-235.,64.5714812467854));
#6774=CARTESIAN_POINT('Origin',(-27.5124378109453,-235.,74.5389897709738));
#6775=CARTESIAN_POINT('',(-44.5522388059701,-252.5,92.8322995330139));
#6776=CARTESIAN_POINT('Origin',(-27.5124378109453,-252.5,74.5389897709738));
#6777=CARTESIAN_POINT('',(-44.5522388059701,-235.,92.8322995330139));
#6778=CARTESIAN_POINT('Origin',(-65.,-235.,114.784271247462));
#6779=CARTESIAN_POINT('',(-35.,-252.5,114.784271247462));
#6780=CARTESIAN_POINT('Origin',(-65.,-252.5,114.784271247462));
#6781=CARTESIAN_POINT('',(-35.,-235.,114.784271247462));
#6782=CARTESIAN_POINT('Origin',(-1.29537348041662E-14,-235.,97.75));
#6783=CARTESIAN_POINT('Origin',(32.5,-252.5,113.375));
#6784=CARTESIAN_POINT('',(35.,-252.5,129.));
#6785=CARTESIAN_POINT('Origin',(32.5,-252.5,129.));
#6786=CARTESIAN_POINT('',(35.,-252.5,114.784271247462));
#6787=CARTESIAN_POINT('Origin',(32.5,-252.5,114.784271247462));
#6788=CARTESIAN_POINT('',(35.,-252.5,113.375));
#6789=CARTESIAN_POINT('Origin',(65.,-252.5,114.784271247462));
#6790=CARTESIAN_POINT('Origin',(42.8482587064676,-252.5,91.0029685568099));
#6791=CARTESIAN_POINT('Origin',(65.,-252.5,114.784271247462));
#6792=CARTESIAN_POINT('Origin',(27.5124378109453,-252.5,74.5389897709738));
#6793=CARTESIAN_POINT('Origin',(48.1467661691542,-252.5,65.5682320992042));
#6794=CARTESIAN_POINT('Origin',(-2.69422295812418E-15,-252.5,86.5));
#6795=CARTESIAN_POINT('Origin',(-48.1467661691542,-252.5,65.5682320992042));
#6796=CARTESIAN_POINT('Origin',(-27.5124378109453,-252.5,74.5389897709738));
#6797=CARTESIAN_POINT('Origin',(-42.8482587064677,-252.5,91.0029685568099));
#6798=CARTESIAN_POINT('Origin',(-65.,-252.5,114.784271247462));
#6799=CARTESIAN_POINT('Origin',(-32.5,-252.5,114.784271247462));
#6800=CARTESIAN_POINT('Origin',(-32.5,-252.5,92.125));
#6801=CARTESIAN_POINT('',(-35.,-252.5,129.));
#6802=CARTESIAN_POINT('Origin',(-32.5,-252.5,129.));
#6803=CARTESIAN_POINT('',(-35.,-252.5,92.125));
#6804=CARTESIAN_POINT('Origin',(-7.89897185450043E-15,-252.5,129.));
#6805=CARTESIAN_POINT('Origin',(-7.89897185450043E-15,-252.5,129.));
#6806=CARTESIAN_POINT('Origin',(65.,-235.,114.784271247462));
#6807=CARTESIAN_POINT('',(35.,-235.,114.784271247462));
#6808=CARTESIAN_POINT('Origin',(35.,-235.,129.));
#6809=CARTESIAN_POINT('',(35.,-235.,129.));
#6810=CARTESIAN_POINT('Origin',(-35.,-235.,86.5));
#6811=CARTESIAN_POINT('',(-35.,-235.,129.));
#6812=CARTESIAN_POINT('Origin',(-7.89897185450043E-15,-235.,129.));
#6813=CARTESIAN_POINT('Origin',(0.,-183.5,64.5));
#6814=CARTESIAN_POINT('',(25.,-183.5,64.5));
#6815=CARTESIAN_POINT('',(6.12323399573677E-15,-183.5,39.5));
#6816=CARTESIAN_POINT('Origin',(0.,-183.5,64.5));
#6817=CARTESIAN_POINT('',(6.49062803548097E-15,-185.,38.));
#6818=CARTESIAN_POINT('Origin',(6.49062803548097E-15,-183.5,38.));
#6819=CARTESIAN_POINT('Origin',(0.,-185.,64.5));
#6820=CARTESIAN_POINT('Origin',(0.,-183.5,64.5));
#6821=CARTESIAN_POINT('Origin',(0.,-185.,64.5));
#6822=CARTESIAN_POINT('',(25.,-181.5,64.5));
#6823=CARTESIAN_POINT('',(0.,-181.5,89.5));
#6824=CARTESIAN_POINT('Origin',(0.,-181.5,64.5));
#6825=CARTESIAN_POINT('',(25.,-185.,64.5));
#6826=CARTESIAN_POINT('Origin',(0.,-181.5,64.5));
#6827=CARTESIAN_POINT('Origin',(-1.29537348041662E-14,-185.,97.75));
#6828=CARTESIAN_POINT('',(32.5,-185.,114.784271247462));
#6829=CARTESIAN_POINT('',(32.5,-185.,129.));
#6830=CARTESIAN_POINT('',(32.5,-185.,113.375));
#6831=CARTESIAN_POINT('',(42.8482587064676,-185.,91.0029685568099));
#6832=CARTESIAN_POINT('Origin',(65.,-185.,114.784271247462));
#6833=CARTESIAN_POINT('',(48.1467661691542,-185.,65.5682320992042));
#6834=CARTESIAN_POINT('Origin',(27.5124378109453,-185.,74.5389897709738));
#6835=CARTESIAN_POINT('',(-48.1467661691542,-185.,65.5682320992042));
#6836=CARTESIAN_POINT('Origin',(-2.69422295812418E-15,-185.,86.5));
#6837=CARTESIAN_POINT('',(-42.8482587064677,-185.,91.0029685568099));
#6838=CARTESIAN_POINT('Origin',(-27.5124378109453,-185.,74.5389897709738));
#6839=CARTESIAN_POINT('',(-32.5,-185.,114.784271247462));
#6840=CARTESIAN_POINT('Origin',(-65.,-185.,114.784271247462));
#6841=CARTESIAN_POINT('',(-32.5,-185.,129.));
#6842=CARTESIAN_POINT('',(-32.5,-185.,92.125));
#6843=CARTESIAN_POINT('Origin',(-7.89897185450043E-15,-185.,129.));
#6844=CARTESIAN_POINT('Origin',(0.,-181.5,64.5));
#6845=CARTESIAN_POINT('',(0.,-180.,88.));
#6846=CARTESIAN_POINT('Origin',(0.,-180.,64.5));
#6847=CARTESIAN_POINT('Origin',(0.,-181.5,88.));
#6848=CARTESIAN_POINT('Origin',(0.,-180.,64.5));
#6849=CARTESIAN_POINT('',(0.,-180.,86.));
#6850=CARTESIAN_POINT('Origin',(0.,-180.,64.5));
#6851=CARTESIAN_POINT('Origin',(0.,-178.5,64.5));
#6852=CARTESIAN_POINT('',(0.,-178.5,84.5));
#6853=CARTESIAN_POINT('Origin',(0.,-178.5,86.));
#6854=CARTESIAN_POINT('',(20.,-178.5,64.5));
#6855=CARTESIAN_POINT('Origin',(0.,-178.5,64.5));
#6856=CARTESIAN_POINT('Origin',(0.,-178.5,64.5));
#6857=CARTESIAN_POINT('Origin',(0.,-185.,64.5));
#6858=CARTESIAN_POINT('',(20.,-185.,64.5));
#6859=CARTESIAN_POINT('Origin',(-65.,-202.5,114.784271247462));
#6860=CARTESIAN_POINT('',(-32.5,-205.,114.784271247462));
#6861=CARTESIAN_POINT('',(-35.,-202.5,114.784271247462));
#6862=CARTESIAN_POINT('Origin',(-32.5,-202.5,114.784271247462));
#6863=CARTESIAN_POINT('',(-44.5522388059701,-202.5,92.8322995330139));
#6864=CARTESIAN_POINT('Origin',(-65.,-202.5,114.784271247462));
#6865=CARTESIAN_POINT('',(-42.8482587064677,-205.,91.0029685568098));
#6866=CARTESIAN_POINT('Origin',(-42.8482587064677,-202.5,91.0029685568098));
#6867=CARTESIAN_POINT('Origin',(-65.,-205.,114.784271247462));
#6868=CARTESIAN_POINT('Origin',(-27.5124378109453,-202.5,74.5389897709738));
#6869=CARTESIAN_POINT('',(-50.4394693200663,-202.5,64.5714812467854));
#6870=CARTESIAN_POINT('',(-48.1467661691542,-205.,65.5682320992042));
#6871=CARTESIAN_POINT('Origin',(-48.1467661691542,-202.5,65.5682320992042));
#6872=CARTESIAN_POINT('Origin',(-27.5124378109453,-205.,74.5389897709738));
#6873=CARTESIAN_POINT('Origin',(-27.5124378109453,-202.5,74.5389897709738));
#6874=CARTESIAN_POINT('Origin',(-2.69422295812418E-15,-202.5,86.5));
#6875=CARTESIAN_POINT('',(50.4394693200663,-202.5,64.5714812467853));
#6876=CARTESIAN_POINT('',(48.1467661691542,-205.,65.5682320992042));
#6877=CARTESIAN_POINT('Origin',(48.1467661691542,-202.5,65.5682320992042));
#6878=CARTESIAN_POINT('Origin',(-2.69422295812418E-15,-205.,86.5));
#6879=CARTESIAN_POINT('Origin',(-2.69422295812418E-15,-202.5,86.5));
#6880=CARTESIAN_POINT('Origin',(27.5124378109453,-202.5,74.5389897709738));
#6881=CARTESIAN_POINT('',(44.5522388059701,-202.5,92.8322995330139));
#6882=CARTESIAN_POINT('',(42.8482587064677,-205.,91.0029685568098));
#6883=CARTESIAN_POINT('Origin',(42.8482587064677,-202.5,91.0029685568098));
#6884=CARTESIAN_POINT('Origin',(27.5124378109453,-205.,74.5389897709738));
#6885=CARTESIAN_POINT('Origin',(27.5124378109453,-202.5,74.5389897709738));
#6886=CARTESIAN_POINT('Origin',(65.,-202.5,114.784271247462));
#6887=CARTESIAN_POINT('',(35.,-202.5,114.784271247462));
#6888=CARTESIAN_POINT('',(32.5,-205.,114.784271247462));
#6889=CARTESIAN_POINT('Origin',(32.5,-202.5,114.784271247462));
#6890=CARTESIAN_POINT('Origin',(65.,-205.,114.784271247462));
#6891=CARTESIAN_POINT('Origin',(65.,-202.5,114.784271247462));
#6892=CARTESIAN_POINT('Origin',(32.5,-202.5,113.375));
#6893=CARTESIAN_POINT('',(35.,-202.5,129.));
#6894=CARTESIAN_POINT('',(32.5,-205.,129.));
#6895=CARTESIAN_POINT('Origin',(32.5,-202.5,129.));
#6896=CARTESIAN_POINT('',(32.5,-205.,113.375));
#6897=CARTESIAN_POINT('',(35.,-202.5,113.375));
#6898=CARTESIAN_POINT('Origin',(-7.89897185450043E-15,-202.5,129.));
#6899=CARTESIAN_POINT('',(-35.,-202.5,129.));
#6900=CARTESIAN_POINT('',(-32.5,-205.,129.));
#6901=CARTESIAN_POINT('Origin',(-32.5,-202.5,129.));
#6902=CARTESIAN_POINT('Origin',(-7.89897185450043E-15,-205.,129.));
#6903=CARTESIAN_POINT('Origin',(-7.89897185450043E-15,-202.5,129.));
#6904=CARTESIAN_POINT('Origin',(-32.5,-202.5,92.125));
#6905=CARTESIAN_POINT('',(-35.,-202.5,92.125));
#6906=CARTESIAN_POINT('',(-32.5,-205.,92.125));
#6907=CARTESIAN_POINT('Origin',(27.5124378109453,-205.,74.5389897709738));
#6908=CARTESIAN_POINT('',(50.4394693200663,-187.5,64.5714812467853));
#6909=CARTESIAN_POINT('',(50.4394693200663,-205.,64.5714812467853));
#6910=CARTESIAN_POINT('',(44.5522388059701,-187.5,92.8322995330139));
#6911=CARTESIAN_POINT('Origin',(27.5124378109453,-187.5,74.5389897709738));
#6912=CARTESIAN_POINT('',(44.5522388059701,-205.,92.8322995330139));
#6913=CARTESIAN_POINT('Origin',(-2.69422295812418E-15,-205.,86.5));
#6914=CARTESIAN_POINT('',(-50.4394693200663,-187.5,64.5714812467854));
#6915=CARTESIAN_POINT('',(-50.4394693200663,-205.,64.5714812467854));
#6916=CARTESIAN_POINT('Origin',(-2.69422295812418E-15,-187.5,86.5));
#6917=CARTESIAN_POINT('Origin',(-27.5124378109453,-205.,74.5389897709738));
#6918=CARTESIAN_POINT('',(-44.5522388059701,-187.5,92.8322995330139));
#6919=CARTESIAN_POINT('',(-44.5522388059701,-205.,92.8322995330139));
#6920=CARTESIAN_POINT('Origin',(-27.5124378109453,-187.5,74.5389897709738));
#6921=CARTESIAN_POINT('Origin',(-65.,-205.,114.784271247462));
#6922=CARTESIAN_POINT('',(-35.,-187.5,114.784271247462));
#6923=CARTESIAN_POINT('',(-35.,-205.,114.784271247462));
#6924=CARTESIAN_POINT('Origin',(-65.,-187.5,114.784271247462));
#6925=CARTESIAN_POINT('Origin',(-1.29537348041662E-14,-205.,97.75));
#6926=CARTESIAN_POINT('Origin',(32.5,-187.5,113.375));
#6927=CARTESIAN_POINT('',(35.,-187.5,129.));
#6928=CARTESIAN_POINT('Origin',(32.5,-187.5,129.));
#6929=CARTESIAN_POINT('',(35.,-187.5,114.784271247462));
#6930=CARTESIAN_POINT('',(35.,-187.5,113.375));
#6931=CARTESIAN_POINT('Origin',(32.5,-187.5,114.784271247462));
#6932=CARTESIAN_POINT('Origin',(65.,-187.5,114.784271247462));
#6933=CARTESIAN_POINT('Origin',(42.8482587064676,-187.5,91.0029685568099));
#6934=CARTESIAN_POINT('Origin',(65.,-187.5,114.784271247462));
#6935=CARTESIAN_POINT('Origin',(27.5124378109453,-187.5,74.5389897709738));
#6936=CARTESIAN_POINT('Origin',(48.1467661691542,-187.5,65.5682320992042));
#6937=CARTESIAN_POINT('Origin',(-2.69422295812418E-15,-187.5,86.5));
#6938=CARTESIAN_POINT('Origin',(-48.1467661691542,-187.5,65.5682320992042));
#6939=CARTESIAN_POINT('Origin',(-27.5124378109453,-187.5,74.5389897709738));
#6940=CARTESIAN_POINT('Origin',(-42.8482587064677,-187.5,91.0029685568099));
#6941=CARTESIAN_POINT('Origin',(-65.,-187.5,114.784271247462));
#6942=CARTESIAN_POINT('Origin',(-32.5,-187.5,114.784271247462));
#6943=CARTESIAN_POINT('Origin',(-32.5,-187.5,92.125));
#6944=CARTESIAN_POINT('',(-35.,-187.5,129.));
#6945=CARTESIAN_POINT('Origin',(-32.5,-187.5,129.));
#6946=CARTESIAN_POINT('',(-35.,-187.5,92.125));
#6947=CARTESIAN_POINT('Origin',(-7.89897185450043E-15,-187.5,129.));
#6948=CARTESIAN_POINT('Origin',(-7.89897185450043E-15,-187.5,129.));
#6949=CARTESIAN_POINT('Origin',(65.,-205.,114.784271247462));
#6950=CARTESIAN_POINT('',(35.,-205.,114.784271247462));
#6951=CARTESIAN_POINT('Origin',(35.,-205.,129.));
#6952=CARTESIAN_POINT('',(35.,-205.,129.));
#6953=CARTESIAN_POINT('Origin',(-35.,-205.,86.5));
#6954=CARTESIAN_POINT('',(-35.,-205.,129.));
#6955=CARTESIAN_POINT('Origin',(-7.89897185450043E-15,-205.,129.));
#6956=CARTESIAN_POINT('Origin',(0.,0.,0.));
#6957=CARTESIAN_POINT('',(-22.5,15.,2.75545529808154E-15));
#6958=CARTESIAN_POINT('Origin',(0.,15.,0.));
#6959=CARTESIAN_POINT('',(-22.5,-15.,2.75545529808154E-15));
#6960=CARTESIAN_POINT('',(-22.5,0.,2.75545529808154E-15));
#6961=CARTESIAN_POINT('Origin',(0.,-15.,0.));
#6962=CARTESIAN_POINT('Origin',(0.,-36.5,64.5));
#6963=CARTESIAN_POINT('',(-25.,-36.5,64.5));
#6964=CARTESIAN_POINT('',(-3.06161699786838E-15,-36.5,89.5));
#6965=CARTESIAN_POINT('Origin',(0.,-36.5,64.5));
#6966=CARTESIAN_POINT('Origin',(0.,-36.5,64.5));
#6967=CARTESIAN_POINT('',(-3.24531401774049E-15,-35.,91.));
#6968=CARTESIAN_POINT('Origin',(-3.24531401774049E-15,-36.5,91.));
#6969=CARTESIAN_POINT('Origin',(0.,-35.,64.5));
#6970=CARTESIAN_POINT('Origin',(0.,-35.,64.5));
#6971=CARTESIAN_POINT('',(-25.,-38.5,64.5));
#6972=CARTESIAN_POINT('',(-3.06161699786838E-15,-38.5,39.5));
#6973=CARTESIAN_POINT('Origin',(0.,-38.5,64.5));
#6974=CARTESIAN_POINT('Origin',(0.,-38.5,64.5));
#6975=CARTESIAN_POINT('',(-25.,-35.,64.5));
#6976=CARTESIAN_POINT('Origin',(8.88178419700125E-15,-35.,31.25));
#6977=CARTESIAN_POINT('',(-32.5,-35.,14.2157287525381));
#6978=CARTESIAN_POINT('',(-32.5,-35.,0.));
#6979=CARTESIAN_POINT('',(-32.5,-35.,15.625));
#6980=CARTESIAN_POINT('',(32.5,-35.,0.));
#6981=CARTESIAN_POINT('Origin',(0.,-35.,0.));
#6982=CARTESIAN_POINT('',(32.5,-35.,14.2157287525381));
#6983=CARTESIAN_POINT('',(32.5,-35.,36.875));
#6984=CARTESIAN_POINT('',(42.8482587064677,-35.,37.9970314431901));
#6985=CARTESIAN_POINT('Origin',(65.,-35.,14.2157287525381));
#6986=CARTESIAN_POINT('',(48.1467661691542,-35.,63.4317679007958));
#6987=CARTESIAN_POINT('Origin',(27.5124378109453,-35.,54.4610102290262));
#6988=CARTESIAN_POINT('',(-48.1467661691542,-35.,63.4317679007958));
#6989=CARTESIAN_POINT('Origin',(0.,-35.,42.5));
#6990=CARTESIAN_POINT('',(-42.8482587064676,-35.,37.9970314431901));
#6991=CARTESIAN_POINT('Origin',(-27.5124378109453,-35.,54.4610102290262));
#6992=CARTESIAN_POINT('Origin',(-65.,-35.,14.2157287525381));
#6993=CARTESIAN_POINT('Origin',(0.,-38.5,64.5));
#6994=CARTESIAN_POINT('',(-2.87791997799628E-15,-40.,41.));
#6995=CARTESIAN_POINT('Origin',(0.,-40.,64.5));
#6996=CARTESIAN_POINT('Origin',(-2.87791997799628E-15,-38.5,41.));
#6997=CARTESIAN_POINT('Origin',(0.,-40.,64.5));
#6998=CARTESIAN_POINT('',(-2.63299061816681E-15,-40.,43.));
#6999=CARTESIAN_POINT('Origin',(0.,-40.,64.5));
#7000=CARTESIAN_POINT('Origin',(0.,-41.5,64.5));
#7001=CARTESIAN_POINT('',(-2.44929359829471E-15,-41.5,44.5));
#7002=CARTESIAN_POINT('Origin',(-2.63299061816681E-15,-41.5,43.));
#7003=CARTESIAN_POINT('',(-20.,-41.5,64.5));
#7004=CARTESIAN_POINT('Origin',(0.,-41.5,64.5));
#7005=CARTESIAN_POINT('Origin',(0.,-41.5,64.5));
#7006=CARTESIAN_POINT('Origin',(0.,-35.,64.5));
#7007=CARTESIAN_POINT('',(-20.,-35.,64.5));
#7008=CARTESIAN_POINT('Origin',(65.,-17.5,14.2157287525381));
#7009=CARTESIAN_POINT('',(32.5,-15.,14.2157287525381));
#7010=CARTESIAN_POINT('',(35.,-17.5,14.2157287525381));
#7011=CARTESIAN_POINT('Origin',(32.5,-17.5,14.2157287525381));
#7012=CARTESIAN_POINT('',(42.8482587064677,-15.,37.9970314431901));
#7013=CARTESIAN_POINT('Origin',(65.,-15.,14.2157287525381));
#7014=CARTESIAN_POINT('',(44.5522388059701,-17.5,36.1677004669861));
#7015=CARTESIAN_POINT('Origin',(42.8482587064677,-17.5,37.9970314431901));
#7016=CARTESIAN_POINT('Origin',(65.,-17.5,14.2157287525381));
#7017=CARTESIAN_POINT('Origin',(27.5124378109453,-17.5,54.4610102290262));
#7018=CARTESIAN_POINT('',(50.4394693200663,-17.5,64.4285187532146));
#7019=CARTESIAN_POINT('',(48.1467661691542,-15.,63.4317679007958));
#7020=CARTESIAN_POINT('Origin',(48.1467661691542,-17.5,63.4317679007958));
#7021=CARTESIAN_POINT('Origin',(27.5124378109453,-17.5,54.4610102290262));
#7022=CARTESIAN_POINT('Origin',(27.5124378109453,-15.,54.4610102290262));
#7023=CARTESIAN_POINT('Origin',(0.,-17.5,42.5));
#7024=CARTESIAN_POINT('',(-50.4394693200663,-17.5,64.4285187532146));
#7025=CARTESIAN_POINT('',(-48.1467661691542,-15.,63.4317679007958));
#7026=CARTESIAN_POINT('Origin',(-48.1467661691542,-17.5,63.4317679007958));
#7027=CARTESIAN_POINT('Origin',(0.,-17.5,42.5));
#7028=CARTESIAN_POINT('Origin',(0.,-15.,42.5));
#7029=CARTESIAN_POINT('Origin',(-27.5124378109453,-17.5,54.4610102290262));
#7030=CARTESIAN_POINT('',(-44.5522388059701,-17.5,36.1677004669861));
#7031=CARTESIAN_POINT('',(-42.8482587064677,-15.,37.9970314431901));
#7032=CARTESIAN_POINT('Origin',(-42.8482587064677,-17.5,37.9970314431901));
#7033=CARTESIAN_POINT('Origin',(-27.5124378109453,-17.5,54.4610102290262));
#7034=CARTESIAN_POINT('Origin',(-27.5124378109453,-15.,54.4610102290262));
#7035=CARTESIAN_POINT('Origin',(-65.,-17.5,14.2157287525381));
#7036=CARTESIAN_POINT('',(-35.,-17.5,14.2157287525381));
#7037=CARTESIAN_POINT('',(-32.5,-15.,14.2157287525381));
#7038=CARTESIAN_POINT('Origin',(-32.5,-17.5,14.2157287525381));
#7039=CARTESIAN_POINT('Origin',(-65.,-17.5,14.2157287525381));
#7040=CARTESIAN_POINT('Origin',(-65.,-15.,14.2157287525381));
#7041=CARTESIAN_POINT('Origin',(-32.5,-17.5,15.625));
#7042=CARTESIAN_POINT('',(-35.,-17.5,0.));
#7043=CARTESIAN_POINT('',(-32.5,-15.,0.));
#7044=CARTESIAN_POINT('Origin',(-32.5,-17.5,0.));
#7045=CARTESIAN_POINT('',(-35.,-17.5,15.625));
#7046=CARTESIAN_POINT('',(-32.5,-15.,15.625));
#7047=CARTESIAN_POINT('Origin',(0.,-17.5,0.));
#7048=CARTESIAN_POINT('',(35.,-17.5,0.));
#7049=CARTESIAN_POINT('',(32.5,-15.,0.));
#7050=CARTESIAN_POINT('Origin',(32.5,-17.5,0.));
#7051=CARTESIAN_POINT('Origin',(0.,-17.5,0.));
#7052=CARTESIAN_POINT('Origin',(0.,-15.,0.));
#7053=CARTESIAN_POINT('Origin',(32.5,-17.5,36.875));
#7054=CARTESIAN_POINT('',(32.5,-15.,36.875));
#7055=CARTESIAN_POINT('',(35.,-17.5,36.875));
#7056=CARTESIAN_POINT('Origin',(-27.5124378109453,-15.,54.4610102290262));
#7057=CARTESIAN_POINT('',(-44.5522388059701,-32.5,36.1677004669861));
#7058=CARTESIAN_POINT('',(-44.5522388059701,-15.,36.1677004669861));
#7059=CARTESIAN_POINT('',(-50.4394693200663,-32.5,64.4285187532146));
#7060=CARTESIAN_POINT('Origin',(-27.5124378109453,-32.5,54.4610102290262));
#7061=CARTESIAN_POINT('',(-50.4394693200663,-15.,64.4285187532146));
#7062=CARTESIAN_POINT('Origin',(0.,-15.,42.5));
#7063=CARTESIAN_POINT('',(50.4394693200663,-32.5,64.4285187532146));
#7064=CARTESIAN_POINT('Origin',(0.,-32.5,42.5));
#7065=CARTESIAN_POINT('',(50.4394693200663,-15.,64.4285187532146));
#7066=CARTESIAN_POINT('Origin',(27.5124378109453,-15.,54.4610102290262));
#7067=CARTESIAN_POINT('',(44.5522388059701,-32.5,36.1677004669861));
#7068=CARTESIAN_POINT('Origin',(27.5124378109453,-32.5,54.4610102290262));
#7069=CARTESIAN_POINT('',(44.5522388059701,-15.,36.1677004669861));
#7070=CARTESIAN_POINT('Origin',(65.,-15.,14.2157287525381));
#7071=CARTESIAN_POINT('',(35.,-32.5,14.2157287525381));
#7072=CARTESIAN_POINT('Origin',(65.,-32.5,14.2157287525381));
#7073=CARTESIAN_POINT('',(35.,-15.,14.2157287525381));
#7074=CARTESIAN_POINT('Origin',(8.88178419700125E-15,-15.,31.25));
#7075=CARTESIAN_POINT('Origin',(-32.5,-32.5,15.625));
#7076=CARTESIAN_POINT('',(-35.,-32.5,0.));
#7077=CARTESIAN_POINT('Origin',(-32.5,-32.5,0.));
#7078=CARTESIAN_POINT('',(-35.,-32.5,14.2157287525381));
#7079=CARTESIAN_POINT('Origin',(-32.5,-32.5,14.2157287525381));
#7080=CARTESIAN_POINT('',(-35.,-32.5,15.625));
#7081=CARTESIAN_POINT('Origin',(-65.,-32.5,14.2157287525381));
#7082=CARTESIAN_POINT('Origin',(-42.8482587064676,-32.5,37.9970314431901));
#7083=CARTESIAN_POINT('Origin',(-65.,-32.5,14.2157287525381));
#7084=CARTESIAN_POINT('Origin',(-27.5124378109453,-32.5,54.4610102290262));
#7085=CARTESIAN_POINT('Origin',(-48.1467661691542,-32.5,63.4317679007958));
#7086=CARTESIAN_POINT('Origin',(0.,-32.5,42.5));
#7087=CARTESIAN_POINT('Origin',(48.1467661691542,-32.5,63.4317679007958));
#7088=CARTESIAN_POINT('Origin',(27.5124378109453,-32.5,54.4610102290262));
#7089=CARTESIAN_POINT('Origin',(42.8482587064677,-32.5,37.9970314431901));
#7090=CARTESIAN_POINT('Origin',(65.,-32.5,14.2157287525381));
#7091=CARTESIAN_POINT('Origin',(32.5,-32.5,14.2157287525381));
#7092=CARTESIAN_POINT('Origin',(32.5,-32.5,36.875));
#7093=CARTESIAN_POINT('',(35.,-32.5,0.));
#7094=CARTESIAN_POINT('Origin',(32.5,-32.5,0.));
#7095=CARTESIAN_POINT('',(35.,-32.5,36.875));
#7096=CARTESIAN_POINT('Origin',(0.,-32.5,0.));
#7097=CARTESIAN_POINT('Origin',(0.,-32.5,0.));
#7098=CARTESIAN_POINT('Origin',(-65.,-15.,14.2157287525381));
#7099=CARTESIAN_POINT('',(-35.,-15.,14.2157287525381));
#7100=CARTESIAN_POINT('Origin',(-35.,-15.,0.));
#7101=CARTESIAN_POINT('',(-35.,-15.,0.));
#7102=CARTESIAN_POINT('Origin',(35.,-15.,42.5));
#7103=CARTESIAN_POINT('',(35.,-15.,0.));
#7104=CARTESIAN_POINT('Origin',(0.,-15.,0.));
#7105=CARTESIAN_POINT('Origin',(0.,36.5,64.5));
#7106=CARTESIAN_POINT('',(-25.,36.5,64.5));
#7107=CARTESIAN_POINT('',(-3.06161699786838E-15,36.5,89.5));
#7108=CARTESIAN_POINT('Origin',(0.,36.5,64.5));
#7109=CARTESIAN_POINT('',(-3.24531401774049E-15,35.,91.));
#7110=CARTESIAN_POINT('Origin',(-3.24531401774049E-15,36.5,91.));
#7111=CARTESIAN_POINT('Origin',(0.,35.,64.5));
#7112=CARTESIAN_POINT('Origin',(0.,36.5,64.5));
#7113=CARTESIAN_POINT('Origin',(0.,35.,64.5));
#7114=CARTESIAN_POINT('',(-25.,38.5,64.5));
#7115=CARTESIAN_POINT('',(-3.06161699786838E-15,38.5,39.5));
#7116=CARTESIAN_POINT('Origin',(0.,38.5,64.5));
#7117=CARTESIAN_POINT('',(-25.,35.,64.5));
#7118=CARTESIAN_POINT('Origin',(0.,38.5,64.5));
#7119=CARTESIAN_POINT('Origin',(8.88178419700125E-15,35.,31.25));
#7120=CARTESIAN_POINT('',(-32.5,35.,14.2157287525381));
#7121=CARTESIAN_POINT('',(-32.5,35.,0.));
#7122=CARTESIAN_POINT('',(-32.5,35.,15.625));
#7123=CARTESIAN_POINT('',(-42.8482587064676,35.,37.9970314431901));
#7124=CARTESIAN_POINT('Origin',(-65.,35.,14.2157287525381));
#7125=CARTESIAN_POINT('',(-48.1467661691542,35.,63.4317679007958));
#7126=CARTESIAN_POINT('Origin',(-27.5124378109453,35.,54.4610102290262));
#7127=CARTESIAN_POINT('',(48.1467661691542,35.,63.4317679007958));
#7128=CARTESIAN_POINT('Origin',(0.,35.,42.5));
#7129=CARTESIAN_POINT('',(42.8482587064677,35.,37.9970314431901));
#7130=CARTESIAN_POINT('Origin',(27.5124378109453,35.,54.4610102290262));
#7131=CARTESIAN_POINT('',(32.5,35.,14.2157287525381));
#7132=CARTESIAN_POINT('Origin',(65.,35.,14.2157287525381));
#7133=CARTESIAN_POINT('',(32.5,35.,0.));
#7134=CARTESIAN_POINT('',(32.5,35.,36.875));
#7135=CARTESIAN_POINT('Origin',(0.,35.,0.));
#7136=CARTESIAN_POINT('Origin',(0.,38.5,64.5));
#7137=CARTESIAN_POINT('',(-2.87791997799628E-15,40.,41.));
#7138=CARTESIAN_POINT('Origin',(0.,40.,64.5));
#7139=CARTESIAN_POINT('Origin',(-2.87791997799628E-15,38.5,41.));
#7140=CARTESIAN_POINT('Origin',(0.,40.,64.5));
#7141=CARTESIAN_POINT('',(-2.63299061816681E-15,40.,43.));
#7142=CARTESIAN_POINT('Origin',(0.,40.,64.5));
#7143=CARTESIAN_POINT('Origin',(0.,41.5,64.5));
#7144=CARTESIAN_POINT('',(-2.44929359829471E-15,41.5,44.5));
#7145=CARTESIAN_POINT('Origin',(-2.63299061816681E-15,41.5,43.));
#7146=CARTESIAN_POINT('',(-20.,41.5,64.5));
#7147=CARTESIAN_POINT('Origin',(0.,41.5,64.5));
#7148=CARTESIAN_POINT('Origin',(0.,41.5,64.5));
#7149=CARTESIAN_POINT('Origin',(0.,35.,64.5));
#7150=CARTESIAN_POINT('',(-20.,55.,64.5));
#7151=CARTESIAN_POINT('Origin',(0.,55.,64.5));
#7152=CARTESIAN_POINT('',(-20.,35.,64.5));
#7153=CARTESIAN_POINT('Origin',(65.,17.5,14.2157287525381));
#7154=CARTESIAN_POINT('',(32.5,15.,14.2157287525381));
#7155=CARTESIAN_POINT('',(35.,17.5,14.2157287525381));
#7156=CARTESIAN_POINT('Origin',(32.5,17.5,14.2157287525381));
#7157=CARTESIAN_POINT('',(44.5522388059701,17.5,36.1677004669861));
#7158=CARTESIAN_POINT('Origin',(65.,17.5,14.2157287525381));
#7159=CARTESIAN_POINT('',(42.8482587064677,15.,37.9970314431901));
#7160=CARTESIAN_POINT('Origin',(42.8482587064677,17.5,37.9970314431901));
#7161=CARTESIAN_POINT('Origin',(65.,15.,14.2157287525381));
#7162=CARTESIAN_POINT('Origin',(27.5124378109453,17.5,54.4610102290262));
#7163=CARTESIAN_POINT('',(50.4394693200663,17.5,64.4285187532146));
#7164=CARTESIAN_POINT('',(48.1467661691542,15.,63.4317679007958));
#7165=CARTESIAN_POINT('Origin',(48.1467661691542,17.5,63.4317679007958));
#7166=CARTESIAN_POINT('Origin',(27.5124378109453,15.,54.4610102290262));
#7167=CARTESIAN_POINT('Origin',(27.5124378109453,17.5,54.4610102290262));
#7168=CARTESIAN_POINT('Origin',(0.,17.5,42.5));
#7169=CARTESIAN_POINT('',(-50.4394693200663,17.5,64.4285187532146));
#7170=CARTESIAN_POINT('',(-48.1467661691542,15.,63.4317679007958));
#7171=CARTESIAN_POINT('Origin',(-48.1467661691542,17.5,63.4317679007958));
#7172=CARTESIAN_POINT('Origin',(0.,15.,42.5));
#7173=CARTESIAN_POINT('Origin',(0.,17.5,42.5));
#7174=CARTESIAN_POINT('Origin',(-27.5124378109453,17.5,54.4610102290262));
#7175=CARTESIAN_POINT('',(-44.5522388059701,17.5,36.1677004669861));
#7176=CARTESIAN_POINT('',(-42.8482587064677,15.,37.9970314431901));
#7177=CARTESIAN_POINT('Origin',(-42.8482587064677,17.5,37.9970314431901));
#7178=CARTESIAN_POINT('Origin',(-27.5124378109453,15.,54.4610102290262));
#7179=CARTESIAN_POINT('Origin',(-27.5124378109453,17.5,54.4610102290262));
#7180=CARTESIAN_POINT('Origin',(-65.,17.5,14.2157287525381));
#7181=CARTESIAN_POINT('',(-35.,17.5,14.2157287525381));
#7182=CARTESIAN_POINT('',(-32.5,15.,14.2157287525381));
#7183=CARTESIAN_POINT('Origin',(-32.5,17.5,14.2157287525381));
#7184=CARTESIAN_POINT('Origin',(-65.,15.,14.2157287525381));
#7185=CARTESIAN_POINT('Origin',(-65.,17.5,14.2157287525381));
#7186=CARTESIAN_POINT('Origin',(-32.5,17.5,15.625));
#7187=CARTESIAN_POINT('',(-35.,17.5,0.));
#7188=CARTESIAN_POINT('',(-32.5,15.,0.));
#7189=CARTESIAN_POINT('Origin',(-32.5,17.5,0.));
#7190=CARTESIAN_POINT('',(-32.5,15.,15.625));
#7191=CARTESIAN_POINT('',(-35.,17.5,15.625));
#7192=CARTESIAN_POINT('Origin',(0.,17.5,0.));
#7193=CARTESIAN_POINT('',(35.,17.5,0.));
#7194=CARTESIAN_POINT('',(32.5,15.,0.));
#7195=CARTESIAN_POINT('Origin',(32.5,17.5,0.));
#7196=CARTESIAN_POINT('Origin',(0.,15.,0.));
#7197=CARTESIAN_POINT('Origin',(0.,17.5,0.));
#7198=CARTESIAN_POINT('Origin',(32.5,17.5,36.875));
#7199=CARTESIAN_POINT('',(35.,17.5,36.875));
#7200=CARTESIAN_POINT('',(32.5,15.,36.875));
#7201=CARTESIAN_POINT('Origin',(-27.5124378109453,15.,54.4610102290262));
#7202=CARTESIAN_POINT('',(-50.4394693200663,32.5,64.4285187532146));
#7203=CARTESIAN_POINT('',(-50.4394693200663,15.,64.4285187532146));
#7204=CARTESIAN_POINT('',(-44.5522388059701,32.5,36.1677004669861));
#7205=CARTESIAN_POINT('Origin',(-27.5124378109453,32.5,54.4610102290262));
#7206=CARTESIAN_POINT('',(-44.5522388059701,15.,36.1677004669861));
#7207=CARTESIAN_POINT('Origin',(0.,15.,42.5));
#7208=CARTESIAN_POINT('',(50.4394693200663,32.5,64.4285187532146));
#7209=CARTESIAN_POINT('',(50.4394693200663,15.,64.4285187532146));
#7210=CARTESIAN_POINT('Origin',(0.,32.5,42.5));
#7211=CARTESIAN_POINT('Origin',(27.5124378109453,15.,54.4610102290262));
#7212=CARTESIAN_POINT('',(44.5522388059701,32.5,36.1677004669861));
#7213=CARTESIAN_POINT('',(44.5522388059701,15.,36.1677004669861));
#7214=CARTESIAN_POINT('Origin',(27.5124378109453,32.5,54.4610102290262));
#7215=CARTESIAN_POINT('Origin',(65.,15.,14.2157287525381));
#7216=CARTESIAN_POINT('',(35.,32.5,14.2157287525381));
#7217=CARTESIAN_POINT('',(35.,15.,14.2157287525381));
#7218=CARTESIAN_POINT('Origin',(65.,32.5,14.2157287525381));
#7219=CARTESIAN_POINT('Origin',(8.88178419700125E-15,15.,31.25));
#7220=CARTESIAN_POINT('Origin',(-32.5,32.5,15.625));
#7221=CARTESIAN_POINT('',(-35.,32.5,0.));
#7222=CARTESIAN_POINT('Origin',(-32.5,32.5,0.));
#7223=CARTESIAN_POINT('',(-35.,32.5,14.2157287525381));
#7224=CARTESIAN_POINT('',(-35.,32.5,15.625));
#7225=CARTESIAN_POINT('Origin',(-32.5,32.5,14.2157287525381));
#7226=CARTESIAN_POINT('Origin',(-65.,32.5,14.2157287525381));
#7227=CARTESIAN_POINT('Origin',(-42.8482587064676,32.5,37.9970314431901));
#7228=CARTESIAN_POINT('Origin',(-65.,32.5,14.2157287525381));
#7229=CARTESIAN_POINT('Origin',(-27.5124378109453,32.5,54.4610102290262));
#7230=CARTESIAN_POINT('Origin',(-48.1467661691542,32.5,63.4317679007958));
#7231=CARTESIAN_POINT('Origin',(0.,32.5,42.5));
#7232=CARTESIAN_POINT('Origin',(48.1467661691542,32.5,63.4317679007958));
#7233=CARTESIAN_POINT('Origin',(27.5124378109453,32.5,54.4610102290262));
#7234=CARTESIAN_POINT('Origin',(42.8482587064677,32.5,37.9970314431901));
#7235=CARTESIAN_POINT('Origin',(65.,32.5,14.2157287525381));
#7236=CARTESIAN_POINT('Origin',(32.5,32.5,14.2157287525381));
#7237=CARTESIAN_POINT('Origin',(32.5,32.5,36.875));
#7238=CARTESIAN_POINT('',(35.,32.5,0.));
#7239=CARTESIAN_POINT('Origin',(32.5,32.5,0.));
#7240=CARTESIAN_POINT('',(35.,32.5,36.875));
#7241=CARTESIAN_POINT('Origin',(0.,32.5,0.));
#7242=CARTESIAN_POINT('Origin',(0.,32.5,0.));
#7243=CARTESIAN_POINT('Origin',(-65.,15.,14.2157287525381));
#7244=CARTESIAN_POINT('',(-35.,15.,14.2157287525381));
#7245=CARTESIAN_POINT('Origin',(-35.,15.,0.));
#7246=CARTESIAN_POINT('',(-35.,15.,0.));
#7247=CARTESIAN_POINT('Origin',(0.,55.,64.5));
#7248=CARTESIAN_POINT('Origin',(35.,15.,42.5));
#7249=CARTESIAN_POINT('',(35.,15.,0.));
#7250=CARTESIAN_POINT('Origin',(0.,15.,0.));
#7251=UNCERTAINTY_MEASURE_WITH_UNIT(LENGTH_MEASURE(0.01),#7255,
'DISTANCE_ACCURACY_VALUE',
'Maximum model space distance between geometric entities at asserted c
onnectivities');
#7252=UNCERTAINTY_MEASURE_WITH_UNIT(LENGTH_MEASURE(0.01),#7255,
'DISTANCE_ACCURACY_VALUE',
'Maximum model space distance between geometric entities at asserted c
onnectivities');
#7253=(
GEOMETRIC_REPRESENTATION_CONTEXT(3)
GLOBAL_UNCERTAINTY_ASSIGNED_CONTEXT((#7251))
GLOBAL_UNIT_ASSIGNED_CONTEXT((#7255,#7257,#7258))
REPRESENTATION_CONTEXT('','3D')
);
#7254=(
GEOMETRIC_REPRESENTATION_CONTEXT(3)
GLOBAL_UNCERTAINTY_ASSIGNED_CONTEXT((#7252))
GLOBAL_UNIT_ASSIGNED_CONTEXT((#7255,#7257,#7258))
REPRESENTATION_CONTEXT('','3D')
);
#7255=(
LENGTH_UNIT()
NAMED_UNIT(*)
SI_UNIT(.MILLI.,.METRE.)
);
#7256=(
LENGTH_UNIT()
NAMED_UNIT(*)
SI_UNIT($,.METRE.)
);
#7257=(
NAMED_UNIT(*)
PLANE_ANGLE_UNIT()
SI_UNIT($,.RADIAN.)
);
#7258=(
NAMED_UNIT(*)
SI_UNIT($,.STERADIAN.)
SOLID_ANGLE_UNIT()
);
#7259=SHAPE_DEFINITION_REPRESENTATION(#7260,#7261);
#7260=PRODUCT_DEFINITION_SHAPE('',$,#7263);
#7261=SHAPE_REPRESENTATION('',(#3879),#7253);
#7262=PRODUCT_DEFINITION_CONTEXT('part definition',#7267,'design');
#7263=PRODUCT_DEFINITION('Crank Shaft','Crank Shaft',#7264,#7262);
#7264=PRODUCT_DEFINITION_FORMATION('',$,#7269);
#7265=PRODUCT_RELATED_PRODUCT_CATEGORY('Crank Shaft','Crank Shaft',(#7269));
#7266=APPLICATION_PROTOCOL_DEFINITION('international standard',
'automotive_design',2009,#7267);
#7267=APPLICATION_CONTEXT(
'Core Data for Automotive Mechanical Design Process');
#7268=PRODUCT_CONTEXT('part definition',#7267,'mechanical');
#7269=PRODUCT('Crank Shaft','Crank Shaft',$,(#7268));
#7270=PRESENTATION_STYLE_ASSIGNMENT((#7271));
#7271=SURFACE_STYLE_USAGE(.BOTH.,#7272);
#7272=SURFACE_SIDE_STYLE('',(#7273));
#7273=SURFACE_STYLE_FILL_AREA(#7274);
#7274=FILL_AREA_STYLE('Steel - Satin',(#7275));
#7275=FILL_AREA_STYLE_COLOUR('Steel - Satin',#7276);
#7276=COLOUR_RGB('Steel - Satin',0.627450980392157,0.627450980392157,0.627450980392157);
ENDSEC;
END-ISO-10303-21;
