ISO-10303-21;
HEADER;
/* Generated by software containing ST-Developer
 * from STEP Tools, Inc. (www.steptools.com) 
 */

FILE_DESCRIPTION(
/* description */ (''),
/* implementation_level */ '2;1');

FILE_NAME(
/* name */ 'piston_crankshaft_assembly.step',
/* time_stamp */ '2026-08-18T13:28:18-04:00',
/* author */ (''),
/* organization */ (''),
/* preprocessor_version */ 'ST-DEVELOPER v20.1',
/* originating_system */ 'Autodesk Translation Framework v15.8.0.0',
/* authorisation */ '');

FILE_SCHEMA (('AUTOMOTIVE_DESIGN { 1 0 10303 214 3 1 1 }'));
ENDSEC;

DATA;
#10=MECHANICAL_DESIGN_GEOMETRIC_PRESENTATION_REPRESENTATION('',(#83,#84,
#85,#86),#10807);
#11=ITEM_DEFINED_TRANSFORMATION($,$,#5586,#5759);
#12=ITEM_DEFINED_TRANSFORMATION($,$,#5586,#5760);
#13=ITEM_DEFINED_TRANSFORMATION($,$,#5586,#5761);
#14=ITEM_DEFINED_TRANSFORMATION($,$,#5586,#5762);
#15=ITEM_DEFINED_TRANSFORMATION($,$,#5764,#5778);
#16=ITEM_DEFINED_TRANSFORMATION($,$,#5764,#5779);
#17=ITEM_DEFINED_TRANSFORMATION($,$,#5764,#5780);
#18=ITEM_DEFINED_TRANSFORMATION($,$,#5764,#5781);
#19=ITEM_DEFINED_TRANSFORMATION($,$,#6469,#6511);
#20=ITEM_DEFINED_TRANSFORMATION($,$,#6469,#6512);
#21=ITEM_DEFINED_TRANSFORMATION($,$,#6469,#6513);
#22=ITEM_DEFINED_TRANSFORMATION($,$,#6469,#6514);
#23=ITEM_DEFINED_TRANSFORMATION($,$,#5585,#6515);
#24=ITEM_DEFINED_TRANSFORMATION($,$,#5763,#6516);
#25=ITEM_DEFINED_TRANSFORMATION($,$,#5782,#6517);
#26=ITEM_DEFINED_TRANSFORMATION($,$,#6468,#6518);
#27=(
REPRESENTATION_RELATIONSHIP($,$,#10846,#10845)
REPRESENTATION_RELATIONSHIP_WITH_TRANSFORMATION(#11)
SHAPE_REPRESENTATION_RELATIONSHIP()
);
#28=(
REPRESENTATION_RELATIONSHIP($,$,#10846,#10845)
REPRESENTATION_RELATIONSHIP_WITH_TRANSFORMATION(#12)
SHAPE_REPRESENTATION_RELATIONSHIP()
);
#29=(
REPRESENTATION_RELATIONSHIP($,$,#10846,#10845)
REPRESENTATION_RELATIONSHIP_WITH_TRANSFORMATION(#13)
SHAPE_REPRESENTATION_RELATIONSHIP()
);
#30=(
REPRESENTATION_RELATIONSHIP($,$,#10846,#10845)
REPRESENTATION_RELATIONSHIP_WITH_TRANSFORMATION(#14)
SHAPE_REPRESENTATION_RELATIONSHIP()
);
#31=(
REPRESENTATION_RELATIONSHIP($,$,#10848,#10847)
REPRESENTATION_RELATIONSHIP_WITH_TRANSFORMATION(#15)
SHAPE_REPRESENTATION_RELATIONSHIP()
);
#32=(
REPRESENTATION_RELATIONSHIP($,$,#10848,#10847)
REPRESENTATION_RELATIONSHIP_WITH_TRANSFORMATION(#16)
SHAPE_REPRESENTATION_RELATIONSHIP()
);
#33=(
REPRESENTATION_RELATIONSHIP($,$,#10848,#10847)
REPRESENTATION_RELATIONSHIP_WITH_TRANSFORMATION(#17)
SHAPE_REPRESENTATION_RELATIONSHIP()
);
#34=(
REPRESENTATION_RELATIONSHIP($,$,#10848,#10847)
REPRESENTATION_RELATIONSHIP_WITH_TRANSFORMATION(#18)
SHAPE_REPRESENTATION_RELATIONSHIP()
);
#35=(
REPRESENTATION_RELATIONSHIP($,$,#10851,#10850)
REPRESENTATION_RELATIONSHIP_WITH_TRANSFORMATION(#19)
SHAPE_REPRESENTATION_RELATIONSHIP()
);
#36=(
REPRESENTATION_RELATIONSHIP($,$,#10851,#10850)
REPRESENTATION_RELATIONSHIP_WITH_TRANSFORMATION(#20)
SHAPE_REPRESENTATION_RELATIONSHIP()
);
#37=(
REPRESENTATION_RELATIONSHIP($,$,#10851,#10850)
REPRESENTATION_RELATIONSHIP_WITH_TRANSFORMATION(#21)
SHAPE_REPRESENTATION_RELATIONSHIP()
);
#38=(
REPRESENTATION_RELATIONSHIP($,$,#10851,#10850)
REPRESENTATION_RELATIONSHIP_WITH_TRANSFORMATION(#22)
SHAPE_REPRESENTATION_RELATIONSHIP()
);
#39=(
REPRESENTATION_RELATIONSHIP($,$,#10845,#10844)
REPRESENTATION_RELATIONSHIP_WITH_TRANSFORMATION(#23)
SHAPE_REPRESENTATION_RELATIONSHIP()
);
#40=(
REPRESENTATION_RELATIONSHIP($,$,#10847,#10844)
REPRESENTATION_RELATIONSHIP_WITH_TRANSFORMATION(#24)
SHAPE_REPRESENTATION_RELATIONSHIP()
);
#41=(
REPRESENTATION_RELATIONSHIP($,$,#10849,#10844)
REPRESENTATION_RELATIONSHIP_WITH_TRANSFORMATION(#25)
SHAPE_REPRESENTATION_RELATIONSHIP()
);
#42=(
REPRESENTATION_RELATIONSHIP($,$,#10850,#10844)
REPRESENTATION_RELATIONSHIP_WITH_TRANSFORMATION(#26)
SHAPE_REPRESENTATION_RELATIONSHIP()
);
#43=CONTEXT_DEPENDENT_SHAPE_REPRESENTATION(#27,#10823);
#44=CONTEXT_DEPENDENT_SHAPE_REPRESENTATION(#28,#10824);
#45=CONTEXT_DEPENDENT_SHAPE_REPRESENTATION(#29,#10825);
#46=CONTEXT_DEPENDENT_SHAPE_REPRESENTATION(#30,#10826);
#47=CONTEXT_DEPENDENT_SHAPE_REPRESENTATION(#31,#10829);
#48=CONTEXT_DEPENDENT_SHAPE_REPRESENTATION(#32,#10830);
#49=CONTEXT_DEPENDENT_SHAPE_REPRESENTATION(#33,#10831);
#50=CONTEXT_DEPENDENT_SHAPE_REPRESENTATION(#34,#10832);
#51=CONTEXT_DEPENDENT_SHAPE_REPRESENTATION(#35,#10836);
#52=CONTEXT_DEPENDENT_SHAPE_REPRESENTATION(#36,#10837);
#53=CONTEXT_DEPENDENT_SHAPE_REPRESENTATION(#37,#10838);
#54=CONTEXT_DEPENDENT_SHAPE_REPRESENTATION(#38,#10839);
#55=CONTEXT_DEPENDENT_SHAPE_REPRESENTATION(#39,#10840);
#56=CONTEXT_DEPENDENT_SHAPE_REPRESENTATION(#40,#10841);
#57=CONTEXT_DEPENDENT_SHAPE_REPRESENTATION(#41,#10842);
#58=CONTEXT_DEPENDENT_SHAPE_REPRESENTATION(#42,#10843);
#59=NEXT_ASSEMBLY_USAGE_OCCURRENCE('Connecting Rod:1',
'Connecting Rod:1','Connecting Rod:1',#10854,#10855,'Connecting Rod:1');
#60=NEXT_ASSEMBLY_USAGE_OCCURRENCE('Connecting Rod:2',
'Connecting Rod:2','Connecting Rod:2',#10854,#10855,'Connecting Rod:2');
#61=NEXT_ASSEMBLY_USAGE_OCCURRENCE('Connecting Rod:3',
'Connecting Rod:3','Connecting Rod:3',#10854,#10855,'Connecting Rod:3');
#62=NEXT_ASSEMBLY_USAGE_OCCURRENCE('Connecting Rod:4',
'Connecting Rod:4','Connecting Rod:4',#10854,#10855,'Connecting Rod:4');
#63=NEXT_ASSEMBLY_USAGE_OCCURRENCE('Pin:1','Pin:1','Pin:1',#10856,#10857,
'Pin:1');
#64=NEXT_ASSEMBLY_USAGE_OCCURRENCE('Pin:2','Pin:2','Pin:2',#10856,#10857,
'Pin:2');
#65=NEXT_ASSEMBLY_USAGE_OCCURRENCE('Pin:3','Pin:3','Pin:3',#10856,#10857,
'Pin:3');
#66=NEXT_ASSEMBLY_USAGE_OCCURRENCE('Pin:4','Pin:4','Pin:4',#10856,#10857,
'Pin:4');
#67=NEXT_ASSEMBLY_USAGE_OCCURRENCE('Piston:1','Piston:1','Piston:1',#10859,
#10860,'Piston:1');
#68=NEXT_ASSEMBLY_USAGE_OCCURRENCE('Piston:2','Piston:2','Piston:2',#10859,
#10860,'Piston:2');
#69=NEXT_ASSEMBLY_USAGE_OCCURRENCE('Piston:3','Piston:3','Piston:3',#10859,
#10860,'Piston:3');
#70=NEXT_ASSEMBLY_USAGE_OCCURRENCE('Piston:4','Piston:4','Piston:4',#10859,
#10860,'Piston:4');
#71=NEXT_ASSEMBLY_USAGE_OCCURRENCE('Connecting Rods:1',
'Connecting Rods:1','Connecting Rods:1',#10853,#10854,
'Connecting Rods:1');
#72=NEXT_ASSEMBLY_USAGE_OCCURRENCE('Pins:1','Pins:1','Pins:1',#10853,#10856,
'Pins:1');
#73=NEXT_ASSEMBLY_USAGE_OCCURRENCE('Crank Shaft:1','Crank Shaft:1',
'Crank Shaft:1',#10853,#10858,'Crank Shaft:1');
#74=NEXT_ASSEMBLY_USAGE_OCCURRENCE('pistons:1','pistons:1','pistons:1',
#10853,#10859,'pistons:1');
#75=SHAPE_REPRESENTATION_RELATIONSHIP('SRR','None',#10846,#79);
#76=SHAPE_REPRESENTATION_RELATIONSHIP('SRR','None',#10848,#80);
#77=SHAPE_REPRESENTATION_RELATIONSHIP('SRR','None',#10849,#81);
#78=SHAPE_REPRESENTATION_RELATIONSHIP('SRR','None',#10851,#82);
#79=ADVANCED_BREP_SHAPE_REPRESENTATION('',(#87),#10801);
#80=ADVANCED_BREP_SHAPE_REPRESENTATION('',(#88),#10803);
#81=ADVANCED_BREP_SHAPE_REPRESENTATION('',(#89),#10804);
#82=ADVANCED_BREP_SHAPE_REPRESENTATION('',(#90),#10806);
#83=STYLED_ITEM('',(#10888),#87);
#84=STYLED_ITEM('',(#10888),#88);
#85=STYLED_ITEM('',(#10888),#89);
#86=STYLED_ITEM('',(#10888),#90);
#87=MANIFOLD_SOLID_BREP('Body1',#5535);
#88=MANIFOLD_SOLID_BREP('Body1',#5536);
#89=MANIFOLD_SOLID_BREP('Body4',#5537);
#90=MANIFOLD_SOLID_BREP('Body1',#5538);
#91=FACE_BOUND('',#1203,.T.);
#92=FACE_BOUND('',#1205,.T.);
#93=FACE_BOUND('',#1227,.T.);
#94=FACE_BOUND('',#1268,.T.);
#95=FACE_BOUND('',#1283,.T.);
#96=FACE_BOUND('',#1286,.T.);
#97=FACE_BOUND('',#1301,.T.);
#98=FACE_BOUND('',#1317,.T.);
#99=FACE_BOUND('',#1320,.T.);
#100=FACE_BOUND('',#1335,.T.);
#101=FACE_BOUND('',#1352,.T.);
#102=FACE_BOUND('',#1355,.T.);
#103=FACE_BOUND('',#1371,.T.);
#104=FACE_BOUND('',#1387,.T.);
#105=FACE_BOUND('',#1390,.T.);
#106=FACE_BOUND('',#1405,.T.);
#107=FACE_BOUND('',#1422,.T.);
#108=FACE_BOUND('',#1425,.T.);
#109=FACE_BOUND('',#1441,.T.);
#110=FACE_BOUND('',#1457,.T.);
#111=FACE_BOUND('',#1460,.T.);
#112=FACE_BOUND('',#1476,.T.);
#113=FACE_BOUND('',#1493,.T.);
#114=FACE_BOUND('',#1496,.T.);
#115=FACE_BOUND('',#1512,.T.);
#116=FACE_BOUND('',#1528,.T.);
#117=FACE_BOUND('',#1531,.T.);
#118=FACE_BOUND('',#1547,.T.);
#119=FACE_BOUND('',#1562,.T.);
#120=FACE_BOUND('',#1567,.T.);
#121=FACE_BOUND('',#1568,.T.);
#122=FACE_BOUND('',#1570,.T.);
#123=FACE_BOUND('',#1571,.T.);
#124=FACE_BOUND('',#1578,.T.);
#125=FACE_BOUND('',#1581,.T.);
#126=FACE_BOUND('',#1584,.T.);
#127=FACE_BOUND('',#1587,.T.);
#128=FACE_BOUND('',#1590,.T.);
#129=FACE_BOUND('',#1593,.T.);
#130=PLANE('',#5607);
#131=PLANE('',#5613);
#132=PLANE('',#5621);
#133=PLANE('',#5639);
#134=PLANE('',#5640);
#135=PLANE('',#5668);
#136=PLANE('',#5671);
#137=PLANE('',#5686);
#138=PLANE('',#5687);
#139=PLANE('',#5715);
#140=PLANE('',#5720);
#141=PLANE('',#5749);
#142=PLANE('',#5751);
#143=PLANE('',#5753);
#144=PLANE('',#5758);
#145=PLANE('',#5773);
#146=PLANE('',#5777);
#147=PLANE('',#5783);
#148=PLANE('',#5796);
#149=PLANE('',#5806);
#150=PLANE('',#5848);
#151=PLANE('',#5868);
#152=PLANE('',#5869);
#153=PLANE('',#5879);
#154=PLANE('',#5889);
#155=PLANE('',#5931);
#156=PLANE('',#5951);
#157=PLANE('',#5952);
#158=PLANE('',#5965);
#159=PLANE('',#5975);
#160=PLANE('',#6018);
#161=PLANE('',#6038);
#162=PLANE('',#6039);
#163=PLANE('',#6049);
#164=PLANE('',#6059);
#165=PLANE('',#6101);
#166=PLANE('',#6121);
#167=PLANE('',#6122);
#168=PLANE('',#6135);
#169=PLANE('',#6145);
#170=PLANE('',#6188);
#171=PLANE('',#6208);
#172=PLANE('',#6209);
#173=PLANE('',#6219);
#174=PLANE('',#6229);
#175=PLANE('',#6272);
#176=PLANE('',#6292);
#177=PLANE('',#6293);
#178=PLANE('',#6306);
#179=PLANE('',#6316);
#180=PLANE('',#6359);
#181=PLANE('',#6379);
#182=PLANE('',#6380);
#183=PLANE('',#6390);
#184=PLANE('',#6400);
#185=PLANE('',#6444);
#186=PLANE('',#6464);
#187=PLANE('',#6465);
#188=PLANE('',#6466);
#189=PLANE('',#6473);
#190=PLANE('',#6481);
#191=PLANE('',#6488);
#192=PLANE('',#6492);
#193=PLANE('',#6496);
#194=PLANE('',#6500);
#195=PLANE('',#6504);
#196=PLANE('',#6505);
#197=PLANE('',#6506);
#198=PLANE('',#6510);
#199=LINE('',#8672,#423);
#200=LINE('',#8673,#424);
#201=LINE('',#8679,#425);
#202=LINE('',#8682,#426);
#203=LINE('',#8693,#427);
#204=LINE('',#8694,#428);
#205=LINE('',#8766,#429);
#206=LINE('',#8767,#430);
#207=LINE('',#8810,#431);
#208=LINE('',#8812,#432);
#209=LINE('',#8813,#433);
#210=LINE('',#8816,#434);
#211=LINE('',#8822,#435);
#212=LINE('',#8825,#436);
#213=LINE('',#8832,#437);
#214=LINE('',#8836,#438);
#215=LINE('',#8840,#439);
#216=LINE('',#8849,#440);
#217=LINE('',#8861,#441);
#218=LINE('',#8863,#442);
#219=LINE('',#8871,#443);
#220=LINE('',#8876,#444);
#221=LINE('',#8884,#445);
#222=LINE('',#8887,#446);
#223=LINE('',#8893,#447);
#224=LINE('',#8896,#448);
#225=LINE('',#8939,#449);
#226=LINE('',#8940,#450);
#227=LINE('',#9037,#451);
#228=LINE('',#9038,#452);
#229=LINE('',#9081,#453);
#230=LINE('',#9084,#454);
#231=LINE('',#9087,#455);
#232=LINE('',#9093,#456);
#233=LINE('',#9095,#457);
#234=LINE('',#9096,#458);
#235=LINE('',#9099,#459);
#236=LINE('',#9106,#460);
#237=LINE('',#9108,#461);
#238=LINE('',#9116,#462);
#239=LINE('',#9121,#463);
#240=LINE('',#9130,#464);
#241=LINE('',#9143,#465);
#242=LINE('',#9151,#466);
#243=LINE('',#9159,#467);
#244=LINE('',#9164,#468);
#245=LINE('',#9167,#469);
#246=LINE('',#9170,#470);
#247=LINE('',#9171,#471);
#248=LINE('',#9174,#472);
#249=LINE('',#9178,#473);
#250=LINE('',#9182,#474);
#251=LINE('',#9183,#475);
#252=LINE('',#9185,#476);
#253=LINE('',#9208,#477);
#254=LINE('',#9217,#478);
#255=LINE('',#9218,#479);
#256=LINE('',#9226,#480);
#257=LINE('',#9227,#481);
#258=LINE('',#9229,#482);
#259=LINE('',#9231,#483);
#260=LINE('',#9233,#484);
#261=LINE('',#9235,#485);
#262=LINE('',#9240,#486);
#263=LINE('',#9242,#487);
#264=LINE('',#9244,#488);
#265=LINE('',#9262,#489);
#266=LINE('',#9284,#490);
#267=LINE('',#9299,#491);
#268=LINE('',#9303,#492);
#269=LINE('',#9307,#493);
#270=LINE('',#9367,#494);
#271=LINE('',#9368,#495);
#272=LINE('',#9376,#496);
#273=LINE('',#9377,#497);
#274=LINE('',#9380,#498);
#275=LINE('',#9383,#499);
#276=LINE('',#9387,#500);
#277=LINE('',#9391,#501);
#278=LINE('',#9395,#502);
#279=LINE('',#9402,#503);
#280=LINE('',#9417,#504);
#281=LINE('',#9421,#505);
#282=LINE('',#9423,#506);
#283=LINE('',#9425,#507);
#284=LINE('',#9439,#508);
#285=LINE('',#9444,#509);
#286=LINE('',#9456,#510);
#287=LINE('',#9508,#511);
#288=LINE('',#9509,#512);
#289=LINE('',#9517,#513);
#290=LINE('',#9518,#514);
#291=LINE('',#9521,#515);
#292=LINE('',#9524,#516);
#293=LINE('',#9527,#517);
#294=LINE('',#9531,#518);
#295=LINE('',#9535,#519);
#296=LINE('',#9542,#520);
#297=LINE('',#9558,#521);
#298=LINE('',#9562,#522);
#299=LINE('',#9564,#523);
#300=LINE('',#9566,#524);
#301=LINE('',#9572,#525);
#302=LINE('',#9587,#526);
#303=LINE('',#9591,#527);
#304=LINE('',#9595,#528);
#305=LINE('',#9619,#529);
#306=LINE('',#9657,#530);
#307=LINE('',#9658,#531);
#308=LINE('',#9666,#532);
#309=LINE('',#9667,#533);
#310=LINE('',#9670,#534);
#311=LINE('',#9673,#535);
#312=LINE('',#9677,#536);
#313=LINE('',#9681,#537);
#314=LINE('',#9685,#538);
#315=LINE('',#9692,#539);
#316=LINE('',#9707,#540);
#317=LINE('',#9711,#541);
#318=LINE('',#9713,#542);
#319=LINE('',#9715,#543);
#320=LINE('',#9729,#544);
#321=LINE('',#9734,#545);
#322=LINE('',#9746,#546);
#323=LINE('',#9798,#547);
#324=LINE('',#9799,#548);
#325=LINE('',#9807,#549);
#326=LINE('',#9808,#550);
#327=LINE('',#9811,#551);
#328=LINE('',#9814,#552);
#329=LINE('',#9817,#553);
#330=LINE('',#9821,#554);
#331=LINE('',#9825,#555);
#332=LINE('',#9832,#556);
#333=LINE('',#9848,#557);
#334=LINE('',#9852,#558);
#335=LINE('',#9854,#559);
#336=LINE('',#9856,#560);
#337=LINE('',#9862,#561);
#338=LINE('',#9877,#562);
#339=LINE('',#9881,#563);
#340=LINE('',#9885,#564);
#341=LINE('',#9909,#565);
#342=LINE('',#9947,#566);
#343=LINE('',#9948,#567);
#344=LINE('',#9956,#568);
#345=LINE('',#9957,#569);
#346=LINE('',#9960,#570);
#347=LINE('',#9963,#571);
#348=LINE('',#9967,#572);
#349=LINE('',#9971,#573);
#350=LINE('',#9975,#574);
#351=LINE('',#9982,#575);
#352=LINE('',#9997,#576);
#353=LINE('',#10001,#577);
#354=LINE('',#10003,#578);
#355=LINE('',#10005,#579);
#356=LINE('',#10019,#580);
#357=LINE('',#10024,#581);
#358=LINE('',#10036,#582);
#359=LINE('',#10052,#583);
#360=LINE('',#10090,#584);
#361=LINE('',#10091,#585);
#362=LINE('',#10099,#586);
#363=LINE('',#10100,#587);
#364=LINE('',#10103,#588);
#365=LINE('',#10106,#589);
#366=LINE('',#10109,#590);
#367=LINE('',#10113,#591);
#368=LINE('',#10117,#592);
#369=LINE('',#10124,#593);
#370=LINE('',#10140,#594);
#371=LINE('',#10144,#595);
#372=LINE('',#10146,#596);
#373=LINE('',#10148,#597);
#374=LINE('',#10154,#598);
#375=LINE('',#10169,#599);
#376=LINE('',#10173,#600);
#377=LINE('',#10177,#601);
#378=LINE('',#10201,#602);
#379=LINE('',#10239,#603);
#380=LINE('',#10240,#604);
#381=LINE('',#10248,#605);
#382=LINE('',#10249,#606);
#383=LINE('',#10252,#607);
#384=LINE('',#10255,#608);
#385=LINE('',#10259,#609);
#386=LINE('',#10263,#610);
#387=LINE('',#10267,#611);
#388=LINE('',#10274,#612);
#389=LINE('',#10289,#613);
#390=LINE('',#10293,#614);
#391=LINE('',#10295,#615);
#392=LINE('',#10297,#616);
#393=LINE('',#10311,#617);
#394=LINE('',#10316,#618);
#395=LINE('',#10328,#619);
#396=LINE('',#10346,#620);
#397=LINE('',#10384,#621);
#398=LINE('',#10385,#622);
#399=LINE('',#10393,#623);
#400=LINE('',#10394,#624);
#401=LINE('',#10397,#625);
#402=LINE('',#10400,#626);
#403=LINE('',#10403,#627);
#404=LINE('',#10407,#628);
#405=LINE('',#10411,#629);
#406=LINE('',#10418,#630);
#407=LINE('',#10434,#631);
#408=LINE('',#10438,#632);
#409=LINE('',#10440,#633);
#410=LINE('',#10443,#634);
#411=LINE('',#10477,#635);
#412=LINE('',#10505,#636);
#413=LINE('',#10613,#637);
#414=LINE('',#10685,#638);
#415=LINE('',#10727,#639);
#416=LINE('',#10731,#640);
#417=LINE('',#10742,#641);
#418=LINE('',#10749,#642);
#419=LINE('',#10757,#643);
#420=LINE('',#10764,#644);
#421=LINE('',#10771,#645);
#422=LINE('',#10780,#646);
#423=VECTOR('',#6541,10.);
#424=VECTOR('',#6542,10.);
#425=VECTOR('',#6547,10.);
#426=VECTOR('',#6550,10.);
#427=VECTOR('',#6563,10.);
#428=VECTOR('',#6564,10.);
#429=VECTOR('',#6571,10.);
#430=VECTOR('',#6572,10.);
#431=VECTOR('',#6575,10.);
#432=VECTOR('',#6576,10.);
#433=VECTOR('',#6577,10.);
#434=VECTOR('',#6580,10.);
#435=VECTOR('',#6587,10.);
#436=VECTOR('',#6590,10.);
#437=VECTOR('',#6597,10.);
#438=VECTOR('',#6600,10.);
#439=VECTOR('',#6603,10.);
#440=VECTOR('',#6614,10.);
#441=VECTOR('',#6627,10.);
#442=VECTOR('',#6630,10.);
#443=VECTOR('',#6641,10.);
#444=VECTOR('',#6650,10.);
#445=VECTOR('',#6659,10.);
#446=VECTOR('',#6662,10.);
#447=VECTOR('',#6667,10.);
#448=VECTOR('',#6670,10.);
#449=VECTOR('',#6683,10.);
#450=VECTOR('',#6684,10.);
#451=VECTOR('',#6701,10.);
#452=VECTOR('',#6702,10.);
#453=VECTOR('',#6715,10.);
#454=VECTOR('',#6718,10.);
#455=VECTOR('',#6721,10.);
#456=VECTOR('',#6728,10.);
#457=VECTOR('',#6729,10.);
#458=VECTOR('',#6730,10.);
#459=VECTOR('',#6733,10.);
#460=VECTOR('',#6740,10.);
#461=VECTOR('',#6743,10.);
#462=VECTOR('',#6754,10.);
#463=VECTOR('',#6763,10.);
#464=VECTOR('',#6776,10.);
#465=VECTOR('',#6795,10.);
#466=VECTOR('',#6806,10.);
#467=VECTOR('',#6817,10.);
#468=VECTOR('',#6824,10.);
#469=VECTOR('',#6827,10.);
#470=VECTOR('',#6830,12.5);
#471=VECTOR('',#6831,10.);
#472=VECTOR('',#6834,12.5);
#473=VECTOR('',#6839,10.);
#474=VECTOR('',#6844,10.);
#475=VECTOR('',#6845,10.);
#476=VECTOR('',#6848,10.);
#477=VECTOR('',#6883,10.);
#478=VECTOR('',#6894,10.);
#479=VECTOR('',#6895,10.);
#480=VECTOR('',#6906,10.);
#481=VECTOR('',#6907,10.);
#482=VECTOR('',#6910,10.);
#483=VECTOR('',#6913,10.);
#484=VECTOR('',#6916,12.5);
#485=VECTOR('',#6919,12.5);
#486=VECTOR('',#6926,22.5);
#487=VECTOR('',#6929,5.);
#488=VECTOR('',#6932,10.);
#489=VECTOR('',#6959,5.);
#490=VECTOR('',#6992,22.5);
#491=VECTOR('',#7011,25.);
#492=VECTOR('',#7014,10.);
#493=VECTOR('',#7017,10.);
#494=VECTOR('',#7092,10.);
#495=VECTOR('',#7093,10.);
#496=VECTOR('',#7104,10.);
#497=VECTOR('',#7105,10.);
#498=VECTOR('',#7108,10.);
#499=VECTOR('',#7111,10.);
#500=VECTOR('',#7116,10.);
#501=VECTOR('',#7121,10.);
#502=VECTOR('',#7126,30.);
#503=VECTOR('',#7135,10.);
#504=VECTOR('',#7162,10.);
#505=VECTOR('',#7169,30.);
#506=VECTOR('',#7172,10.);
#507=VECTOR('',#7175,10.);
#508=VECTOR('',#7192,25.);
#509=VECTOR('',#7197,10.);
#510=VECTOR('',#7208,10.);
#511=VECTOR('',#7275,10.);
#512=VECTOR('',#7276,10.);
#513=VECTOR('',#7287,10.);
#514=VECTOR('',#7288,10.);
#515=VECTOR('',#7291,10.);
#516=VECTOR('',#7294,10.);
#517=VECTOR('',#7297,10.);
#518=VECTOR('',#7302,10.);
#519=VECTOR('',#7307,30.);
#520=VECTOR('',#7316,10.);
#521=VECTOR('',#7345,10.);
#522=VECTOR('',#7352,30.);
#523=VECTOR('',#7355,10.);
#524=VECTOR('',#7358,10.);
#525=VECTOR('',#7365,22.5);
#526=VECTOR('',#7384,25.);
#527=VECTOR('',#7387,10.);
#528=VECTOR('',#7390,10.);
#529=VECTOR('',#7421,20.);
#530=VECTOR('',#7468,10.);
#531=VECTOR('',#7469,10.);
#532=VECTOR('',#7480,10.);
#533=VECTOR('',#7481,10.);
#534=VECTOR('',#7484,10.);
#535=VECTOR('',#7487,10.);
#536=VECTOR('',#7492,10.);
#537=VECTOR('',#7497,10.);
#538=VECTOR('',#7502,30.);
#539=VECTOR('',#7511,10.);
#540=VECTOR('',#7538,10.);
#541=VECTOR('',#7545,30.);
#542=VECTOR('',#7548,10.);
#543=VECTOR('',#7551,10.);
#544=VECTOR('',#7568,25.);
#545=VECTOR('',#7573,10.);
#546=VECTOR('',#7584,10.);
#547=VECTOR('',#7651,10.);
#548=VECTOR('',#7652,10.);
#549=VECTOR('',#7663,10.);
#550=VECTOR('',#7664,10.);
#551=VECTOR('',#7667,10.);
#552=VECTOR('',#7670,10.);
#553=VECTOR('',#7673,10.);
#554=VECTOR('',#7678,10.);
#555=VECTOR('',#7683,30.);
#556=VECTOR('',#7692,10.);
#557=VECTOR('',#7721,10.);
#558=VECTOR('',#7728,30.);
#559=VECTOR('',#7731,10.);
#560=VECTOR('',#7734,10.);
#561=VECTOR('',#7741,22.5);
#562=VECTOR('',#7760,25.);
#563=VECTOR('',#7763,10.);
#564=VECTOR('',#7766,10.);
#565=VECTOR('',#7797,20.);
#566=VECTOR('',#7844,10.);
#567=VECTOR('',#7845,10.);
#568=VECTOR('',#7856,10.);
#569=VECTOR('',#7857,10.);
#570=VECTOR('',#7860,10.);
#571=VECTOR('',#7863,10.);
#572=VECTOR('',#7868,10.);
#573=VECTOR('',#7873,10.);
#574=VECTOR('',#7878,30.);
#575=VECTOR('',#7887,10.);
#576=VECTOR('',#7914,10.);
#577=VECTOR('',#7921,30.);
#578=VECTOR('',#7924,10.);
#579=VECTOR('',#7927,10.);
#580=VECTOR('',#7944,25.);
#581=VECTOR('',#7949,10.);
#582=VECTOR('',#7960,10.);
#583=VECTOR('',#7983,20.);
#584=VECTOR('',#8030,10.);
#585=VECTOR('',#8031,10.);
#586=VECTOR('',#8042,10.);
#587=VECTOR('',#8043,10.);
#588=VECTOR('',#8046,10.);
#589=VECTOR('',#8049,10.);
#590=VECTOR('',#8052,10.);
#591=VECTOR('',#8057,10.);
#592=VECTOR('',#8062,30.);
#593=VECTOR('',#8071,10.);
#594=VECTOR('',#8100,10.);
#595=VECTOR('',#8107,30.);
#596=VECTOR('',#8110,10.);
#597=VECTOR('',#8113,10.);
#598=VECTOR('',#8120,22.5);
#599=VECTOR('',#8139,25.);
#600=VECTOR('',#8142,10.);
#601=VECTOR('',#8145,10.);
#602=VECTOR('',#8176,20.);
#603=VECTOR('',#8223,10.);
#604=VECTOR('',#8224,10.);
#605=VECTOR('',#8235,10.);
#606=VECTOR('',#8236,10.);
#607=VECTOR('',#8239,10.);
#608=VECTOR('',#8242,10.);
#609=VECTOR('',#8247,10.);
#610=VECTOR('',#8252,10.);
#611=VECTOR('',#8257,30.);
#612=VECTOR('',#8266,10.);
#613=VECTOR('',#8293,10.);
#614=VECTOR('',#8300,30.);
#615=VECTOR('',#8303,10.);
#616=VECTOR('',#8306,10.);
#617=VECTOR('',#8323,25.);
#618=VECTOR('',#8328,10.);
#619=VECTOR('',#8339,10.);
#620=VECTOR('',#8364,20.);
#621=VECTOR('',#8411,10.);
#622=VECTOR('',#8412,10.);
#623=VECTOR('',#8423,10.);
#624=VECTOR('',#8424,10.);
#625=VECTOR('',#8427,10.);
#626=VECTOR('',#8430,10.);
#627=VECTOR('',#8433,10.);
#628=VECTOR('',#8438,10.);
#629=VECTOR('',#8443,30.);
#630=VECTOR('',#8452,10.);
#631=VECTOR('',#8481,10.);
#632=VECTOR('',#8488,30.);
#633=VECTOR('',#8491,10.);
#634=VECTOR('',#8496,10.);
#635=VECTOR('',#8505,10.);
#636=VECTOR('',#8506,10.);
#637=VECTOR('',#8509,5.00000007450581);
#638=VECTOR('',#8512,5.00000007450581);
#639=VECTOR('',#8523,40.);
#640=VECTOR('',#8528,35.0000005215406);
#641=VECTOR('',#8543,40.);
#642=VECTOR('',#8552,40.);
#643=VECTOR('',#8563,36.);
#644=VECTOR('',#8572,40.);
#645=VECTOR('',#8581,36.);
#646=VECTOR('',#8594,36.);
#647=CYLINDRICAL_SURFACE('',#5593,1.5);
#648=CYLINDRICAL_SURFACE('',#5595,1.5);
#649=CYLINDRICAL_SURFACE('',#5602,1.5);
#650=CYLINDRICAL_SURFACE('',#5605,1.5);
#651=CYLINDRICAL_SURFACE('',#5608,4.75);
#652=CYLINDRICAL_SURFACE('',#5610,2.5);
#653=CYLINDRICAL_SURFACE('',#5627,1.5);
#654=CYLINDRICAL_SURFACE('',#5633,1.5);
#655=CYLINDRICAL_SURFACE('',#5638,4.75000000000001);
#656=CYLINDRICAL_SURFACE('',#5641,1.5);
#657=CYLINDRICAL_SURFACE('',#5644,1.5);
#658=CYLINDRICAL_SURFACE('',#5651,1.5);
#659=CYLINDRICAL_SURFACE('',#5659,1.5);
#660=CYLINDRICAL_SURFACE('',#5666,2.5);
#661=CYLINDRICAL_SURFACE('',#5672,4.75000000000001);
#662=CYLINDRICAL_SURFACE('',#5674,1.5);
#663=CYLINDRICAL_SURFACE('',#5680,1.5);
#664=CYLINDRICAL_SURFACE('',#5685,4.75);
#665=CYLINDRICAL_SURFACE('',#5691,2.5);
#666=CYLINDRICAL_SURFACE('',#5699,2.5);
#667=CYLINDRICAL_SURFACE('',#5704,2.5);
#668=CYLINDRICAL_SURFACE('',#5709,2.5);
#669=CYLINDRICAL_SURFACE('',#5713,12.5);
#670=CYLINDRICAL_SURFACE('',#5716,12.5);
#671=CYLINDRICAL_SURFACE('',#5718,25.);
#672=CYLINDRICAL_SURFACE('',#5721,8.5);
#673=CYLINDRICAL_SURFACE('',#5729,2.5);
#674=CYLINDRICAL_SURFACE('',#5737,2.5);
#675=CYLINDRICAL_SURFACE('',#5742,2.5);
#676=CYLINDRICAL_SURFACE('',#5748,2.5);
#677=CYLINDRICAL_SURFACE('',#5750,12.5);
#678=CYLINDRICAL_SURFACE('',#5752,12.5);
#679=CYLINDRICAL_SURFACE('',#5755,22.5);
#680=CYLINDRICAL_SURFACE('',#5756,5.);
#681=CYLINDRICAL_SURFACE('',#5757,25.);
#682=CYLINDRICAL_SURFACE('',#5770,5.);
#683=CYLINDRICAL_SURFACE('',#5785,22.5);
#684=CYLINDRICAL_SURFACE('',#5793,25.);
#685=CYLINDRICAL_SURFACE('',#5833,2.5);
#686=CYLINDRICAL_SURFACE('',#5839,2.5);
#687=CYLINDRICAL_SURFACE('',#5840,25.);
#688=CYLINDRICAL_SURFACE('',#5842,55.);
#689=CYLINDRICAL_SURFACE('',#5844,25.);
#690=CYLINDRICAL_SURFACE('',#5846,30.);
#691=CYLINDRICAL_SURFACE('',#5849,2.5);
#692=CYLINDRICAL_SURFACE('',#5863,2.5);
#693=CYLINDRICAL_SURFACE('',#5867,30.);
#694=CYLINDRICAL_SURFACE('',#5870,35.);
#695=CYLINDRICAL_SURFACE('',#5876,25.);
#696=CYLINDRICAL_SURFACE('',#5916,2.5);
#697=CYLINDRICAL_SURFACE('',#5922,2.5);
#698=CYLINDRICAL_SURFACE('',#5923,25.);
#699=CYLINDRICAL_SURFACE('',#5925,55.);
#700=CYLINDRICAL_SURFACE('',#5927,25.);
#701=CYLINDRICAL_SURFACE('',#5929,30.);
#702=CYLINDRICAL_SURFACE('',#5932,2.5);
#703=CYLINDRICAL_SURFACE('',#5946,2.5);
#704=CYLINDRICAL_SURFACE('',#5950,30.);
#705=CYLINDRICAL_SURFACE('',#5953,35.);
#706=CYLINDRICAL_SURFACE('',#5954,22.5);
#707=CYLINDRICAL_SURFACE('',#5962,25.);
#708=CYLINDRICAL_SURFACE('',#5981,20.);
#709=CYLINDRICAL_SURFACE('',#6003,2.5);
#710=CYLINDRICAL_SURFACE('',#6009,2.5);
#711=CYLINDRICAL_SURFACE('',#6010,25.);
#712=CYLINDRICAL_SURFACE('',#6012,55.);
#713=CYLINDRICAL_SURFACE('',#6014,25.);
#714=CYLINDRICAL_SURFACE('',#6016,30.);
#715=CYLINDRICAL_SURFACE('',#6019,2.5);
#716=CYLINDRICAL_SURFACE('',#6033,2.5);
#717=CYLINDRICAL_SURFACE('',#6037,30.);
#718=CYLINDRICAL_SURFACE('',#6040,35.);
#719=CYLINDRICAL_SURFACE('',#6046,25.);
#720=CYLINDRICAL_SURFACE('',#6086,2.5);
#721=CYLINDRICAL_SURFACE('',#6092,2.5);
#722=CYLINDRICAL_SURFACE('',#6093,25.);
#723=CYLINDRICAL_SURFACE('',#6095,55.);
#724=CYLINDRICAL_SURFACE('',#6097,25.);
#725=CYLINDRICAL_SURFACE('',#6099,30.);
#726=CYLINDRICAL_SURFACE('',#6102,2.5);
#727=CYLINDRICAL_SURFACE('',#6116,2.5);
#728=CYLINDRICAL_SURFACE('',#6120,30.);
#729=CYLINDRICAL_SURFACE('',#6123,35.);
#730=CYLINDRICAL_SURFACE('',#6124,22.5);
#731=CYLINDRICAL_SURFACE('',#6132,25.);
#732=CYLINDRICAL_SURFACE('',#6151,20.);
#733=CYLINDRICAL_SURFACE('',#6173,2.5);
#734=CYLINDRICAL_SURFACE('',#6179,2.5);
#735=CYLINDRICAL_SURFACE('',#6180,25.);
#736=CYLINDRICAL_SURFACE('',#6182,55.);
#737=CYLINDRICAL_SURFACE('',#6184,25.);
#738=CYLINDRICAL_SURFACE('',#6186,30.);
#739=CYLINDRICAL_SURFACE('',#6189,2.5);
#740=CYLINDRICAL_SURFACE('',#6203,2.5);
#741=CYLINDRICAL_SURFACE('',#6207,30.);
#742=CYLINDRICAL_SURFACE('',#6210,35.);
#743=CYLINDRICAL_SURFACE('',#6216,25.);
#744=CYLINDRICAL_SURFACE('',#6235,20.);
#745=CYLINDRICAL_SURFACE('',#6257,2.5);
#746=CYLINDRICAL_SURFACE('',#6263,2.5);
#747=CYLINDRICAL_SURFACE('',#6264,25.);
#748=CYLINDRICAL_SURFACE('',#6266,55.);
#749=CYLINDRICAL_SURFACE('',#6268,25.);
#750=CYLINDRICAL_SURFACE('',#6270,30.);
#751=CYLINDRICAL_SURFACE('',#6273,2.5);
#752=CYLINDRICAL_SURFACE('',#6287,2.5);
#753=CYLINDRICAL_SURFACE('',#6291,30.);
#754=CYLINDRICAL_SURFACE('',#6294,35.);
#755=CYLINDRICAL_SURFACE('',#6295,22.5);
#756=CYLINDRICAL_SURFACE('',#6303,25.);
#757=CYLINDRICAL_SURFACE('',#6322,20.);
#758=CYLINDRICAL_SURFACE('',#6344,2.5);
#759=CYLINDRICAL_SURFACE('',#6350,2.5);
#760=CYLINDRICAL_SURFACE('',#6351,25.);
#761=CYLINDRICAL_SURFACE('',#6353,55.);
#762=CYLINDRICAL_SURFACE('',#6355,25.);
#763=CYLINDRICAL_SURFACE('',#6357,30.);
#764=CYLINDRICAL_SURFACE('',#6360,2.5);
#765=CYLINDRICAL_SURFACE('',#6374,2.5);
#766=CYLINDRICAL_SURFACE('',#6378,30.);
#767=CYLINDRICAL_SURFACE('',#6381,35.);
#768=CYLINDRICAL_SURFACE('',#6387,25.);
#769=CYLINDRICAL_SURFACE('',#6406,20.);
#770=CYLINDRICAL_SURFACE('',#6429,2.5);
#771=CYLINDRICAL_SURFACE('',#6435,2.5);
#772=CYLINDRICAL_SURFACE('',#6436,25.);
#773=CYLINDRICAL_SURFACE('',#6438,55.);
#774=CYLINDRICAL_SURFACE('',#6440,25.);
#775=CYLINDRICAL_SURFACE('',#6442,30.);
#776=CYLINDRICAL_SURFACE('',#6445,2.5);
#777=CYLINDRICAL_SURFACE('',#6459,2.5);
#778=CYLINDRICAL_SURFACE('',#6463,30.);
#779=CYLINDRICAL_SURFACE('',#6467,35.);
#780=CYLINDRICAL_SURFACE('',#6470,68.0125);
#781=CYLINDRICAL_SURFACE('',#6471,5.00000007450581);
#782=CYLINDRICAL_SURFACE('',#6472,5.00000007450581);
#783=CYLINDRICAL_SURFACE('',#6476,40.);
#784=CYLINDRICAL_SURFACE('',#6479,35.0000005215406);
#785=CYLINDRICAL_SURFACE('',#6486,40.);
#786=CYLINDRICAL_SURFACE('',#6489,40.);
#787=CYLINDRICAL_SURFACE('',#6494,36.);
#788=CYLINDRICAL_SURFACE('',#6498,40.);
#789=CYLINDRICAL_SURFACE('',#6502,36.);
#790=CYLINDRICAL_SURFACE('',#6508,36.);
#791=B_SPLINE_CURVE_WITH_KNOTS('',3,(#8658,#8659,#8660,#8661,#8662),
 .UNSPECIFIED.,.F.,.F.,(4,1,4),(-0.177407183431148,-0.0887035917155713,
5.34623515048893E-15),.UNSPECIFIED.);
#792=B_SPLINE_CURVE_WITH_KNOTS('',3,(#8663,#8664,#8665,#8666,#8667),
 .UNSPECIFIED.,.F.,.F.,(4,1,4),(-5.34623515048893E-15,0.0887035917155713,
0.177407183431148),.UNSPECIFIED.);
#793=B_SPLINE_CURVE_WITH_KNOTS('',3,(#8719,#8720,#8721,#8722),
 .UNSPECIFIED.,.F.,.F.,(4,4),(-0.369983130438549,-8.03954604038912E-18),
 .UNSPECIFIED.);
#794=B_SPLINE_CURVE_WITH_KNOTS('',3,(#8723,#8724,#8725,#8726),
 .UNSPECIFIED.,.F.,.F.,(4,4),(8.03954604038912E-18,0.369983130438549),
 .UNSPECIFIED.);
#795=B_SPLINE_CURVE_WITH_KNOTS('',3,(#8754,#8755,#8756,#8757),
 .UNSPECIFIED.,.F.,.F.,(4,4),(-0.369985396340076,0.),.UNSPECIFIED.);
#796=B_SPLINE_CURVE_WITH_KNOTS('',3,(#8758,#8759,#8760,#8761),
 .UNSPECIFIED.,.F.,.F.,(4,4),(0.,0.369985396340076),.UNSPECIFIED.);
#797=B_SPLINE_CURVE_WITH_KNOTS('',3,(#8798,#8799,#8800,#8801,#8802),
 .UNSPECIFIED.,.F.,.F.,(4,1,4),(-0.177406632644068,-0.0887033163220339,
0.),.UNSPECIFIED.);
#798=B_SPLINE_CURVE_WITH_KNOTS('',3,(#8803,#8804,#8805,#8806,#8807),
 .UNSPECIFIED.,.F.,.F.,(4,1,4),(0.,0.0887033163220339,0.177406632644068),
 .UNSPECIFIED.);
#799=B_SPLINE_CURVE_WITH_KNOTS('',3,(#8927,#8928,#8929,#8930),
 .UNSPECIFIED.,.F.,.F.,(4,4),(-0.369985396340073,-8.19170290887101E-16),
 .UNSPECIFIED.);
#800=B_SPLINE_CURVE_WITH_KNOTS('',3,(#8931,#8932,#8933,#8934),
 .UNSPECIFIED.,.F.,.F.,(4,4),(8.19170290887101E-16,0.369985396340073),
 .UNSPECIFIED.);
#801=B_SPLINE_CURVE_WITH_KNOTS('',3,(#8980,#8981,#8982,#8983,#8984),
 .UNSPECIFIED.,.F.,.F.,(4,1,4),(-0.177406632644068,-0.0887033163220338,
0.),.UNSPECIFIED.);
#802=B_SPLINE_CURVE_WITH_KNOTS('',3,(#8985,#8986,#8987,#8988,#8989),
 .UNSPECIFIED.,.F.,.F.,(4,1,4),(0.,0.0887033163220338,0.177406632644068),
 .UNSPECIFIED.);
#803=B_SPLINE_CURVE_WITH_KNOTS('',3,(#9023,#9024,#9025,#9026,#9027),
 .UNSPECIFIED.,.F.,.F.,(4,1,4),(-0.177407183431138,-0.0887035917155681,
1.88304791519473E-15),.UNSPECIFIED.);
#804=B_SPLINE_CURVE_WITH_KNOTS('',3,(#9028,#9029,#9030,#9031,#9032),
 .UNSPECIFIED.,.F.,.F.,(4,1,4),(-1.88304791519473E-15,0.0887035917155681,
0.177407183431138),.UNSPECIFIED.);
#805=B_SPLINE_CURVE_WITH_KNOTS('',3,(#9063,#9064,#9065,#9066),
 .UNSPECIFIED.,.F.,.F.,(4,4),(-0.369983130438553,0.),.UNSPECIFIED.);
#806=B_SPLINE_CURVE_WITH_KNOTS('',3,(#9067,#9068,#9069,#9070),
 .UNSPECIFIED.,.F.,.F.,(4,4),(0.,0.369983130438553),.UNSPECIFIED.);
#807=B_SPLINE_CURVE_WITH_KNOTS('',3,(#10450,#10451,#10452,#10453,#10454,
#10455,#10456,#10457,#10458,#10459,#10460,#10461,#10462,#10463,#10464,#10465,
#10466,#10467,#10468,#10469,#10470,#10471,#10472,#10473,#10474,#10475),
 .UNSPECIFIED.,.F.,.F.,(4,2,2,2,2,2,2,2,2,2,2,2,4),(1.87529146756247,2.33501089046222,
3.11334785394962,3.88713042058761,4.6609129872256,5.4346955538636,6.20847812050159,
6.98226068713958,7.75604325377757,8.52982582041556,9.30360838705356,10.081945350541,
10.5416647734407),.UNSPECIFIED.);
#808=B_SPLINE_CURVE_WITH_KNOTS('',3,(#10479,#10480,#10481,#10482,#10483,
#10484,#10485,#10486,#10487,#10488,#10489,#10490,#10491,#10492,#10493,#10494,
#10495,#10496,#10497,#10498,#10499,#10500,#10501,#10502,#10503,#10504),
 .UNSPECIFIED.,.F.,.F.,(4,2,2,2,2,2,2,2,2,2,2,2,4),(14.2922477085657,14.7519671314654,
15.5303040949528,16.3040866615908,17.0778692282288,17.8516517948668,18.6254343615048,
19.3992169281428,20.1729994947807,20.9467820614187,21.7205646280567,22.4989015915441,
22.9586210144439),.UNSPECIFIED.);
#809=B_SPLINE_CURVE_WITH_KNOTS('',3,(#10508,#10509,#10510,#10511,#10512,
#10513,#10514,#10515,#10516,#10517,#10518,#10519,#10520,#10521,#10522,#10523,
#10524,#10525,#10526,#10527,#10528,#10529,#10530,#10531,#10532,#10533,#10534,
#10535,#10536,#10537,#10538,#10539,#10540,#10541),.UNSPECIFIED.,.F.,.F.,
(4,2,2,2,2,2,2,2,2,2,2,2,2,2,2,2,4),(0.,0.674664029123939,1.34932805824788,
2.02399208737182,2.69865611649576,3.3712209466611,4.04378577682644,4.71635060699178,
5.38891543715712,6.06148026732246,6.7340450974878,7.40660992765314,8.07917475781848,
8.75383878694242,9.42850281606636,10.1031668451903,10.7778308743142),
 .UNSPECIFIED.);
#810=B_SPLINE_CURVE_WITH_KNOTS('',3,(#10542,#10543,#10544,#10545,#10546,
#10547,#10548,#10549,#10550,#10551,#10552,#10553,#10554,#10555,#10556,#10557,
#10558,#10559,#10560,#10561,#10562,#10563,#10564,#10565,#10566,#10567,#10568,
#10569,#10570,#10571,#10572,#10573,#10574,#10575),.UNSPECIFIED.,.F.,.F.,
(4,2,2,2,2,2,2,2,2,2,2,2,2,2,2,2,4),(10.7778308743142,11.4524949034382,
12.1271589325621,12.8018229616861,13.47648699081,14.1490518209753,14.8216166511407,
15.494181481306,16.1667463114714,16.8393111416367,17.511875971802,18.1844408019674,
18.8570056321327,19.5316696612567,20.2063336903806,20.8809977195045,21.5556617486285),
 .UNSPECIFIED.);
#811=B_SPLINE_CURVE_WITH_KNOTS('',3,(#10578,#10579,#10580,#10581,#10582,
#10583,#10584,#10585,#10586,#10587,#10588,#10589,#10590,#10591,#10592,#10593,
#10594,#10595,#10596,#10597,#10598,#10599,#10600,#10601,#10602,#10603,#10604,
#10605,#10606,#10607,#10608,#10609,#10610,#10611),.UNSPECIFIED.,.T.,.F.,
(4,2,2,2,2,2,2,2,2,2,2,2,2,2,2,2,4),(0.,0.188556031743761,0.377112063487522,
0.565666520017912,0.754220976548302,0.942775433078692,1.13132988960908,
1.31988592135284,1.5084419530966,1.69699798484036,1.88555401658412,2.07410847311451,
2.2626629296449,2.45121738617529,2.63977184270568,2.82832787444945,3.01688390619321),
 .UNSPECIFIED.);
#812=B_SPLINE_CURVE_WITH_KNOTS('',3,(#10614,#10615,#10616,#10617,#10618,
#10619,#10620,#10621,#10622,#10623,#10624,#10625,#10626,#10627,#10628,#10629,
#10630,#10631,#10632,#10633,#10634,#10635,#10636,#10637,#10638,#10639,#10640,
#10641,#10642,#10643,#10644,#10645,#10646,#10647),.UNSPECIFIED.,.T.,.F.,
(4,2,2,2,2,2,2,2,2,2,2,2,2,2,2,2,4),(0.,0.188622105592546,0.377244211185093,
0.565863616411045,0.754483021636996,0.943102426862948,1.1317218320889,1.32034393768145,
1.50896604327399,1.69758814886654,1.88621025445909,2.07482965968504,2.26344906491099,
2.45206847013694,2.64068787536289,2.82930998095544,3.01793208654798),
 .UNSPECIFIED.);
#813=B_SPLINE_CURVE_WITH_KNOTS('',3,(#10650,#10651,#10652,#10653,#10654,
#10655,#10656,#10657,#10658,#10659,#10660,#10661,#10662,#10663,#10664,#10665,
#10666,#10667,#10668,#10669,#10670,#10671,#10672,#10673,#10674,#10675,#10676,
#10677,#10678,#10679,#10680,#10681,#10682,#10683),.UNSPECIFIED.,.T.,.F.,
(4,2,2,2,2,2,2,2,2,2,2,2,2,2,2,2,4),(0.,0.188622105592546,0.377244211185093,
0.565863616411045,0.754483021636996,0.943102426862948,1.1317218320889,1.32034393768145,
1.50896604327399,1.69758814886654,1.88621025445909,2.07482965968504,2.26344906491099,
2.45206847013694,2.64068787536289,2.82930998095544,3.01793208654798),
 .UNSPECIFIED.);
#814=B_SPLINE_CURVE_WITH_KNOTS('',3,(#10686,#10687,#10688,#10689,#10690,
#10691,#10692,#10693,#10694,#10695,#10696,#10697,#10698,#10699,#10700,#10701,
#10702,#10703,#10704,#10705,#10706,#10707,#10708,#10709,#10710,#10711,#10712,
#10713,#10714,#10715,#10716,#10717,#10718,#10719),.UNSPECIFIED.,.T.,.F.,
(4,2,2,2,2,2,2,2,2,2,2,2,2,2,2,2,4),(0.,0.188556031743761,0.377112063487522,
0.565666520017912,0.754220976548302,0.942775433078692,1.13132988960908,
1.31988592135284,1.5084419530966,1.69699798484036,1.88555401658413,2.07410847311452,
2.26266292964491,2.4512173861753,2.63977184270569,2.82832787444945,3.01688390619321),
 .UNSPECIFIED.);
#815=B_SPLINE_SURFACE_WITH_KNOTS('',3,3,((#8625,#8626,#8627,#8628,#8629),
(#8630,#8631,#8632,#8633,#8634),(#8635,#8636,#8637,#8638,#8639),(#8640,
#8641,#8642,#8643,#8644),(#8645,#8646,#8647,#8648,#8649),(#8650,#8651,#8652,
#8653,#8654)),.UNSPECIFIED.,.F.,.F.,.F.,(4,1,1,4),(4,1,4),(0.,0.285714285714286,
0.571428571428571,1.),(-5.34623515048893E-15,0.0887035917155713,0.177407183431148),
 .UNSPECIFIED.);
#816=B_SPLINE_SURFACE_WITH_KNOTS('',3,3,((#8695,#8696,#8697,#8698),(#8699,
#8700,#8701,#8702),(#8703,#8704,#8705,#8706),(#8707,#8708,#8709,#8710),
(#8711,#8712,#8713,#8714),(#8715,#8716,#8717,#8718)),.UNSPECIFIED.,.F.,
 .F.,.F.,(4,1,1,4),(4,4),(0.,0.285714285714286,0.571428571428571,1.),(8.03954604038912E-18,
0.369983130438549),.UNSPECIFIED.);
#817=B_SPLINE_SURFACE_WITH_KNOTS('',3,3,((#8727,#8728,#8729,#8730),(#8731,
#8732,#8733,#8734),(#8735,#8736,#8737,#8738),(#8739,#8740,#8741,#8742),
(#8743,#8744,#8745,#8746),(#8747,#8748,#8749,#8750)),.UNSPECIFIED.,.F.,
 .F.,.F.,(4,1,1,4),(4,4),(0.,0.285714285714286,0.571428571428571,1.),(0.,
0.369985396340076),.UNSPECIFIED.);
#818=B_SPLINE_SURFACE_WITH_KNOTS('',3,3,((#8768,#8769,#8770,#8771,#8772),
(#8773,#8774,#8775,#8776,#8777),(#8778,#8779,#8780,#8781,#8782),(#8783,
#8784,#8785,#8786,#8787),(#8788,#8789,#8790,#8791,#8792),(#8793,#8794,#8795,
#8796,#8797)),.UNSPECIFIED.,.F.,.F.,.F.,(4,1,1,4),(4,1,4),(0.,0.285714285714286,
0.571428571428571,1.),(0.,0.0887033163220339,0.177406632644068),
 .UNSPECIFIED.);
#819=B_SPLINE_SURFACE_WITH_KNOTS('',3,3,((#8900,#8901,#8902,#8903),(#8904,
#8905,#8906,#8907),(#8908,#8909,#8910,#8911),(#8912,#8913,#8914,#8915),
(#8916,#8917,#8918,#8919),(#8920,#8921,#8922,#8923)),.UNSPECIFIED.,.F.,
 .F.,.F.,(4,1,1,4),(4,4),(0.,0.285714285714286,0.571428571428571,1.),(8.19170290887101E-16,
0.369985396340073),.UNSPECIFIED.);
#820=B_SPLINE_SURFACE_WITH_KNOTS('',3,3,((#8950,#8951,#8952,#8953,#8954),
(#8955,#8956,#8957,#8958,#8959),(#8960,#8961,#8962,#8963,#8964),(#8965,
#8966,#8967,#8968,#8969),(#8970,#8971,#8972,#8973,#8974),(#8975,#8976,#8977,
#8978,#8979)),.UNSPECIFIED.,.F.,.F.,.F.,(4,1,1,4),(4,1,4),(0.,0.285714285714286,
0.571428571428571,1.),(0.,0.0887033163220338,0.177406632644068),
 .UNSPECIFIED.);
#821=B_SPLINE_SURFACE_WITH_KNOTS('',3,3,((#8990,#8991,#8992,#8993,#8994),
(#8995,#8996,#8997,#8998,#8999),(#9000,#9001,#9002,#9003,#9004),(#9005,
#9006,#9007,#9008,#9009),(#9010,#9011,#9012,#9013,#9014),(#9015,#9016,#9017,
#9018,#9019)),.UNSPECIFIED.,.F.,.F.,.F.,(4,1,1,4),(4,1,4),(0.,0.285714285714286,
0.571428571428571,1.),(-1.88304791519473E-15,0.0887035917155681,0.177407183431138),
 .UNSPECIFIED.);
#822=B_SPLINE_SURFACE_WITH_KNOTS('',3,3,((#9039,#9040,#9041,#9042),(#9043,
#9044,#9045,#9046),(#9047,#9048,#9049,#9050),(#9051,#9052,#9053,#9054),
(#9055,#9056,#9057,#9058),(#9059,#9060,#9061,#9062)),.UNSPECIFIED.,.F.,
 .F.,.F.,(4,1,1,4),(4,4),(0.,0.285714285714286,0.571428571428571,1.),(0.,
0.369983130438553),.UNSPECIFIED.);
#823=FACE_OUTER_BOUND('',#1189,.T.);
#824=FACE_OUTER_BOUND('',#1190,.T.);
#825=FACE_OUTER_BOUND('',#1191,.T.);
#826=FACE_OUTER_BOUND('',#1192,.T.);
#827=FACE_OUTER_BOUND('',#1193,.T.);
#828=FACE_OUTER_BOUND('',#1194,.T.);
#829=FACE_OUTER_BOUND('',#1195,.T.);
#830=FACE_OUTER_BOUND('',#1196,.T.);
#831=FACE_OUTER_BOUND('',#1197,.T.);
#832=FACE_OUTER_BOUND('',#1198,.T.);
#833=FACE_OUTER_BOUND('',#1199,.T.);
#834=FACE_OUTER_BOUND('',#1200,.T.);
#835=FACE_OUTER_BOUND('',#1201,.T.);
#836=FACE_OUTER_BOUND('',#1202,.T.);
#837=FACE_OUTER_BOUND('',#1204,.T.);
#838=FACE_OUTER_BOUND('',#1206,.T.);
#839=FACE_OUTER_BOUND('',#1207,.T.);
#840=FACE_OUTER_BOUND('',#1208,.T.);
#841=FACE_OUTER_BOUND('',#1209,.T.);
#842=FACE_OUTER_BOUND('',#1210,.T.);
#843=FACE_OUTER_BOUND('',#1211,.T.);
#844=FACE_OUTER_BOUND('',#1212,.T.);
#845=FACE_OUTER_BOUND('',#1213,.T.);
#846=FACE_OUTER_BOUND('',#1214,.T.);
#847=FACE_OUTER_BOUND('',#1215,.T.);
#848=FACE_OUTER_BOUND('',#1216,.T.);
#849=FACE_OUTER_BOUND('',#1217,.T.);
#850=FACE_OUTER_BOUND('',#1218,.T.);
#851=FACE_OUTER_BOUND('',#1219,.T.);
#852=FACE_OUTER_BOUND('',#1220,.T.);
#853=FACE_OUTER_BOUND('',#1221,.T.);
#854=FACE_OUTER_BOUND('',#1222,.T.);
#855=FACE_OUTER_BOUND('',#1223,.T.);
#856=FACE_OUTER_BOUND('',#1224,.T.);
#857=FACE_OUTER_BOUND('',#1225,.T.);
#858=FACE_OUTER_BOUND('',#1226,.T.);
#859=FACE_OUTER_BOUND('',#1228,.T.);
#860=FACE_OUTER_BOUND('',#1229,.T.);
#861=FACE_OUTER_BOUND('',#1230,.T.);
#862=FACE_OUTER_BOUND('',#1231,.T.);
#863=FACE_OUTER_BOUND('',#1232,.T.);
#864=FACE_OUTER_BOUND('',#1233,.T.);
#865=FACE_OUTER_BOUND('',#1234,.T.);
#866=FACE_OUTER_BOUND('',#1235,.T.);
#867=FACE_OUTER_BOUND('',#1236,.T.);
#868=FACE_OUTER_BOUND('',#1237,.T.);
#869=FACE_OUTER_BOUND('',#1238,.T.);
#870=FACE_OUTER_BOUND('',#1239,.T.);
#871=FACE_OUTER_BOUND('',#1240,.T.);
#872=FACE_OUTER_BOUND('',#1241,.T.);
#873=FACE_OUTER_BOUND('',#1242,.T.);
#874=FACE_OUTER_BOUND('',#1243,.T.);
#875=FACE_OUTER_BOUND('',#1244,.T.);
#876=FACE_OUTER_BOUND('',#1245,.T.);
#877=FACE_OUTER_BOUND('',#1246,.T.);
#878=FACE_OUTER_BOUND('',#1247,.T.);
#879=FACE_OUTER_BOUND('',#1248,.T.);
#880=FACE_OUTER_BOUND('',#1249,.T.);
#881=FACE_OUTER_BOUND('',#1250,.T.);
#882=FACE_OUTER_BOUND('',#1251,.T.);
#883=FACE_OUTER_BOUND('',#1252,.T.);
#884=FACE_OUTER_BOUND('',#1253,.T.);
#885=FACE_OUTER_BOUND('',#1254,.T.);
#886=FACE_OUTER_BOUND('',#1255,.T.);
#887=FACE_OUTER_BOUND('',#1256,.T.);
#888=FACE_OUTER_BOUND('',#1257,.T.);
#889=FACE_OUTER_BOUND('',#1258,.T.);
#890=FACE_OUTER_BOUND('',#1259,.T.);
#891=FACE_OUTER_BOUND('',#1260,.T.);
#892=FACE_OUTER_BOUND('',#1261,.T.);
#893=FACE_OUTER_BOUND('',#1262,.T.);
#894=FACE_OUTER_BOUND('',#1263,.T.);
#895=FACE_OUTER_BOUND('',#1264,.T.);
#896=FACE_OUTER_BOUND('',#1265,.T.);
#897=FACE_OUTER_BOUND('',#1266,.T.);
#898=FACE_OUTER_BOUND('',#1267,.T.);
#899=FACE_OUTER_BOUND('',#1269,.T.);
#900=FACE_OUTER_BOUND('',#1270,.T.);
#901=FACE_OUTER_BOUND('',#1271,.T.);
#902=FACE_OUTER_BOUND('',#1272,.T.);
#903=FACE_OUTER_BOUND('',#1273,.T.);
#904=FACE_OUTER_BOUND('',#1274,.T.);
#905=FACE_OUTER_BOUND('',#1275,.T.);
#906=FACE_OUTER_BOUND('',#1276,.T.);
#907=FACE_OUTER_BOUND('',#1277,.T.);
#908=FACE_OUTER_BOUND('',#1278,.T.);
#909=FACE_OUTER_BOUND('',#1279,.T.);
#910=FACE_OUTER_BOUND('',#1280,.T.);
#911=FACE_OUTER_BOUND('',#1281,.T.);
#912=FACE_OUTER_BOUND('',#1282,.T.);
#913=FACE_OUTER_BOUND('',#1284,.T.);
#914=FACE_OUTER_BOUND('',#1285,.T.);
#915=FACE_OUTER_BOUND('',#1287,.T.);
#916=FACE_OUTER_BOUND('',#1288,.T.);
#917=FACE_OUTER_BOUND('',#1289,.T.);
#918=FACE_OUTER_BOUND('',#1290,.T.);
#919=FACE_OUTER_BOUND('',#1291,.T.);
#920=FACE_OUTER_BOUND('',#1292,.T.);
#921=FACE_OUTER_BOUND('',#1293,.T.);
#922=FACE_OUTER_BOUND('',#1294,.T.);
#923=FACE_OUTER_BOUND('',#1295,.T.);
#924=FACE_OUTER_BOUND('',#1296,.T.);
#925=FACE_OUTER_BOUND('',#1297,.T.);
#926=FACE_OUTER_BOUND('',#1298,.T.);
#927=FACE_OUTER_BOUND('',#1299,.T.);
#928=FACE_OUTER_BOUND('',#1300,.T.);
#929=FACE_OUTER_BOUND('',#1302,.T.);
#930=FACE_OUTER_BOUND('',#1303,.T.);
#931=FACE_OUTER_BOUND('',#1304,.T.);
#932=FACE_OUTER_BOUND('',#1305,.T.);
#933=FACE_OUTER_BOUND('',#1306,.T.);
#934=FACE_OUTER_BOUND('',#1307,.T.);
#935=FACE_OUTER_BOUND('',#1308,.T.);
#936=FACE_OUTER_BOUND('',#1309,.T.);
#937=FACE_OUTER_BOUND('',#1310,.T.);
#938=FACE_OUTER_BOUND('',#1311,.T.);
#939=FACE_OUTER_BOUND('',#1312,.T.);
#940=FACE_OUTER_BOUND('',#1313,.T.);
#941=FACE_OUTER_BOUND('',#1314,.T.);
#942=FACE_OUTER_BOUND('',#1315,.T.);
#943=FACE_OUTER_BOUND('',#1316,.T.);
#944=FACE_OUTER_BOUND('',#1318,.T.);
#945=FACE_OUTER_BOUND('',#1319,.T.);
#946=FACE_OUTER_BOUND('',#1321,.T.);
#947=FACE_OUTER_BOUND('',#1322,.T.);
#948=FACE_OUTER_BOUND('',#1323,.T.);
#949=FACE_OUTER_BOUND('',#1324,.T.);
#950=FACE_OUTER_BOUND('',#1325,.T.);
#951=FACE_OUTER_BOUND('',#1326,.T.);
#952=FACE_OUTER_BOUND('',#1327,.T.);
#953=FACE_OUTER_BOUND('',#1328,.T.);
#954=FACE_OUTER_BOUND('',#1329,.T.);
#955=FACE_OUTER_BOUND('',#1330,.T.);
#956=FACE_OUTER_BOUND('',#1331,.T.);
#957=FACE_OUTER_BOUND('',#1332,.T.);
#958=FACE_OUTER_BOUND('',#1333,.T.);
#959=FACE_OUTER_BOUND('',#1334,.T.);
#960=FACE_OUTER_BOUND('',#1336,.T.);
#961=FACE_OUTER_BOUND('',#1337,.T.);
#962=FACE_OUTER_BOUND('',#1338,.T.);
#963=FACE_OUTER_BOUND('',#1339,.T.);
#964=FACE_OUTER_BOUND('',#1340,.T.);
#965=FACE_OUTER_BOUND('',#1341,.T.);
#966=FACE_OUTER_BOUND('',#1342,.T.);
#967=FACE_OUTER_BOUND('',#1343,.T.);
#968=FACE_OUTER_BOUND('',#1344,.T.);
#969=FACE_OUTER_BOUND('',#1345,.T.);
#970=FACE_OUTER_BOUND('',#1346,.T.);
#971=FACE_OUTER_BOUND('',#1347,.T.);
#972=FACE_OUTER_BOUND('',#1348,.T.);
#973=FACE_OUTER_BOUND('',#1349,.T.);
#974=FACE_OUTER_BOUND('',#1350,.T.);
#975=FACE_OUTER_BOUND('',#1351,.T.);
#976=FACE_OUTER_BOUND('',#1353,.T.);
#977=FACE_OUTER_BOUND('',#1354,.T.);
#978=FACE_OUTER_BOUND('',#1356,.T.);
#979=FACE_OUTER_BOUND('',#1357,.T.);
#980=FACE_OUTER_BOUND('',#1358,.T.);
#981=FACE_OUTER_BOUND('',#1359,.T.);
#982=FACE_OUTER_BOUND('',#1360,.T.);
#983=FACE_OUTER_BOUND('',#1361,.T.);
#984=FACE_OUTER_BOUND('',#1362,.T.);
#985=FACE_OUTER_BOUND('',#1363,.T.);
#986=FACE_OUTER_BOUND('',#1364,.T.);
#987=FACE_OUTER_BOUND('',#1365,.T.);
#988=FACE_OUTER_BOUND('',#1366,.T.);
#989=FACE_OUTER_BOUND('',#1367,.T.);
#990=FACE_OUTER_BOUND('',#1368,.T.);
#991=FACE_OUTER_BOUND('',#1369,.T.);
#992=FACE_OUTER_BOUND('',#1370,.T.);
#993=FACE_OUTER_BOUND('',#1372,.T.);
#994=FACE_OUTER_BOUND('',#1373,.T.);
#995=FACE_OUTER_BOUND('',#1374,.T.);
#996=FACE_OUTER_BOUND('',#1375,.T.);
#997=FACE_OUTER_BOUND('',#1376,.T.);
#998=FACE_OUTER_BOUND('',#1377,.T.);
#999=FACE_OUTER_BOUND('',#1378,.T.);
#1000=FACE_OUTER_BOUND('',#1379,.T.);
#1001=FACE_OUTER_BOUND('',#1380,.T.);
#1002=FACE_OUTER_BOUND('',#1381,.T.);
#1003=FACE_OUTER_BOUND('',#1382,.T.);
#1004=FACE_OUTER_BOUND('',#1383,.T.);
#1005=FACE_OUTER_BOUND('',#1384,.T.);
#1006=FACE_OUTER_BOUND('',#1385,.T.);
#1007=FACE_OUTER_BOUND('',#1386,.T.);
#1008=FACE_OUTER_BOUND('',#1388,.T.);
#1009=FACE_OUTER_BOUND('',#1389,.T.);
#1010=FACE_OUTER_BOUND('',#1391,.T.);
#1011=FACE_OUTER_BOUND('',#1392,.T.);
#1012=FACE_OUTER_BOUND('',#1393,.T.);
#1013=FACE_OUTER_BOUND('',#1394,.T.);
#1014=FACE_OUTER_BOUND('',#1395,.T.);
#1015=FACE_OUTER_BOUND('',#1396,.T.);
#1016=FACE_OUTER_BOUND('',#1397,.T.);
#1017=FACE_OUTER_BOUND('',#1398,.T.);
#1018=FACE_OUTER_BOUND('',#1399,.T.);
#1019=FACE_OUTER_BOUND('',#1400,.T.);
#1020=FACE_OUTER_BOUND('',#1401,.T.);
#1021=FACE_OUTER_BOUND('',#1402,.T.);
#1022=FACE_OUTER_BOUND('',#1403,.T.);
#1023=FACE_OUTER_BOUND('',#1404,.T.);
#1024=FACE_OUTER_BOUND('',#1406,.T.);
#1025=FACE_OUTER_BOUND('',#1407,.T.);
#1026=FACE_OUTER_BOUND('',#1408,.T.);
#1027=FACE_OUTER_BOUND('',#1409,.T.);
#1028=FACE_OUTER_BOUND('',#1410,.T.);
#1029=FACE_OUTER_BOUND('',#1411,.T.);
#1030=FACE_OUTER_BOUND('',#1412,.T.);
#1031=FACE_OUTER_BOUND('',#1413,.T.);
#1032=FACE_OUTER_BOUND('',#1414,.T.);
#1033=FACE_OUTER_BOUND('',#1415,.T.);
#1034=FACE_OUTER_BOUND('',#1416,.T.);
#1035=FACE_OUTER_BOUND('',#1417,.T.);
#1036=FACE_OUTER_BOUND('',#1418,.T.);
#1037=FACE_OUTER_BOUND('',#1419,.T.);
#1038=FACE_OUTER_BOUND('',#1420,.T.);
#1039=FACE_OUTER_BOUND('',#1421,.T.);
#1040=FACE_OUTER_BOUND('',#1423,.T.);
#1041=FACE_OUTER_BOUND('',#1424,.T.);
#1042=FACE_OUTER_BOUND('',#1426,.T.);
#1043=FACE_OUTER_BOUND('',#1427,.T.);
#1044=FACE_OUTER_BOUND('',#1428,.T.);
#1045=FACE_OUTER_BOUND('',#1429,.T.);
#1046=FACE_OUTER_BOUND('',#1430,.T.);
#1047=FACE_OUTER_BOUND('',#1431,.T.);
#1048=FACE_OUTER_BOUND('',#1432,.T.);
#1049=FACE_OUTER_BOUND('',#1433,.T.);
#1050=FACE_OUTER_BOUND('',#1434,.T.);
#1051=FACE_OUTER_BOUND('',#1435,.T.);
#1052=FACE_OUTER_BOUND('',#1436,.T.);
#1053=FACE_OUTER_BOUND('',#1437,.T.);
#1054=FACE_OUTER_BOUND('',#1438,.T.);
#1055=FACE_OUTER_BOUND('',#1439,.T.);
#1056=FACE_OUTER_BOUND('',#1440,.T.);
#1057=FACE_OUTER_BOUND('',#1442,.T.);
#1058=FACE_OUTER_BOUND('',#1443,.T.);
#1059=FACE_OUTER_BOUND('',#1444,.T.);
#1060=FACE_OUTER_BOUND('',#1445,.T.);
#1061=FACE_OUTER_BOUND('',#1446,.T.);
#1062=FACE_OUTER_BOUND('',#1447,.T.);
#1063=FACE_OUTER_BOUND('',#1448,.T.);
#1064=FACE_OUTER_BOUND('',#1449,.T.);
#1065=FACE_OUTER_BOUND('',#1450,.T.);
#1066=FACE_OUTER_BOUND('',#1451,.T.);
#1067=FACE_OUTER_BOUND('',#1452,.T.);
#1068=FACE_OUTER_BOUND('',#1453,.T.);
#1069=FACE_OUTER_BOUND('',#1454,.T.);
#1070=FACE_OUTER_BOUND('',#1455,.T.);
#1071=FACE_OUTER_BOUND('',#1456,.T.);
#1072=FACE_OUTER_BOUND('',#1458,.T.);
#1073=FACE_OUTER_BOUND('',#1459,.T.);
#1074=FACE_OUTER_BOUND('',#1461,.T.);
#1075=FACE_OUTER_BOUND('',#1462,.T.);
#1076=FACE_OUTER_BOUND('',#1463,.T.);
#1077=FACE_OUTER_BOUND('',#1464,.T.);
#1078=FACE_OUTER_BOUND('',#1465,.T.);
#1079=FACE_OUTER_BOUND('',#1466,.T.);
#1080=FACE_OUTER_BOUND('',#1467,.T.);
#1081=FACE_OUTER_BOUND('',#1468,.T.);
#1082=FACE_OUTER_BOUND('',#1469,.T.);
#1083=FACE_OUTER_BOUND('',#1470,.T.);
#1084=FACE_OUTER_BOUND('',#1471,.T.);
#1085=FACE_OUTER_BOUND('',#1472,.T.);
#1086=FACE_OUTER_BOUND('',#1473,.T.);
#1087=FACE_OUTER_BOUND('',#1474,.T.);
#1088=FACE_OUTER_BOUND('',#1475,.T.);
#1089=FACE_OUTER_BOUND('',#1477,.T.);
#1090=FACE_OUTER_BOUND('',#1478,.T.);
#1091=FACE_OUTER_BOUND('',#1479,.T.);
#1092=FACE_OUTER_BOUND('',#1480,.T.);
#1093=FACE_OUTER_BOUND('',#1481,.T.);
#1094=FACE_OUTER_BOUND('',#1482,.T.);
#1095=FACE_OUTER_BOUND('',#1483,.T.);
#1096=FACE_OUTER_BOUND('',#1484,.T.);
#1097=FACE_OUTER_BOUND('',#1485,.T.);
#1098=FACE_OUTER_BOUND('',#1486,.T.);
#1099=FACE_OUTER_BOUND('',#1487,.T.);
#1100=FACE_OUTER_BOUND('',#1488,.T.);
#1101=FACE_OUTER_BOUND('',#1489,.T.);
#1102=FACE_OUTER_BOUND('',#1490,.T.);
#1103=FACE_OUTER_BOUND('',#1491,.T.);
#1104=FACE_OUTER_BOUND('',#1492,.T.);
#1105=FACE_OUTER_BOUND('',#1494,.T.);
#1106=FACE_OUTER_BOUND('',#1495,.T.);
#1107=FACE_OUTER_BOUND('',#1497,.T.);
#1108=FACE_OUTER_BOUND('',#1498,.T.);
#1109=FACE_OUTER_BOUND('',#1499,.T.);
#1110=FACE_OUTER_BOUND('',#1500,.T.);
#1111=FACE_OUTER_BOUND('',#1501,.T.);
#1112=FACE_OUTER_BOUND('',#1502,.T.);
#1113=FACE_OUTER_BOUND('',#1503,.T.);
#1114=FACE_OUTER_BOUND('',#1504,.T.);
#1115=FACE_OUTER_BOUND('',#1505,.T.);
#1116=FACE_OUTER_BOUND('',#1506,.T.);
#1117=FACE_OUTER_BOUND('',#1507,.T.);
#1118=FACE_OUTER_BOUND('',#1508,.T.);
#1119=FACE_OUTER_BOUND('',#1509,.T.);
#1120=FACE_OUTER_BOUND('',#1510,.T.);
#1121=FACE_OUTER_BOUND('',#1511,.T.);
#1122=FACE_OUTER_BOUND('',#1513,.T.);
#1123=FACE_OUTER_BOUND('',#1514,.T.);
#1124=FACE_OUTER_BOUND('',#1515,.T.);
#1125=FACE_OUTER_BOUND('',#1516,.T.);
#1126=FACE_OUTER_BOUND('',#1517,.T.);
#1127=FACE_OUTER_BOUND('',#1518,.T.);
#1128=FACE_OUTER_BOUND('',#1519,.T.);
#1129=FACE_OUTER_BOUND('',#1520,.T.);
#1130=FACE_OUTER_BOUND('',#1521,.T.);
#1131=FACE_OUTER_BOUND('',#1522,.T.);
#1132=FACE_OUTER_BOUND('',#1523,.T.);
#1133=FACE_OUTER_BOUND('',#1524,.T.);
#1134=FACE_OUTER_BOUND('',#1525,.T.);
#1135=FACE_OUTER_BOUND('',#1526,.T.);
#1136=FACE_OUTER_BOUND('',#1527,.T.);
#1137=FACE_OUTER_BOUND('',#1529,.T.);
#1138=FACE_OUTER_BOUND('',#1530,.T.);
#1139=FACE_OUTER_BOUND('',#1532,.T.);
#1140=FACE_OUTER_BOUND('',#1533,.T.);
#1141=FACE_OUTER_BOUND('',#1534,.T.);
#1142=FACE_OUTER_BOUND('',#1535,.T.);
#1143=FACE_OUTER_BOUND('',#1536,.T.);
#1144=FACE_OUTER_BOUND('',#1537,.T.);
#1145=FACE_OUTER_BOUND('',#1538,.T.);
#1146=FACE_OUTER_BOUND('',#1539,.T.);
#1147=FACE_OUTER_BOUND('',#1540,.T.);
#1148=FACE_OUTER_BOUND('',#1541,.T.);
#1149=FACE_OUTER_BOUND('',#1542,.T.);
#1150=FACE_OUTER_BOUND('',#1543,.T.);
#1151=FACE_OUTER_BOUND('',#1544,.T.);
#1152=FACE_OUTER_BOUND('',#1545,.T.);
#1153=FACE_OUTER_BOUND('',#1546,.T.);
#1154=FACE_OUTER_BOUND('',#1548,.T.);
#1155=FACE_OUTER_BOUND('',#1549,.T.);
#1156=FACE_OUTER_BOUND('',#1550,.T.);
#1157=FACE_OUTER_BOUND('',#1551,.T.);
#1158=FACE_OUTER_BOUND('',#1552,.T.);
#1159=FACE_OUTER_BOUND('',#1553,.T.);
#1160=FACE_OUTER_BOUND('',#1554,.T.);
#1161=FACE_OUTER_BOUND('',#1555,.T.);
#1162=FACE_OUTER_BOUND('',#1556,.T.);
#1163=FACE_OUTER_BOUND('',#1557,.T.);
#1164=FACE_OUTER_BOUND('',#1558,.T.);
#1165=FACE_OUTER_BOUND('',#1559,.T.);
#1166=FACE_OUTER_BOUND('',#1560,.T.);
#1167=FACE_OUTER_BOUND('',#1561,.T.);
#1168=FACE_OUTER_BOUND('',#1563,.T.);
#1169=FACE_OUTER_BOUND('',#1564,.T.);
#1170=FACE_OUTER_BOUND('',#1565,.T.);
#1171=FACE_OUTER_BOUND('',#1566,.T.);
#1172=FACE_OUTER_BOUND('',#1569,.T.);
#1173=FACE_OUTER_BOUND('',#1572,.T.);
#1174=FACE_OUTER_BOUND('',#1573,.T.);
#1175=FACE_OUTER_BOUND('',#1574,.T.);
#1176=FACE_OUTER_BOUND('',#1575,.T.);
#1177=FACE_OUTER_BOUND('',#1576,.T.);
#1178=FACE_OUTER_BOUND('',#1577,.T.);
#1179=FACE_OUTER_BOUND('',#1579,.T.);
#1180=FACE_OUTER_BOUND('',#1580,.T.);
#1181=FACE_OUTER_BOUND('',#1582,.T.);
#1182=FACE_OUTER_BOUND('',#1583,.T.);
#1183=FACE_OUTER_BOUND('',#1585,.T.);
#1184=FACE_OUTER_BOUND('',#1586,.T.);
#1185=FACE_OUTER_BOUND('',#1588,.T.);
#1186=FACE_OUTER_BOUND('',#1589,.T.);
#1187=FACE_OUTER_BOUND('',#1591,.T.);
#1188=FACE_OUTER_BOUND('',#1592,.T.);
#1189=EDGE_LOOP('',(#3422,#3423,#3424,#3425));
#1190=EDGE_LOOP('',(#3426,#3427,#3428,#3429));
#1191=EDGE_LOOP('',(#3430,#3431,#3432,#3433));
#1192=EDGE_LOOP('',(#3434,#3435,#3436,#3437));
#1193=EDGE_LOOP('',(#3438,#3439,#3440,#3441));
#1194=EDGE_LOOP('',(#3442,#3443,#3444,#3445));
#1195=EDGE_LOOP('',(#3446,#3447,#3448,#3449));
#1196=EDGE_LOOP('',(#3450,#3451,#3452,#3453));
#1197=EDGE_LOOP('',(#3454,#3455,#3456,#3457));
#1198=EDGE_LOOP('',(#3458,#3459,#3460,#3461));
#1199=EDGE_LOOP('',(#3462,#3463,#3464,#3465,#3466,#3467));
#1200=EDGE_LOOP('',(#3468,#3469,#3470,#3471));
#1201=EDGE_LOOP('',(#3472,#3473,#3474,#3475,#3476,#3477));
#1202=EDGE_LOOP('',(#3478,#3479,#3480,#3481,#3482,#3483,#3484,#3485,#3486,
#3487,#3488,#3489));
#1203=EDGE_LOOP('',(#3490));
#1204=EDGE_LOOP('',(#3491,#3492,#3493,#3494));
#1205=EDGE_LOOP('',(#3495));
#1206=EDGE_LOOP('',(#3496,#3497,#3498,#3499,#3500));
#1207=EDGE_LOOP('',(#3501,#3502,#3503,#3504));
#1208=EDGE_LOOP('',(#3505,#3506,#3507,#3508));
#1209=EDGE_LOOP('',(#3509,#3510,#3511,#3512));
#1210=EDGE_LOOP('',(#3513,#3514,#3515,#3516));
#1211=EDGE_LOOP('',(#3517,#3518,#3519,#3520,#3521,#3522));
#1212=EDGE_LOOP('',(#3523,#3524,#3525,#3526,#3527,#3528));
#1213=EDGE_LOOP('',(#3529,#3530,#3531,#3532));
#1214=EDGE_LOOP('',(#3533,#3534,#3535,#3536));
#1215=EDGE_LOOP('',(#3537,#3538,#3539,#3540));
#1216=EDGE_LOOP('',(#3541,#3542,#3543,#3544));
#1217=EDGE_LOOP('',(#3545,#3546,#3547,#3548));
#1218=EDGE_LOOP('',(#3549,#3550,#3551,#3552));
#1219=EDGE_LOOP('',(#3553,#3554,#3555,#3556));
#1220=EDGE_LOOP('',(#3557,#3558,#3559,#3560));
#1221=EDGE_LOOP('',(#3561,#3562,#3563,#3564));
#1222=EDGE_LOOP('',(#3565,#3566,#3567,#3568));
#1223=EDGE_LOOP('',(#3569,#3570,#3571,#3572));
#1224=EDGE_LOOP('',(#3573,#3574,#3575,#3576,#3577));
#1225=EDGE_LOOP('',(#3578,#3579,#3580,#3581,#3582,#3583));
#1226=EDGE_LOOP('',(#3584,#3585,#3586,#3587));
#1227=EDGE_LOOP('',(#3588));
#1228=EDGE_LOOP('',(#3589,#3590,#3591,#3592,#3593,#3594));
#1229=EDGE_LOOP('',(#3595,#3596,#3597,#3598,#3599,#3600));
#1230=EDGE_LOOP('',(#3601,#3602,#3603,#3604));
#1231=EDGE_LOOP('',(#3605,#3606,#3607,#3608));
#1232=EDGE_LOOP('',(#3609,#3610,#3611,#3612));
#1233=EDGE_LOOP('',(#3613,#3614,#3615,#3616));
#1234=EDGE_LOOP('',(#3617,#3618,#3619,#3620));
#1235=EDGE_LOOP('',(#3621,#3622,#3623,#3624,#3625,#3626));
#1236=EDGE_LOOP('',(#3627,#3628,#3629,#3630));
#1237=EDGE_LOOP('',(#3631,#3632,#3633,#3634));
#1238=EDGE_LOOP('',(#3635,#3636,#3637,#3638,#3639,#3640));
#1239=EDGE_LOOP('',(#3641,#3642,#3643,#3644,#3645));
#1240=EDGE_LOOP('',(#3646,#3647,#3648,#3649));
#1241=EDGE_LOOP('',(#3650,#3651,#3652,#3653));
#1242=EDGE_LOOP('',(#3654,#3655,#3656,#3657));
#1243=EDGE_LOOP('',(#3658,#3659,#3660,#3661));
#1244=EDGE_LOOP('',(#3662,#3663,#3664,#3665));
#1245=EDGE_LOOP('',(#3666,#3667,#3668,#3669));
#1246=EDGE_LOOP('',(#3670,#3671,#3672,#3673));
#1247=EDGE_LOOP('',(#3674,#3675,#3676,#3677));
#1248=EDGE_LOOP('',(#3678,#3679,#3680,#3681));
#1249=EDGE_LOOP('',(#3682,#3683,#3684,#3685));
#1250=EDGE_LOOP('',(#3686,#3687,#3688,#3689));
#1251=EDGE_LOOP('',(#3690,#3691,#3692,#3693));
#1252=EDGE_LOOP('',(#3694,#3695,#3696,#3697));
#1253=EDGE_LOOP('',(#3698,#3699,#3700,#3701));
#1254=EDGE_LOOP('',(#3702,#3703,#3704,#3705));
#1255=EDGE_LOOP('',(#3706,#3707,#3708,#3709,#3710,#3711));
#1256=EDGE_LOOP('',(#3712,#3713,#3714,#3715,#3716));
#1257=EDGE_LOOP('',(#3717,#3718,#3719,#3720));
#1258=EDGE_LOOP('',(#3721,#3722,#3723,#3724));
#1259=EDGE_LOOP('',(#3725,#3726,#3727,#3728));
#1260=EDGE_LOOP('',(#3729,#3730,#3731,#3732));
#1261=EDGE_LOOP('',(#3733,#3734,#3735,#3736));
#1262=EDGE_LOOP('',(#3737,#3738,#3739,#3740));
#1263=EDGE_LOOP('',(#3741,#3742,#3743,#3744));
#1264=EDGE_LOOP('',(#3745,#3746,#3747,#3748));
#1265=EDGE_LOOP('',(#3749,#3750,#3751,#3752));
#1266=EDGE_LOOP('',(#3753,#3754,#3755,#3756));
#1267=EDGE_LOOP('',(#3757,#3758,#3759,#3760,#3761,#3762,#3763,#3764,#3765,
#3766,#3767,#3768));
#1268=EDGE_LOOP('',(#3769));
#1269=EDGE_LOOP('',(#3770,#3771,#3772,#3773));
#1270=EDGE_LOOP('',(#3774,#3775,#3776,#3777));
#1271=EDGE_LOOP('',(#3778,#3779,#3780,#3781));
#1272=EDGE_LOOP('',(#3782,#3783,#3784,#3785));
#1273=EDGE_LOOP('',(#3786,#3787,#3788,#3789,#3790));
#1274=EDGE_LOOP('',(#3791,#3792,#3793,#3794,#3795,#3796));
#1275=EDGE_LOOP('',(#3797));
#1276=EDGE_LOOP('',(#3798,#3799,#3800,#3801,#3802));
#1277=EDGE_LOOP('',(#3803));
#1278=EDGE_LOOP('',(#3804));
#1279=EDGE_LOOP('',(#3805,#3806,#3807,#3808));
#1280=EDGE_LOOP('',(#3809,#3810,#3811,#3812,#3813));
#1281=EDGE_LOOP('',(#3814,#3815,#3816,#3817,#3818,#3819));
#1282=EDGE_LOOP('',(#3820,#3821,#3822,#3823,#3824,#3825,#3826,#3827));
#1283=EDGE_LOOP('',(#3828));
#1284=EDGE_LOOP('',(#3829,#3830,#3831,#3832,#3833));
#1285=EDGE_LOOP('',(#3834));
#1286=EDGE_LOOP('',(#3835));
#1287=EDGE_LOOP('',(#3836,#3837,#3838,#3839,#3840));
#1288=EDGE_LOOP('',(#3841,#3842,#3843,#3844));
#1289=EDGE_LOOP('',(#3845,#3846,#3847,#3848));
#1290=EDGE_LOOP('',(#3849,#3850,#3851,#3852));
#1291=EDGE_LOOP('',(#3853,#3854,#3855,#3856));
#1292=EDGE_LOOP('',(#3857,#3858,#3859,#3860));
#1293=EDGE_LOOP('',(#3861,#3862,#3863,#3864));
#1294=EDGE_LOOP('',(#3865,#3866,#3867,#3868));
#1295=EDGE_LOOP('',(#3869,#3870,#3871,#3872));
#1296=EDGE_LOOP('',(#3873,#3874,#3875,#3876));
#1297=EDGE_LOOP('',(#3877,#3878,#3879,#3880));
#1298=EDGE_LOOP('',(#3881,#3882,#3883,#3884));
#1299=EDGE_LOOP('',(#3885,#3886,#3887,#3888));
#1300=EDGE_LOOP('',(#3889,#3890,#3891,#3892,#3893,#3894,#3895,#3896));
#1301=EDGE_LOOP('',(#3897));
#1302=EDGE_LOOP('',(#3898,#3899,#3900,#3901));
#1303=EDGE_LOOP('',(#3902,#3903,#3904,#3905));
#1304=EDGE_LOOP('',(#3906,#3907,#3908,#3909));
#1305=EDGE_LOOP('',(#3910,#3911,#3912,#3913));
#1306=EDGE_LOOP('',(#3914,#3915,#3916,#3917));
#1307=EDGE_LOOP('',(#3918,#3919,#3920,#3921));
#1308=EDGE_LOOP('',(#3922,#3923,#3924,#3925));
#1309=EDGE_LOOP('',(#3926,#3927,#3928,#3929));
#1310=EDGE_LOOP('',(#3930,#3931,#3932,#3933));
#1311=EDGE_LOOP('',(#3934,#3935,#3936,#3937));
#1312=EDGE_LOOP('',(#3938,#3939,#3940,#3941));
#1313=EDGE_LOOP('',(#3942,#3943,#3944,#3945));
#1314=EDGE_LOOP('',(#3946,#3947,#3948,#3949,#3950));
#1315=EDGE_LOOP('',(#3951,#3952,#3953,#3954,#3955,#3956));
#1316=EDGE_LOOP('',(#3957,#3958,#3959,#3960,#3961,#3962,#3963,#3964));
#1317=EDGE_LOOP('',(#3965));
#1318=EDGE_LOOP('',(#3966,#3967,#3968,#3969,#3970));
#1319=EDGE_LOOP('',(#3971));
#1320=EDGE_LOOP('',(#3972));
#1321=EDGE_LOOP('',(#3973,#3974,#3975,#3976,#3977));
#1322=EDGE_LOOP('',(#3978,#3979,#3980,#3981));
#1323=EDGE_LOOP('',(#3982,#3983,#3984,#3985));
#1324=EDGE_LOOP('',(#3986,#3987,#3988,#3989));
#1325=EDGE_LOOP('',(#3990,#3991,#3992,#3993));
#1326=EDGE_LOOP('',(#3994,#3995,#3996,#3997));
#1327=EDGE_LOOP('',(#3998,#3999,#4000,#4001));
#1328=EDGE_LOOP('',(#4002,#4003,#4004,#4005));
#1329=EDGE_LOOP('',(#4006,#4007,#4008,#4009));
#1330=EDGE_LOOP('',(#4010,#4011,#4012,#4013));
#1331=EDGE_LOOP('',(#4014,#4015,#4016,#4017));
#1332=EDGE_LOOP('',(#4018,#4019,#4020,#4021));
#1333=EDGE_LOOP('',(#4022,#4023,#4024,#4025));
#1334=EDGE_LOOP('',(#4026,#4027,#4028,#4029,#4030,#4031,#4032,#4033));
#1335=EDGE_LOOP('',(#4034));
#1336=EDGE_LOOP('',(#4035,#4036,#4037,#4038));
#1337=EDGE_LOOP('',(#4039,#4040,#4041,#4042));
#1338=EDGE_LOOP('',(#4043,#4044,#4045,#4046));
#1339=EDGE_LOOP('',(#4047,#4048,#4049,#4050));
#1340=EDGE_LOOP('',(#4051,#4052,#4053,#4054));
#1341=EDGE_LOOP('',(#4055,#4056,#4057,#4058));
#1342=EDGE_LOOP('',(#4059,#4060,#4061,#4062));
#1343=EDGE_LOOP('',(#4063,#4064,#4065,#4066));
#1344=EDGE_LOOP('',(#4067,#4068,#4069,#4070));
#1345=EDGE_LOOP('',(#4071,#4072,#4073,#4074));
#1346=EDGE_LOOP('',(#4075,#4076,#4077,#4078));
#1347=EDGE_LOOP('',(#4079,#4080,#4081,#4082));
#1348=EDGE_LOOP('',(#4083,#4084,#4085,#4086));
#1349=EDGE_LOOP('',(#4087,#4088,#4089,#4090,#4091));
#1350=EDGE_LOOP('',(#4092,#4093,#4094,#4095,#4096,#4097));
#1351=EDGE_LOOP('',(#4098,#4099,#4100,#4101,#4102,#4103,#4104,#4105));
#1352=EDGE_LOOP('',(#4106));
#1353=EDGE_LOOP('',(#4107,#4108,#4109,#4110,#4111));
#1354=EDGE_LOOP('',(#4112));
#1355=EDGE_LOOP('',(#4113));
#1356=EDGE_LOOP('',(#4114,#4115,#4116,#4117,#4118));
#1357=EDGE_LOOP('',(#4119,#4120,#4121,#4122,#4123));
#1358=EDGE_LOOP('',(#4124,#4125,#4126,#4127));
#1359=EDGE_LOOP('',(#4128,#4129,#4130,#4131));
#1360=EDGE_LOOP('',(#4132,#4133,#4134,#4135));
#1361=EDGE_LOOP('',(#4136,#4137,#4138,#4139));
#1362=EDGE_LOOP('',(#4140,#4141,#4142,#4143));
#1363=EDGE_LOOP('',(#4144,#4145,#4146,#4147));
#1364=EDGE_LOOP('',(#4148,#4149,#4150,#4151));
#1365=EDGE_LOOP('',(#4152,#4153,#4154,#4155));
#1366=EDGE_LOOP('',(#4156,#4157,#4158,#4159));
#1367=EDGE_LOOP('',(#4160,#4161,#4162,#4163));
#1368=EDGE_LOOP('',(#4164,#4165,#4166,#4167));
#1369=EDGE_LOOP('',(#4168,#4169,#4170,#4171));
#1370=EDGE_LOOP('',(#4172,#4173,#4174,#4175,#4176,#4177,#4178,#4179));
#1371=EDGE_LOOP('',(#4180));
#1372=EDGE_LOOP('',(#4181,#4182,#4183,#4184));
#1373=EDGE_LOOP('',(#4185,#4186,#4187,#4188));
#1374=EDGE_LOOP('',(#4189,#4190,#4191,#4192));
#1375=EDGE_LOOP('',(#4193,#4194,#4195,#4196));
#1376=EDGE_LOOP('',(#4197,#4198,#4199,#4200));
#1377=EDGE_LOOP('',(#4201,#4202,#4203,#4204));
#1378=EDGE_LOOP('',(#4205,#4206,#4207,#4208));
#1379=EDGE_LOOP('',(#4209,#4210,#4211,#4212));
#1380=EDGE_LOOP('',(#4213,#4214,#4215,#4216));
#1381=EDGE_LOOP('',(#4217,#4218,#4219,#4220));
#1382=EDGE_LOOP('',(#4221,#4222,#4223,#4224));
#1383=EDGE_LOOP('',(#4225,#4226,#4227,#4228));
#1384=EDGE_LOOP('',(#4229,#4230,#4231,#4232,#4233));
#1385=EDGE_LOOP('',(#4234,#4235,#4236,#4237,#4238,#4239));
#1386=EDGE_LOOP('',(#4240,#4241,#4242,#4243,#4244,#4245,#4246,#4247));
#1387=EDGE_LOOP('',(#4248));
#1388=EDGE_LOOP('',(#4249,#4250,#4251,#4252,#4253));
#1389=EDGE_LOOP('',(#4254));
#1390=EDGE_LOOP('',(#4255));
#1391=EDGE_LOOP('',(#4256,#4257,#4258,#4259,#4260));
#1392=EDGE_LOOP('',(#4261,#4262,#4263,#4264));
#1393=EDGE_LOOP('',(#4265,#4266,#4267,#4268));
#1394=EDGE_LOOP('',(#4269,#4270,#4271,#4272));
#1395=EDGE_LOOP('',(#4273,#4274,#4275,#4276));
#1396=EDGE_LOOP('',(#4277,#4278,#4279,#4280));
#1397=EDGE_LOOP('',(#4281,#4282,#4283,#4284));
#1398=EDGE_LOOP('',(#4285,#4286,#4287,#4288));
#1399=EDGE_LOOP('',(#4289,#4290,#4291,#4292));
#1400=EDGE_LOOP('',(#4293,#4294,#4295,#4296));
#1401=EDGE_LOOP('',(#4297,#4298,#4299,#4300));
#1402=EDGE_LOOP('',(#4301,#4302,#4303,#4304));
#1403=EDGE_LOOP('',(#4305,#4306,#4307,#4308));
#1404=EDGE_LOOP('',(#4309,#4310,#4311,#4312,#4313,#4314,#4315,#4316));
#1405=EDGE_LOOP('',(#4317));
#1406=EDGE_LOOP('',(#4318,#4319,#4320,#4321));
#1407=EDGE_LOOP('',(#4322,#4323,#4324,#4325));
#1408=EDGE_LOOP('',(#4326,#4327,#4328,#4329));
#1409=EDGE_LOOP('',(#4330,#4331,#4332,#4333));
#1410=EDGE_LOOP('',(#4334,#4335,#4336,#4337));
#1411=EDGE_LOOP('',(#4338,#4339,#4340,#4341));
#1412=EDGE_LOOP('',(#4342,#4343,#4344,#4345));
#1413=EDGE_LOOP('',(#4346,#4347,#4348,#4349));
#1414=EDGE_LOOP('',(#4350,#4351,#4352,#4353));
#1415=EDGE_LOOP('',(#4354,#4355,#4356,#4357));
#1416=EDGE_LOOP('',(#4358,#4359,#4360,#4361));
#1417=EDGE_LOOP('',(#4362,#4363,#4364,#4365));
#1418=EDGE_LOOP('',(#4366,#4367,#4368,#4369));
#1419=EDGE_LOOP('',(#4370,#4371,#4372,#4373,#4374));
#1420=EDGE_LOOP('',(#4375,#4376,#4377,#4378,#4379,#4380));
#1421=EDGE_LOOP('',(#4381,#4382,#4383,#4384,#4385,#4386,#4387,#4388));
#1422=EDGE_LOOP('',(#4389));
#1423=EDGE_LOOP('',(#4390,#4391,#4392,#4393,#4394));
#1424=EDGE_LOOP('',(#4395));
#1425=EDGE_LOOP('',(#4396));
#1426=EDGE_LOOP('',(#4397,#4398,#4399,#4400,#4401));
#1427=EDGE_LOOP('',(#4402,#4403,#4404,#4405,#4406,#4407));
#1428=EDGE_LOOP('',(#4408,#4409,#4410,#4411));
#1429=EDGE_LOOP('',(#4412,#4413,#4414,#4415));
#1430=EDGE_LOOP('',(#4416,#4417,#4418,#4419));
#1431=EDGE_LOOP('',(#4420,#4421,#4422,#4423));
#1432=EDGE_LOOP('',(#4424,#4425,#4426,#4427));
#1433=EDGE_LOOP('',(#4428,#4429,#4430,#4431));
#1434=EDGE_LOOP('',(#4432,#4433,#4434,#4435));
#1435=EDGE_LOOP('',(#4436,#4437,#4438,#4439));
#1436=EDGE_LOOP('',(#4440,#4441,#4442,#4443));
#1437=EDGE_LOOP('',(#4444,#4445,#4446,#4447));
#1438=EDGE_LOOP('',(#4448,#4449,#4450,#4451));
#1439=EDGE_LOOP('',(#4452,#4453,#4454,#4455));
#1440=EDGE_LOOP('',(#4456,#4457,#4458,#4459,#4460,#4461,#4462,#4463));
#1441=EDGE_LOOP('',(#4464));
#1442=EDGE_LOOP('',(#4465,#4466,#4467,#4468));
#1443=EDGE_LOOP('',(#4469,#4470,#4471,#4472));
#1444=EDGE_LOOP('',(#4473,#4474,#4475,#4476));
#1445=EDGE_LOOP('',(#4477,#4478,#4479,#4480));
#1446=EDGE_LOOP('',(#4481,#4482,#4483,#4484));
#1447=EDGE_LOOP('',(#4485,#4486,#4487,#4488));
#1448=EDGE_LOOP('',(#4489,#4490,#4491,#4492));
#1449=EDGE_LOOP('',(#4493,#4494,#4495,#4496));
#1450=EDGE_LOOP('',(#4497,#4498,#4499,#4500));
#1451=EDGE_LOOP('',(#4501,#4502,#4503,#4504));
#1452=EDGE_LOOP('',(#4505,#4506,#4507,#4508));
#1453=EDGE_LOOP('',(#4509,#4510,#4511,#4512));
#1454=EDGE_LOOP('',(#4513,#4514,#4515,#4516,#4517));
#1455=EDGE_LOOP('',(#4518,#4519,#4520,#4521,#4522,#4523));
#1456=EDGE_LOOP('',(#4524,#4525,#4526,#4527,#4528,#4529,#4530,#4531));
#1457=EDGE_LOOP('',(#4532));
#1458=EDGE_LOOP('',(#4533,#4534,#4535,#4536,#4537));
#1459=EDGE_LOOP('',(#4538));
#1460=EDGE_LOOP('',(#4539));
#1461=EDGE_LOOP('',(#4540,#4541,#4542,#4543,#4544));
#1462=EDGE_LOOP('',(#4545,#4546,#4547,#4548,#4549,#4550));
#1463=EDGE_LOOP('',(#4551,#4552,#4553,#4554));
#1464=EDGE_LOOP('',(#4555,#4556,#4557,#4558));
#1465=EDGE_LOOP('',(#4559,#4560,#4561,#4562));
#1466=EDGE_LOOP('',(#4563,#4564,#4565,#4566));
#1467=EDGE_LOOP('',(#4567,#4568,#4569,#4570));
#1468=EDGE_LOOP('',(#4571,#4572,#4573,#4574));
#1469=EDGE_LOOP('',(#4575,#4576,#4577,#4578));
#1470=EDGE_LOOP('',(#4579,#4580,#4581,#4582));
#1471=EDGE_LOOP('',(#4583,#4584,#4585,#4586));
#1472=EDGE_LOOP('',(#4587,#4588,#4589,#4590));
#1473=EDGE_LOOP('',(#4591,#4592,#4593,#4594));
#1474=EDGE_LOOP('',(#4595,#4596,#4597,#4598));
#1475=EDGE_LOOP('',(#4599,#4600,#4601,#4602,#4603,#4604,#4605,#4606));
#1476=EDGE_LOOP('',(#4607));
#1477=EDGE_LOOP('',(#4608,#4609,#4610,#4611));
#1478=EDGE_LOOP('',(#4612,#4613,#4614,#4615));
#1479=EDGE_LOOP('',(#4616,#4617,#4618,#4619));
#1480=EDGE_LOOP('',(#4620,#4621,#4622,#4623));
#1481=EDGE_LOOP('',(#4624,#4625,#4626,#4627));
#1482=EDGE_LOOP('',(#4628,#4629,#4630,#4631));
#1483=EDGE_LOOP('',(#4632,#4633,#4634,#4635));
#1484=EDGE_LOOP('',(#4636,#4637,#4638,#4639));
#1485=EDGE_LOOP('',(#4640,#4641,#4642,#4643));
#1486=EDGE_LOOP('',(#4644,#4645,#4646,#4647));
#1487=EDGE_LOOP('',(#4648,#4649,#4650,#4651));
#1488=EDGE_LOOP('',(#4652,#4653,#4654,#4655));
#1489=EDGE_LOOP('',(#4656,#4657,#4658,#4659));
#1490=EDGE_LOOP('',(#4660,#4661,#4662,#4663,#4664));
#1491=EDGE_LOOP('',(#4665,#4666,#4667,#4668,#4669,#4670));
#1492=EDGE_LOOP('',(#4671,#4672,#4673,#4674,#4675,#4676,#4677,#4678));
#1493=EDGE_LOOP('',(#4679));
#1494=EDGE_LOOP('',(#4680,#4681,#4682,#4683,#4684));
#1495=EDGE_LOOP('',(#4685));
#1496=EDGE_LOOP('',(#4686));
#1497=EDGE_LOOP('',(#4687,#4688,#4689,#4690,#4691));
#1498=EDGE_LOOP('',(#4692,#4693,#4694,#4695,#4696,#4697));
#1499=EDGE_LOOP('',(#4698,#4699,#4700,#4701));
#1500=EDGE_LOOP('',(#4702,#4703,#4704,#4705));
#1501=EDGE_LOOP('',(#4706,#4707,#4708,#4709));
#1502=EDGE_LOOP('',(#4710,#4711,#4712,#4713));
#1503=EDGE_LOOP('',(#4714,#4715,#4716,#4717));
#1504=EDGE_LOOP('',(#4718,#4719,#4720,#4721));
#1505=EDGE_LOOP('',(#4722,#4723,#4724,#4725));
#1506=EDGE_LOOP('',(#4726,#4727,#4728,#4729));
#1507=EDGE_LOOP('',(#4730,#4731,#4732,#4733));
#1508=EDGE_LOOP('',(#4734,#4735,#4736,#4737));
#1509=EDGE_LOOP('',(#4738,#4739,#4740,#4741));
#1510=EDGE_LOOP('',(#4742,#4743,#4744,#4745));
#1511=EDGE_LOOP('',(#4746,#4747,#4748,#4749,#4750,#4751,#4752,#4753));
#1512=EDGE_LOOP('',(#4754));
#1513=EDGE_LOOP('',(#4755,#4756,#4757,#4758));
#1514=EDGE_LOOP('',(#4759,#4760,#4761,#4762));
#1515=EDGE_LOOP('',(#4763,#4764,#4765,#4766));
#1516=EDGE_LOOP('',(#4767,#4768,#4769,#4770));
#1517=EDGE_LOOP('',(#4771,#4772,#4773,#4774));
#1518=EDGE_LOOP('',(#4775,#4776,#4777,#4778));
#1519=EDGE_LOOP('',(#4779,#4780,#4781,#4782));
#1520=EDGE_LOOP('',(#4783,#4784,#4785,#4786));
#1521=EDGE_LOOP('',(#4787,#4788,#4789,#4790));
#1522=EDGE_LOOP('',(#4791,#4792,#4793,#4794));
#1523=EDGE_LOOP('',(#4795,#4796,#4797,#4798));
#1524=EDGE_LOOP('',(#4799,#4800,#4801,#4802));
#1525=EDGE_LOOP('',(#4803,#4804,#4805,#4806,#4807));
#1526=EDGE_LOOP('',(#4808,#4809,#4810,#4811,#4812,#4813));
#1527=EDGE_LOOP('',(#4814,#4815,#4816,#4817,#4818,#4819,#4820,#4821));
#1528=EDGE_LOOP('',(#4822));
#1529=EDGE_LOOP('',(#4823,#4824,#4825,#4826,#4827));
#1530=EDGE_LOOP('',(#4828));
#1531=EDGE_LOOP('',(#4829));
#1532=EDGE_LOOP('',(#4830,#4831,#4832,#4833,#4834));
#1533=EDGE_LOOP('',(#4835,#4836,#4837,#4838,#4839));
#1534=EDGE_LOOP('',(#4840,#4841,#4842,#4843));
#1535=EDGE_LOOP('',(#4844,#4845,#4846,#4847));
#1536=EDGE_LOOP('',(#4848,#4849,#4850,#4851));
#1537=EDGE_LOOP('',(#4852,#4853,#4854,#4855));
#1538=EDGE_LOOP('',(#4856,#4857,#4858,#4859));
#1539=EDGE_LOOP('',(#4860,#4861,#4862,#4863));
#1540=EDGE_LOOP('',(#4864,#4865,#4866,#4867));
#1541=EDGE_LOOP('',(#4868,#4869,#4870,#4871));
#1542=EDGE_LOOP('',(#4872,#4873,#4874,#4875));
#1543=EDGE_LOOP('',(#4876,#4877,#4878,#4879));
#1544=EDGE_LOOP('',(#4880,#4881,#4882,#4883));
#1545=EDGE_LOOP('',(#4884,#4885,#4886,#4887));
#1546=EDGE_LOOP('',(#4888,#4889,#4890,#4891,#4892,#4893,#4894,#4895));
#1547=EDGE_LOOP('',(#4896));
#1548=EDGE_LOOP('',(#4897,#4898,#4899,#4900));
#1549=EDGE_LOOP('',(#4901,#4902,#4903,#4904));
#1550=EDGE_LOOP('',(#4905,#4906,#4907,#4908));
#1551=EDGE_LOOP('',(#4909,#4910,#4911,#4912));
#1552=EDGE_LOOP('',(#4913,#4914,#4915,#4916));
#1553=EDGE_LOOP('',(#4917,#4918,#4919,#4920));
#1554=EDGE_LOOP('',(#4921,#4922,#4923,#4924));
#1555=EDGE_LOOP('',(#4925,#4926,#4927,#4928));
#1556=EDGE_LOOP('',(#4929,#4930,#4931,#4932));
#1557=EDGE_LOOP('',(#4933,#4934,#4935,#4936));
#1558=EDGE_LOOP('',(#4937));
#1559=EDGE_LOOP('',(#4938,#4939,#4940,#4941));
#1560=EDGE_LOOP('',(#4942,#4943,#4944,#4945));
#1561=EDGE_LOOP('',(#4946,#4947,#4948,#4949));
#1562=EDGE_LOOP('',(#4950,#4951));
#1563=EDGE_LOOP('',(#4952,#4953,#4954,#4955));
#1564=EDGE_LOOP('',(#4956,#4957,#4958,#4959));
#1565=EDGE_LOOP('',(#4960,#4961,#4962));
#1566=EDGE_LOOP('',(#4963,#4964,#4965,#4966,#4967,#4968,#4969,#4970));
#1567=EDGE_LOOP('',(#4971));
#1568=EDGE_LOOP('',(#4972));
#1569=EDGE_LOOP('',(#4973,#4974,#4975,#4976,#4977));
#1570=EDGE_LOOP('',(#4978));
#1571=EDGE_LOOP('',(#4979));
#1572=EDGE_LOOP('',(#4980));
#1573=EDGE_LOOP('',(#4981,#4982,#4983,#4984));
#1574=EDGE_LOOP('',(#4985,#4986,#4987,#4988));
#1575=EDGE_LOOP('',(#4989));
#1576=EDGE_LOOP('',(#4990,#4991,#4992,#4993));
#1577=EDGE_LOOP('',(#4994));
#1578=EDGE_LOOP('',(#4995));
#1579=EDGE_LOOP('',(#4996,#4997,#4998,#4999));
#1580=EDGE_LOOP('',(#5000));
#1581=EDGE_LOOP('',(#5001));
#1582=EDGE_LOOP('',(#5002,#5003,#5004,#5005));
#1583=EDGE_LOOP('',(#5006));
#1584=EDGE_LOOP('',(#5007));
#1585=EDGE_LOOP('',(#5008,#5009,#5010,#5011));
#1586=EDGE_LOOP('',(#5012));
#1587=EDGE_LOOP('',(#5013));
#1588=EDGE_LOOP('',(#5014,#5015));
#1589=EDGE_LOOP('',(#5016));
#1590=EDGE_LOOP('',(#5017));
#1591=EDGE_LOOP('',(#5018,#5019,#5020,#5021));
#1592=EDGE_LOOP('',(#5022));
#1593=EDGE_LOOP('',(#5023));
#1594=CIRCLE('',#5588,1.5);
#1595=CIRCLE('',#5589,4.75000000000001);
#1596=CIRCLE('',#5590,1.5);
#1597=CIRCLE('',#5591,6.25000000000001);
#1598=CIRCLE('',#5592,1.5);
#1599=CIRCLE('',#5594,1.5);
#1600=CIRCLE('',#5596,1.5);
#1601=CIRCLE('',#5597,1.5);
#1602=CIRCLE('',#5599,1.5);
#1603=CIRCLE('',#5600,6.25);
#1604=CIRCLE('',#5601,4.75);
#1605=CIRCLE('',#5603,1.5);
#1606=CIRCLE('',#5604,1.5);
#1607=CIRCLE('',#5606,1.5);
#1608=CIRCLE('',#5609,4.75);
#1609=CIRCLE('',#5611,2.5);
#1610=CIRCLE('',#5612,2.5);
#1611=CIRCLE('',#5614,27.5);
#1612=CIRCLE('',#5615,10.);
#1613=CIRCLE('',#5616,10.);
#1614=CIRCLE('',#5617,10.);
#1615=CIRCLE('',#5618,10.);
#1616=CIRCLE('',#5619,27.5);
#1617=CIRCLE('',#5620,22.5);
#1618=CIRCLE('',#5622,6.);
#1619=CIRCLE('',#5623,5.);
#1620=CIRCLE('',#5625,2.5);
#1621=CIRCLE('',#5626,25.);
#1622=CIRCLE('',#5628,1.5);
#1623=CIRCLE('',#5629,1.5);
#1624=CIRCLE('',#5631,1.5);
#1625=CIRCLE('',#5632,3.25);
#1626=CIRCLE('',#5634,1.5);
#1627=CIRCLE('',#5636,4.75000000000001);
#1628=CIRCLE('',#5637,3.25000000000001);
#1629=CIRCLE('',#5642,1.5);
#1630=CIRCLE('',#5643,1.5);
#1631=CIRCLE('',#5645,1.5);
#1632=CIRCLE('',#5646,1.5);
#1633=CIRCLE('',#5648,6.25);
#1634=CIRCLE('',#5649,4.75);
#1635=CIRCLE('',#5650,1.5);
#1636=CIRCLE('',#5652,1.5);
#1637=CIRCLE('',#5654,1.5);
#1638=CIRCLE('',#5655,4.75000000000001);
#1639=CIRCLE('',#5656,1.5);
#1640=CIRCLE('',#5657,6.25000000000001);
#1641=CIRCLE('',#5658,1.5);
#1642=CIRCLE('',#5660,1.5);
#1643=CIRCLE('',#5662,2.5);
#1644=CIRCLE('',#5663,25.);
#1645=CIRCLE('',#5664,2.5);
#1646=CIRCLE('',#5665,27.5);
#1647=CIRCLE('',#5667,2.5);
#1648=CIRCLE('',#5669,6.);
#1649=CIRCLE('',#5670,5.);
#1650=CIRCLE('',#5673,4.75000000000001);
#1651=CIRCLE('',#5675,1.5);
#1652=CIRCLE('',#5676,1.5);
#1653=CIRCLE('',#5678,1.5);
#1654=CIRCLE('',#5679,3.25000000000001);
#1655=CIRCLE('',#5681,1.5);
#1656=CIRCLE('',#5683,4.75);
#1657=CIRCLE('',#5684,3.25);
#1658=CIRCLE('',#5689,8.5);
#1659=CIRCLE('',#5690,2.5);
#1660=CIRCLE('',#5692,2.5);
#1661=CIRCLE('',#5694,25.);
#1662=CIRCLE('',#5695,2.5);
#1663=CIRCLE('',#5697,2.5);
#1664=CIRCLE('',#5698,12.5);
#1665=CIRCLE('',#5700,2.5);
#1666=CIRCLE('',#5702,2.5);
#1667=CIRCLE('',#5703,12.5);
#1668=CIRCLE('',#5705,2.5);
#1669=CIRCLE('',#5707,2.5);
#1670=CIRCLE('',#5708,12.5);
#1671=CIRCLE('',#5710,2.5);
#1672=CIRCLE('',#5712,12.5);
#1673=CIRCLE('',#5714,12.5);
#1674=CIRCLE('',#5717,12.5);
#1675=CIRCLE('',#5719,25.);
#1676=CIRCLE('',#5722,8.5);
#1677=CIRCLE('',#5724,2.5);
#1678=CIRCLE('',#5725,10.);
#1679=CIRCLE('',#5726,12.5);
#1680=CIRCLE('',#5728,2.5);
#1681=CIRCLE('',#5730,2.5);
#1682=CIRCLE('',#5732,27.5);
#1683=CIRCLE('',#5733,2.5);
#1684=CIRCLE('',#5735,2.5);
#1685=CIRCLE('',#5736,10.);
#1686=CIRCLE('',#5738,2.5);
#1687=CIRCLE('',#5740,2.5);
#1688=CIRCLE('',#5741,10.);
#1689=CIRCLE('',#5743,2.5);
#1690=CIRCLE('',#5745,2.5);
#1691=CIRCLE('',#5746,12.5);
#1692=CIRCLE('',#5747,10.);
#1693=CIRCLE('',#5754,22.5);
#1694=CIRCLE('',#5766,3.5);
#1695=CIRCLE('',#5767,1.5);
#1696=CIRCLE('',#5768,5.);
#1697=CIRCLE('',#5769,5.);
#1698=CIRCLE('',#5771,5.);
#1699=CIRCLE('',#5772,5.);
#1700=CIRCLE('',#5775,3.5);
#1701=CIRCLE('',#5776,1.5);
#1702=CIRCLE('',#5784,20.);
#1703=CIRCLE('',#5786,22.5);
#1704=CIRCLE('',#5787,22.5);
#1705=CIRCLE('',#5789,25.);
#1706=CIRCLE('',#5790,25.);
#1707=CIRCLE('',#5791,1.5);
#1708=CIRCLE('',#5792,26.5);
#1709=CIRCLE('',#5794,25.);
#1710=CIRCLE('',#5795,25.);
#1711=CIRCLE('',#5797,32.5);
#1712=CIRCLE('',#5798,32.5);
#1713=CIRCLE('',#5799,22.5);
#1714=CIRCLE('',#5800,52.5);
#1715=CIRCLE('',#5801,22.5);
#1716=CIRCLE('',#5802,32.5);
#1717=CIRCLE('',#5804,23.5);
#1718=CIRCLE('',#5805,1.5);
#1719=CIRCLE('',#5807,21.5);
#1720=CIRCLE('',#5809,1.5);
#1721=CIRCLE('',#5810,20.);
#1722=CIRCLE('',#5811,20.);
#1723=CIRCLE('',#5813,2.5);
#1724=CIRCLE('',#5814,32.5);
#1725=CIRCLE('',#5815,2.49999999999999);
#1726=CIRCLE('',#5816,30.);
#1727=CIRCLE('',#5818,2.5);
#1728=CIRCLE('',#5819,25.);
#1729=CIRCLE('',#5820,22.5);
#1730=CIRCLE('',#5822,2.49999999999999);
#1731=CIRCLE('',#5823,55.);
#1732=CIRCLE('',#5824,52.5);
#1733=CIRCLE('',#5826,2.5);
#1734=CIRCLE('',#5827,25.);
#1735=CIRCLE('',#5828,22.5);
#1736=CIRCLE('',#5830,2.5);
#1737=CIRCLE('',#5831,30.);
#1738=CIRCLE('',#5832,32.5);
#1739=CIRCLE('',#5834,2.5);
#1740=CIRCLE('',#5836,2.5);
#1741=CIRCLE('',#5837,35.);
#1742=CIRCLE('',#5838,32.5);
#1743=CIRCLE('',#5841,25.);
#1744=CIRCLE('',#5843,55.);
#1745=CIRCLE('',#5845,25.);
#1746=CIRCLE('',#5847,30.);
#1747=CIRCLE('',#5850,2.5);
#1748=CIRCLE('',#5851,2.5);
#1749=CIRCLE('',#5853,2.5);
#1750=CIRCLE('',#5854,30.);
#1751=CIRCLE('',#5856,2.5);
#1752=CIRCLE('',#5858,2.49999999999999);
#1753=CIRCLE('',#5860,2.49999999999998);
#1754=CIRCLE('',#5862,2.5);
#1755=CIRCLE('',#5864,2.5);
#1756=CIRCLE('',#5866,35.);
#1757=CIRCLE('',#5872,25.);
#1758=CIRCLE('',#5873,1.5);
#1759=CIRCLE('',#5874,26.5);
#1760=CIRCLE('',#5875,25.);
#1761=CIRCLE('',#5877,25.);
#1762=CIRCLE('',#5878,25.);
#1763=CIRCLE('',#5880,32.5);
#1764=CIRCLE('',#5881,22.5);
#1765=CIRCLE('',#5882,52.5);
#1766=CIRCLE('',#5883,22.5);
#1767=CIRCLE('',#5884,32.5);
#1768=CIRCLE('',#5885,32.5);
#1769=CIRCLE('',#5887,23.5);
#1770=CIRCLE('',#5888,1.5);
#1771=CIRCLE('',#5890,21.5);
#1772=CIRCLE('',#5892,1.5);
#1773=CIRCLE('',#5893,20.);
#1774=CIRCLE('',#5894,20.);
#1775=CIRCLE('',#5896,2.5);
#1776=CIRCLE('',#5897,30.);
#1777=CIRCLE('',#5898,2.49999999999999);
#1778=CIRCLE('',#5899,32.5);
#1779=CIRCLE('',#5901,2.5);
#1780=CIRCLE('',#5902,22.5);
#1781=CIRCLE('',#5903,25.);
#1782=CIRCLE('',#5905,2.49999999999999);
#1783=CIRCLE('',#5906,52.5);
#1784=CIRCLE('',#5907,55.);
#1785=CIRCLE('',#5909,2.5);
#1786=CIRCLE('',#5910,22.5);
#1787=CIRCLE('',#5911,25.);
#1788=CIRCLE('',#5913,2.5);
#1789=CIRCLE('',#5914,32.5);
#1790=CIRCLE('',#5915,30.);
#1791=CIRCLE('',#5917,2.5);
#1792=CIRCLE('',#5919,2.5);
#1793=CIRCLE('',#5920,32.5);
#1794=CIRCLE('',#5921,35.);
#1795=CIRCLE('',#5924,25.);
#1796=CIRCLE('',#5926,55.);
#1797=CIRCLE('',#5928,25.);
#1798=CIRCLE('',#5930,30.);
#1799=CIRCLE('',#5933,2.5);
#1800=CIRCLE('',#5934,2.5);
#1801=CIRCLE('',#5936,2.5);
#1802=CIRCLE('',#5937,30.);
#1803=CIRCLE('',#5939,2.5);
#1804=CIRCLE('',#5941,2.49999999999999);
#1805=CIRCLE('',#5943,2.49999999999998);
#1806=CIRCLE('',#5945,2.5);
#1807=CIRCLE('',#5947,2.5);
#1808=CIRCLE('',#5949,35.);
#1809=CIRCLE('',#5955,22.5);
#1810=CIRCLE('',#5956,22.5);
#1811=CIRCLE('',#5958,25.);
#1812=CIRCLE('',#5959,25.);
#1813=CIRCLE('',#5960,1.5);
#1814=CIRCLE('',#5961,26.5);
#1815=CIRCLE('',#5963,25.);
#1816=CIRCLE('',#5964,25.);
#1817=CIRCLE('',#5966,32.5);
#1818=CIRCLE('',#5967,32.5);
#1819=CIRCLE('',#5968,22.5);
#1820=CIRCLE('',#5969,52.5);
#1821=CIRCLE('',#5970,22.5);
#1822=CIRCLE('',#5971,32.5);
#1823=CIRCLE('',#5973,23.5);
#1824=CIRCLE('',#5974,1.5);
#1825=CIRCLE('',#5976,21.5);
#1826=CIRCLE('',#5978,1.5);
#1827=CIRCLE('',#5979,20.);
#1828=CIRCLE('',#5980,20.);
#1829=CIRCLE('',#5983,2.5);
#1830=CIRCLE('',#5984,32.5);
#1831=CIRCLE('',#5985,2.49999999999999);
#1832=CIRCLE('',#5986,30.);
#1833=CIRCLE('',#5988,2.5);
#1834=CIRCLE('',#5989,25.);
#1835=CIRCLE('',#5990,22.5);
#1836=CIRCLE('',#5992,2.49999999999999);
#1837=CIRCLE('',#5993,55.);
#1838=CIRCLE('',#5994,52.5);
#1839=CIRCLE('',#5996,2.5);
#1840=CIRCLE('',#5997,25.);
#1841=CIRCLE('',#5998,22.5);
#1842=CIRCLE('',#6000,2.5);
#1843=CIRCLE('',#6001,30.);
#1844=CIRCLE('',#6002,32.5);
#1845=CIRCLE('',#6004,2.5);
#1846=CIRCLE('',#6006,2.5);
#1847=CIRCLE('',#6007,35.);
#1848=CIRCLE('',#6008,32.5);
#1849=CIRCLE('',#6011,25.);
#1850=CIRCLE('',#6013,55.);
#1851=CIRCLE('',#6015,25.);
#1852=CIRCLE('',#6017,30.);
#1853=CIRCLE('',#6020,2.5);
#1854=CIRCLE('',#6021,2.5);
#1855=CIRCLE('',#6023,2.5);
#1856=CIRCLE('',#6024,30.);
#1857=CIRCLE('',#6026,2.5);
#1858=CIRCLE('',#6028,2.49999999999999);
#1859=CIRCLE('',#6030,2.49999999999998);
#1860=CIRCLE('',#6032,2.5);
#1861=CIRCLE('',#6034,2.5);
#1862=CIRCLE('',#6036,35.);
#1863=CIRCLE('',#6042,25.);
#1864=CIRCLE('',#6043,1.5);
#1865=CIRCLE('',#6044,26.5);
#1866=CIRCLE('',#6045,25.);
#1867=CIRCLE('',#6047,25.);
#1868=CIRCLE('',#6048,25.);
#1869=CIRCLE('',#6050,32.5);
#1870=CIRCLE('',#6051,22.5);
#1871=CIRCLE('',#6052,52.5);
#1872=CIRCLE('',#6053,22.5);
#1873=CIRCLE('',#6054,32.5);
#1874=CIRCLE('',#6055,32.5);
#1875=CIRCLE('',#6057,23.5);
#1876=CIRCLE('',#6058,1.5);
#1877=CIRCLE('',#6060,21.5);
#1878=CIRCLE('',#6062,1.5);
#1879=CIRCLE('',#6063,20.);
#1880=CIRCLE('',#6064,20.);
#1881=CIRCLE('',#6066,2.5);
#1882=CIRCLE('',#6067,30.);
#1883=CIRCLE('',#6068,2.49999999999999);
#1884=CIRCLE('',#6069,32.5);
#1885=CIRCLE('',#6071,2.5);
#1886=CIRCLE('',#6072,22.5);
#1887=CIRCLE('',#6073,25.);
#1888=CIRCLE('',#6075,2.49999999999999);
#1889=CIRCLE('',#6076,52.5);
#1890=CIRCLE('',#6077,55.);
#1891=CIRCLE('',#6079,2.5);
#1892=CIRCLE('',#6080,22.5);
#1893=CIRCLE('',#6081,25.);
#1894=CIRCLE('',#6083,2.5);
#1895=CIRCLE('',#6084,32.5);
#1896=CIRCLE('',#6085,30.);
#1897=CIRCLE('',#6087,2.5);
#1898=CIRCLE('',#6089,2.5);
#1899=CIRCLE('',#6090,32.5);
#1900=CIRCLE('',#6091,35.);
#1901=CIRCLE('',#6094,25.);
#1902=CIRCLE('',#6096,55.);
#1903=CIRCLE('',#6098,25.);
#1904=CIRCLE('',#6100,30.);
#1905=CIRCLE('',#6103,2.5);
#1906=CIRCLE('',#6104,2.5);
#1907=CIRCLE('',#6106,2.5);
#1908=CIRCLE('',#6107,30.);
#1909=CIRCLE('',#6109,2.5);
#1910=CIRCLE('',#6111,2.49999999999999);
#1911=CIRCLE('',#6113,2.49999999999998);
#1912=CIRCLE('',#6115,2.5);
#1913=CIRCLE('',#6117,2.5);
#1914=CIRCLE('',#6119,35.);
#1915=CIRCLE('',#6125,22.5);
#1916=CIRCLE('',#6126,22.5);
#1917=CIRCLE('',#6128,25.);
#1918=CIRCLE('',#6129,25.);
#1919=CIRCLE('',#6130,1.5);
#1920=CIRCLE('',#6131,26.5);
#1921=CIRCLE('',#6133,25.);
#1922=CIRCLE('',#6134,25.);
#1923=CIRCLE('',#6136,32.5);
#1924=CIRCLE('',#6137,32.5);
#1925=CIRCLE('',#6138,22.5);
#1926=CIRCLE('',#6139,52.5);
#1927=CIRCLE('',#6140,22.5);
#1928=CIRCLE('',#6141,32.5);
#1929=CIRCLE('',#6143,23.5);
#1930=CIRCLE('',#6144,1.5);
#1931=CIRCLE('',#6146,21.5);
#1932=CIRCLE('',#6148,1.5);
#1933=CIRCLE('',#6149,20.);
#1934=CIRCLE('',#6150,20.);
#1935=CIRCLE('',#6153,2.5);
#1936=CIRCLE('',#6154,32.5);
#1937=CIRCLE('',#6155,2.49999999999999);
#1938=CIRCLE('',#6156,30.);
#1939=CIRCLE('',#6158,2.5);
#1940=CIRCLE('',#6159,25.);
#1941=CIRCLE('',#6160,22.5);
#1942=CIRCLE('',#6162,2.49999999999999);
#1943=CIRCLE('',#6163,55.);
#1944=CIRCLE('',#6164,52.5);
#1945=CIRCLE('',#6166,2.5);
#1946=CIRCLE('',#6167,25.);
#1947=CIRCLE('',#6168,22.5);
#1948=CIRCLE('',#6170,2.5);
#1949=CIRCLE('',#6171,30.);
#1950=CIRCLE('',#6172,32.5);
#1951=CIRCLE('',#6174,2.5);
#1952=CIRCLE('',#6176,2.5);
#1953=CIRCLE('',#6177,35.);
#1954=CIRCLE('',#6178,32.5);
#1955=CIRCLE('',#6181,25.);
#1956=CIRCLE('',#6183,55.);
#1957=CIRCLE('',#6185,25.);
#1958=CIRCLE('',#6187,30.);
#1959=CIRCLE('',#6190,2.5);
#1960=CIRCLE('',#6191,2.5);
#1961=CIRCLE('',#6193,2.5);
#1962=CIRCLE('',#6194,30.);
#1963=CIRCLE('',#6196,2.5);
#1964=CIRCLE('',#6198,2.49999999999999);
#1965=CIRCLE('',#6200,2.49999999999998);
#1966=CIRCLE('',#6202,2.5);
#1967=CIRCLE('',#6204,2.5);
#1968=CIRCLE('',#6206,35.);
#1969=CIRCLE('',#6212,25.);
#1970=CIRCLE('',#6213,1.5);
#1971=CIRCLE('',#6214,26.5);
#1972=CIRCLE('',#6215,25.);
#1973=CIRCLE('',#6217,25.);
#1974=CIRCLE('',#6218,25.);
#1975=CIRCLE('',#6220,32.5);
#1976=CIRCLE('',#6221,22.5);
#1977=CIRCLE('',#6222,52.5);
#1978=CIRCLE('',#6223,22.5);
#1979=CIRCLE('',#6224,32.5);
#1980=CIRCLE('',#6225,32.5);
#1981=CIRCLE('',#6227,23.5);
#1982=CIRCLE('',#6228,1.5);
#1983=CIRCLE('',#6230,21.5);
#1984=CIRCLE('',#6232,1.5);
#1985=CIRCLE('',#6233,20.);
#1986=CIRCLE('',#6234,20.);
#1987=CIRCLE('',#6237,2.5);
#1988=CIRCLE('',#6238,30.);
#1989=CIRCLE('',#6239,2.49999999999999);
#1990=CIRCLE('',#6240,32.5);
#1991=CIRCLE('',#6242,2.5);
#1992=CIRCLE('',#6243,22.5);
#1993=CIRCLE('',#6244,25.);
#1994=CIRCLE('',#6246,2.49999999999999);
#1995=CIRCLE('',#6247,52.5);
#1996=CIRCLE('',#6248,55.);
#1997=CIRCLE('',#6250,2.5);
#1998=CIRCLE('',#6251,22.5);
#1999=CIRCLE('',#6252,25.);
#2000=CIRCLE('',#6254,2.5);
#2001=CIRCLE('',#6255,32.5);
#2002=CIRCLE('',#6256,30.);
#2003=CIRCLE('',#6258,2.5);
#2004=CIRCLE('',#6260,2.5);
#2005=CIRCLE('',#6261,32.5);
#2006=CIRCLE('',#6262,35.);
#2007=CIRCLE('',#6265,25.);
#2008=CIRCLE('',#6267,55.);
#2009=CIRCLE('',#6269,25.);
#2010=CIRCLE('',#6271,30.);
#2011=CIRCLE('',#6274,2.5);
#2012=CIRCLE('',#6275,2.5);
#2013=CIRCLE('',#6277,2.5);
#2014=CIRCLE('',#6278,30.);
#2015=CIRCLE('',#6280,2.5);
#2016=CIRCLE('',#6282,2.49999999999999);
#2017=CIRCLE('',#6284,2.49999999999998);
#2018=CIRCLE('',#6286,2.5);
#2019=CIRCLE('',#6288,2.5);
#2020=CIRCLE('',#6290,35.);
#2021=CIRCLE('',#6296,22.5);
#2022=CIRCLE('',#6297,22.5);
#2023=CIRCLE('',#6299,25.);
#2024=CIRCLE('',#6300,25.);
#2025=CIRCLE('',#6301,1.5);
#2026=CIRCLE('',#6302,26.5);
#2027=CIRCLE('',#6304,25.);
#2028=CIRCLE('',#6305,25.);
#2029=CIRCLE('',#6307,32.5);
#2030=CIRCLE('',#6308,32.5);
#2031=CIRCLE('',#6309,22.5);
#2032=CIRCLE('',#6310,52.5);
#2033=CIRCLE('',#6311,22.5);
#2034=CIRCLE('',#6312,32.5);
#2035=CIRCLE('',#6314,23.5);
#2036=CIRCLE('',#6315,1.5);
#2037=CIRCLE('',#6317,21.5);
#2038=CIRCLE('',#6319,1.5);
#2039=CIRCLE('',#6320,20.);
#2040=CIRCLE('',#6321,20.);
#2041=CIRCLE('',#6324,2.5);
#2042=CIRCLE('',#6325,32.5);
#2043=CIRCLE('',#6326,2.49999999999999);
#2044=CIRCLE('',#6327,30.);
#2045=CIRCLE('',#6329,2.5);
#2046=CIRCLE('',#6330,25.);
#2047=CIRCLE('',#6331,22.5);
#2048=CIRCLE('',#6333,2.49999999999999);
#2049=CIRCLE('',#6334,55.);
#2050=CIRCLE('',#6335,52.5);
#2051=CIRCLE('',#6337,2.5);
#2052=CIRCLE('',#6338,25.);
#2053=CIRCLE('',#6339,22.5);
#2054=CIRCLE('',#6341,2.5);
#2055=CIRCLE('',#6342,30.);
#2056=CIRCLE('',#6343,32.5);
#2057=CIRCLE('',#6345,2.5);
#2058=CIRCLE('',#6347,2.5);
#2059=CIRCLE('',#6348,35.);
#2060=CIRCLE('',#6349,32.5);
#2061=CIRCLE('',#6352,25.);
#2062=CIRCLE('',#6354,55.);
#2063=CIRCLE('',#6356,25.);
#2064=CIRCLE('',#6358,30.);
#2065=CIRCLE('',#6361,2.5);
#2066=CIRCLE('',#6362,2.5);
#2067=CIRCLE('',#6364,2.5);
#2068=CIRCLE('',#6365,30.);
#2069=CIRCLE('',#6367,2.5);
#2070=CIRCLE('',#6369,2.49999999999999);
#2071=CIRCLE('',#6371,2.49999999999998);
#2072=CIRCLE('',#6373,2.5);
#2073=CIRCLE('',#6375,2.5);
#2074=CIRCLE('',#6377,35.);
#2075=CIRCLE('',#6383,25.);
#2076=CIRCLE('',#6384,1.5);
#2077=CIRCLE('',#6385,26.5);
#2078=CIRCLE('',#6386,25.);
#2079=CIRCLE('',#6388,25.);
#2080=CIRCLE('',#6389,25.);
#2081=CIRCLE('',#6391,32.5);
#2082=CIRCLE('',#6392,22.5);
#2083=CIRCLE('',#6393,52.5);
#2084=CIRCLE('',#6394,22.5);
#2085=CIRCLE('',#6395,32.5);
#2086=CIRCLE('',#6396,32.5);
#2087=CIRCLE('',#6398,23.5);
#2088=CIRCLE('',#6399,1.5);
#2089=CIRCLE('',#6401,21.5);
#2090=CIRCLE('',#6403,1.5);
#2091=CIRCLE('',#6404,20.);
#2092=CIRCLE('',#6405,20.);
#2093=CIRCLE('',#6407,20.);
#2094=CIRCLE('',#6409,2.5);
#2095=CIRCLE('',#6410,30.);
#2096=CIRCLE('',#6411,2.49999999999999);
#2097=CIRCLE('',#6412,32.5);
#2098=CIRCLE('',#6414,2.5);
#2099=CIRCLE('',#6415,22.5);
#2100=CIRCLE('',#6416,25.);
#2101=CIRCLE('',#6418,2.49999999999999);
#2102=CIRCLE('',#6419,52.5);
#2103=CIRCLE('',#6420,55.);
#2104=CIRCLE('',#6422,2.5);
#2105=CIRCLE('',#6423,22.5);
#2106=CIRCLE('',#6424,25.);
#2107=CIRCLE('',#6426,2.5);
#2108=CIRCLE('',#6427,32.5);
#2109=CIRCLE('',#6428,30.);
#2110=CIRCLE('',#6430,2.5);
#2111=CIRCLE('',#6432,2.5);
#2112=CIRCLE('',#6433,32.5);
#2113=CIRCLE('',#6434,35.);
#2114=CIRCLE('',#6437,25.);
#2115=CIRCLE('',#6439,55.);
#2116=CIRCLE('',#6441,25.);
#2117=CIRCLE('',#6443,30.);
#2118=CIRCLE('',#6446,2.5);
#2119=CIRCLE('',#6447,2.5);
#2120=CIRCLE('',#6449,2.5);
#2121=CIRCLE('',#6450,30.);
#2122=CIRCLE('',#6452,2.5);
#2123=CIRCLE('',#6454,2.49999999999999);
#2124=CIRCLE('',#6456,2.49999999999998);
#2125=CIRCLE('',#6458,2.5);
#2126=CIRCLE('',#6460,2.5);
#2127=CIRCLE('',#6462,35.);
#2128=CIRCLE('',#6474,40.);
#2129=CIRCLE('',#6475,40.);
#2130=CIRCLE('',#6477,40.);
#2131=CIRCLE('',#6478,40.);
#2132=CIRCLE('',#6480,35.0000005215406);
#2133=CIRCLE('',#6483,35.);
#2134=CIRCLE('',#6484,5.);
#2135=CIRCLE('',#6485,40.);
#2136=CIRCLE('',#6487,40.);
#2137=CIRCLE('',#6490,40.);
#2138=CIRCLE('',#6491,40.);
#2139=CIRCLE('',#6493,36.);
#2140=CIRCLE('',#6495,36.);
#2141=CIRCLE('',#6497,40.);
#2142=CIRCLE('',#6499,40.);
#2143=CIRCLE('',#6501,36.);
#2144=CIRCLE('',#6503,36.);
#2145=CIRCLE('',#6507,36.);
#2146=CIRCLE('',#6509,36.);
#2147=VERTEX_POINT('',#8617);
#2148=VERTEX_POINT('',#8618);
#2149=VERTEX_POINT('',#8620);
#2150=VERTEX_POINT('',#8622);
#2151=VERTEX_POINT('',#8655);
#2152=VERTEX_POINT('',#8656);
#2153=VERTEX_POINT('',#8669);
#2154=VERTEX_POINT('',#8670);
#2155=VERTEX_POINT('',#8675);
#2156=VERTEX_POINT('',#8676);
#2157=VERTEX_POINT('',#8678);
#2158=VERTEX_POINT('',#8680);
#2159=VERTEX_POINT('',#8684);
#2160=VERTEX_POINT('',#8685);
#2161=VERTEX_POINT('',#8690);
#2162=VERTEX_POINT('',#8691);
#2163=VERTEX_POINT('',#8751);
#2164=VERTEX_POINT('',#8752);
#2165=VERTEX_POINT('',#8763);
#2166=VERTEX_POINT('',#8764);
#2167=VERTEX_POINT('',#8809);
#2168=VERTEX_POINT('',#8811);
#2169=VERTEX_POINT('',#8815);
#2170=VERTEX_POINT('',#8819);
#2171=VERTEX_POINT('',#8821);
#2172=VERTEX_POINT('',#8823);
#2173=VERTEX_POINT('',#8827);
#2174=VERTEX_POINT('',#8829);
#2175=VERTEX_POINT('',#8831);
#2176=VERTEX_POINT('',#8833);
#2177=VERTEX_POINT('',#8835);
#2178=VERTEX_POINT('',#8837);
#2179=VERTEX_POINT('',#8839);
#2180=VERTEX_POINT('',#8841);
#2181=VERTEX_POINT('',#8844);
#2182=VERTEX_POINT('',#8847);
#2183=VERTEX_POINT('',#8850);
#2184=VERTEX_POINT('',#8853);
#2185=VERTEX_POINT('',#8857);
#2186=VERTEX_POINT('',#8858);
#2187=VERTEX_POINT('',#8860);
#2188=VERTEX_POINT('',#8865);
#2189=VERTEX_POINT('',#8869);
#2190=VERTEX_POINT('',#8880);
#2191=VERTEX_POINT('',#8881);
#2192=VERTEX_POINT('',#8883);
#2193=VERTEX_POINT('',#8885);
#2194=VERTEX_POINT('',#8889);
#2195=VERTEX_POINT('',#8890);
#2196=VERTEX_POINT('',#8892);
#2197=VERTEX_POINT('',#8894);
#2198=VERTEX_POINT('',#8924);
#2199=VERTEX_POINT('',#8925);
#2200=VERTEX_POINT('',#8936);
#2201=VERTEX_POINT('',#8937);
#2202=VERTEX_POINT('',#8942);
#2203=VERTEX_POINT('',#8943);
#2204=VERTEX_POINT('',#8945);
#2205=VERTEX_POINT('',#8947);
#2206=VERTEX_POINT('',#9020);
#2207=VERTEX_POINT('',#9021);
#2208=VERTEX_POINT('',#9034);
#2209=VERTEX_POINT('',#9035);
#2210=VERTEX_POINT('',#9072);
#2211=VERTEX_POINT('',#9074);
#2212=VERTEX_POINT('',#9076);
#2213=VERTEX_POINT('',#9080);
#2214=VERTEX_POINT('',#9082);
#2215=VERTEX_POINT('',#9086);
#2216=VERTEX_POINT('',#9089);
#2217=VERTEX_POINT('',#9092);
#2218=VERTEX_POINT('',#9094);
#2219=VERTEX_POINT('',#9098);
#2220=VERTEX_POINT('',#9102);
#2221=VERTEX_POINT('',#9103);
#2222=VERTEX_POINT('',#9105);
#2223=VERTEX_POINT('',#9110);
#2224=VERTEX_POINT('',#9114);
#2225=VERTEX_POINT('',#9125);
#2226=VERTEX_POINT('',#9129);
#2227=VERTEX_POINT('',#9133);
#2228=VERTEX_POINT('',#9137);
#2229=VERTEX_POINT('',#9141);
#2230=VERTEX_POINT('',#9145);
#2231=VERTEX_POINT('',#9149);
#2232=VERTEX_POINT('',#9153);
#2233=VERTEX_POINT('',#9157);
#2234=VERTEX_POINT('',#9163);
#2235=VERTEX_POINT('',#9165);
#2236=VERTEX_POINT('',#9169);
#2237=VERTEX_POINT('',#9173);
#2238=VERTEX_POINT('',#9177);
#2239=VERTEX_POINT('',#9181);
#2240=VERTEX_POINT('',#9188);
#2241=VERTEX_POINT('',#9189);
#2242=VERTEX_POINT('',#9198);
#2243=VERTEX_POINT('',#9202);
#2244=VERTEX_POINT('',#9206);
#2245=VERTEX_POINT('',#9210);
#2246=VERTEX_POINT('',#9214);
#2247=VERTEX_POINT('',#9215);
#2248=VERTEX_POINT('',#9220);
#2249=VERTEX_POINT('',#9221);
#2250=VERTEX_POINT('',#9237);
#2251=VERTEX_POINT('',#9253);
#2252=VERTEX_POINT('',#9255);
#2253=VERTEX_POINT('',#9257);
#2254=VERTEX_POINT('',#9261);
#2255=VERTEX_POINT('',#9263);
#2256=VERTEX_POINT('',#9268);
#2257=VERTEX_POINT('',#9278);
#2258=VERTEX_POINT('',#9281);
#2259=VERTEX_POINT('',#9283);
#2260=VERTEX_POINT('',#9287);
#2261=VERTEX_POINT('',#9288);
#2262=VERTEX_POINT('',#9291);
#2263=VERTEX_POINT('',#9295);
#2264=VERTEX_POINT('',#9296);
#2265=VERTEX_POINT('',#9301);
#2266=VERTEX_POINT('',#9302);
#2267=VERTEX_POINT('',#9304);
#2268=VERTEX_POINT('',#9306);
#2269=VERTEX_POINT('',#9308);
#2270=VERTEX_POINT('',#9310);
#2271=VERTEX_POINT('',#9312);
#2272=VERTEX_POINT('',#9314);
#2273=VERTEX_POINT('',#9318);
#2274=VERTEX_POINT('',#9322);
#2275=VERTEX_POINT('',#9325);
#2276=VERTEX_POINT('',#9327);
#2277=VERTEX_POINT('',#9331);
#2278=VERTEX_POINT('',#9332);
#2279=VERTEX_POINT('',#9334);
#2280=VERTEX_POINT('',#9336);
#2281=VERTEX_POINT('',#9340);
#2282=VERTEX_POINT('',#9341);
#2283=VERTEX_POINT('',#9346);
#2284=VERTEX_POINT('',#9347);
#2285=VERTEX_POINT('',#9352);
#2286=VERTEX_POINT('',#9353);
#2287=VERTEX_POINT('',#9358);
#2288=VERTEX_POINT('',#9359);
#2289=VERTEX_POINT('',#9364);
#2290=VERTEX_POINT('',#9365);
#2291=VERTEX_POINT('',#9370);
#2292=VERTEX_POINT('',#9371);
#2293=VERTEX_POINT('',#9379);
#2294=VERTEX_POINT('',#9381);
#2295=VERTEX_POINT('',#9385);
#2296=VERTEX_POINT('',#9389);
#2297=VERTEX_POINT('',#9393);
#2298=VERTEX_POINT('',#9398);
#2299=VERTEX_POINT('',#9400);
#2300=VERTEX_POINT('',#9415);
#2301=VERTEX_POINT('',#9428);
#2302=VERTEX_POINT('',#9429);
#2303=VERTEX_POINT('',#9431);
#2304=VERTEX_POINT('',#9436);
#2305=VERTEX_POINT('',#9437);
#2306=VERTEX_POINT('',#9442);
#2307=VERTEX_POINT('',#9443);
#2308=VERTEX_POINT('',#9445);
#2309=VERTEX_POINT('',#9447);
#2310=VERTEX_POINT('',#9449);
#2311=VERTEX_POINT('',#9451);
#2312=VERTEX_POINT('',#9453);
#2313=VERTEX_POINT('',#9455);
#2314=VERTEX_POINT('',#9459);
#2315=VERTEX_POINT('',#9463);
#2316=VERTEX_POINT('',#9466);
#2317=VERTEX_POINT('',#9468);
#2318=VERTEX_POINT('',#9472);
#2319=VERTEX_POINT('',#9473);
#2320=VERTEX_POINT('',#9475);
#2321=VERTEX_POINT('',#9477);
#2322=VERTEX_POINT('',#9481);
#2323=VERTEX_POINT('',#9482);
#2324=VERTEX_POINT('',#9487);
#2325=VERTEX_POINT('',#9488);
#2326=VERTEX_POINT('',#9493);
#2327=VERTEX_POINT('',#9494);
#2328=VERTEX_POINT('',#9499);
#2329=VERTEX_POINT('',#9500);
#2330=VERTEX_POINT('',#9505);
#2331=VERTEX_POINT('',#9506);
#2332=VERTEX_POINT('',#9511);
#2333=VERTEX_POINT('',#9512);
#2334=VERTEX_POINT('',#9520);
#2335=VERTEX_POINT('',#9522);
#2336=VERTEX_POINT('',#9526);
#2337=VERTEX_POINT('',#9530);
#2338=VERTEX_POINT('',#9534);
#2339=VERTEX_POINT('',#9539);
#2340=VERTEX_POINT('',#9541);
#2341=VERTEX_POINT('',#9556);
#2342=VERTEX_POINT('',#9569);
#2343=VERTEX_POINT('',#9571);
#2344=VERTEX_POINT('',#9575);
#2345=VERTEX_POINT('',#9576);
#2346=VERTEX_POINT('',#9579);
#2347=VERTEX_POINT('',#9583);
#2348=VERTEX_POINT('',#9584);
#2349=VERTEX_POINT('',#9589);
#2350=VERTEX_POINT('',#9590);
#2351=VERTEX_POINT('',#9592);
#2352=VERTEX_POINT('',#9594);
#2353=VERTEX_POINT('',#9596);
#2354=VERTEX_POINT('',#9598);
#2355=VERTEX_POINT('',#9600);
#2356=VERTEX_POINT('',#9602);
#2357=VERTEX_POINT('',#9606);
#2358=VERTEX_POINT('',#9610);
#2359=VERTEX_POINT('',#9613);
#2360=VERTEX_POINT('',#9615);
#2361=VERTEX_POINT('',#9621);
#2362=VERTEX_POINT('',#9622);
#2363=VERTEX_POINT('',#9624);
#2364=VERTEX_POINT('',#9626);
#2365=VERTEX_POINT('',#9630);
#2366=VERTEX_POINT('',#9631);
#2367=VERTEX_POINT('',#9636);
#2368=VERTEX_POINT('',#9637);
#2369=VERTEX_POINT('',#9642);
#2370=VERTEX_POINT('',#9643);
#2371=VERTEX_POINT('',#9648);
#2372=VERTEX_POINT('',#9649);
#2373=VERTEX_POINT('',#9654);
#2374=VERTEX_POINT('',#9655);
#2375=VERTEX_POINT('',#9660);
#2376=VERTEX_POINT('',#9661);
#2377=VERTEX_POINT('',#9669);
#2378=VERTEX_POINT('',#9671);
#2379=VERTEX_POINT('',#9675);
#2380=VERTEX_POINT('',#9679);
#2381=VERTEX_POINT('',#9683);
#2382=VERTEX_POINT('',#9688);
#2383=VERTEX_POINT('',#9690);
#2384=VERTEX_POINT('',#9705);
#2385=VERTEX_POINT('',#9718);
#2386=VERTEX_POINT('',#9719);
#2387=VERTEX_POINT('',#9721);
#2388=VERTEX_POINT('',#9726);
#2389=VERTEX_POINT('',#9727);
#2390=VERTEX_POINT('',#9732);
#2391=VERTEX_POINT('',#9733);
#2392=VERTEX_POINT('',#9735);
#2393=VERTEX_POINT('',#9737);
#2394=VERTEX_POINT('',#9739);
#2395=VERTEX_POINT('',#9741);
#2396=VERTEX_POINT('',#9743);
#2397=VERTEX_POINT('',#9745);
#2398=VERTEX_POINT('',#9749);
#2399=VERTEX_POINT('',#9753);
#2400=VERTEX_POINT('',#9756);
#2401=VERTEX_POINT('',#9758);
#2402=VERTEX_POINT('',#9762);
#2403=VERTEX_POINT('',#9763);
#2404=VERTEX_POINT('',#9765);
#2405=VERTEX_POINT('',#9767);
#2406=VERTEX_POINT('',#9771);
#2407=VERTEX_POINT('',#9772);
#2408=VERTEX_POINT('',#9777);
#2409=VERTEX_POINT('',#9778);
#2410=VERTEX_POINT('',#9783);
#2411=VERTEX_POINT('',#9784);
#2412=VERTEX_POINT('',#9789);
#2413=VERTEX_POINT('',#9790);
#2414=VERTEX_POINT('',#9795);
#2415=VERTEX_POINT('',#9796);
#2416=VERTEX_POINT('',#9801);
#2417=VERTEX_POINT('',#9802);
#2418=VERTEX_POINT('',#9810);
#2419=VERTEX_POINT('',#9812);
#2420=VERTEX_POINT('',#9816);
#2421=VERTEX_POINT('',#9820);
#2422=VERTEX_POINT('',#9824);
#2423=VERTEX_POINT('',#9829);
#2424=VERTEX_POINT('',#9831);
#2425=VERTEX_POINT('',#9846);
#2426=VERTEX_POINT('',#9859);
#2427=VERTEX_POINT('',#9861);
#2428=VERTEX_POINT('',#9865);
#2429=VERTEX_POINT('',#9866);
#2430=VERTEX_POINT('',#9869);
#2431=VERTEX_POINT('',#9873);
#2432=VERTEX_POINT('',#9874);
#2433=VERTEX_POINT('',#9879);
#2434=VERTEX_POINT('',#9880);
#2435=VERTEX_POINT('',#9882);
#2436=VERTEX_POINT('',#9884);
#2437=VERTEX_POINT('',#9886);
#2438=VERTEX_POINT('',#9888);
#2439=VERTEX_POINT('',#9890);
#2440=VERTEX_POINT('',#9892);
#2441=VERTEX_POINT('',#9896);
#2442=VERTEX_POINT('',#9900);
#2443=VERTEX_POINT('',#9903);
#2444=VERTEX_POINT('',#9905);
#2445=VERTEX_POINT('',#9911);
#2446=VERTEX_POINT('',#9912);
#2447=VERTEX_POINT('',#9914);
#2448=VERTEX_POINT('',#9916);
#2449=VERTEX_POINT('',#9920);
#2450=VERTEX_POINT('',#9921);
#2451=VERTEX_POINT('',#9926);
#2452=VERTEX_POINT('',#9927);
#2453=VERTEX_POINT('',#9932);
#2454=VERTEX_POINT('',#9933);
#2455=VERTEX_POINT('',#9938);
#2456=VERTEX_POINT('',#9939);
#2457=VERTEX_POINT('',#9944);
#2458=VERTEX_POINT('',#9945);
#2459=VERTEX_POINT('',#9950);
#2460=VERTEX_POINT('',#9951);
#2461=VERTEX_POINT('',#9959);
#2462=VERTEX_POINT('',#9961);
#2463=VERTEX_POINT('',#9965);
#2464=VERTEX_POINT('',#9969);
#2465=VERTEX_POINT('',#9973);
#2466=VERTEX_POINT('',#9978);
#2467=VERTEX_POINT('',#9980);
#2468=VERTEX_POINT('',#9995);
#2469=VERTEX_POINT('',#10008);
#2470=VERTEX_POINT('',#10009);
#2471=VERTEX_POINT('',#10011);
#2472=VERTEX_POINT('',#10016);
#2473=VERTEX_POINT('',#10017);
#2474=VERTEX_POINT('',#10022);
#2475=VERTEX_POINT('',#10023);
#2476=VERTEX_POINT('',#10025);
#2477=VERTEX_POINT('',#10027);
#2478=VERTEX_POINT('',#10029);
#2479=VERTEX_POINT('',#10031);
#2480=VERTEX_POINT('',#10033);
#2481=VERTEX_POINT('',#10035);
#2482=VERTEX_POINT('',#10039);
#2483=VERTEX_POINT('',#10043);
#2484=VERTEX_POINT('',#10046);
#2485=VERTEX_POINT('',#10048);
#2486=VERTEX_POINT('',#10054);
#2487=VERTEX_POINT('',#10055);
#2488=VERTEX_POINT('',#10057);
#2489=VERTEX_POINT('',#10059);
#2490=VERTEX_POINT('',#10063);
#2491=VERTEX_POINT('',#10064);
#2492=VERTEX_POINT('',#10069);
#2493=VERTEX_POINT('',#10070);
#2494=VERTEX_POINT('',#10075);
#2495=VERTEX_POINT('',#10076);
#2496=VERTEX_POINT('',#10081);
#2497=VERTEX_POINT('',#10082);
#2498=VERTEX_POINT('',#10087);
#2499=VERTEX_POINT('',#10088);
#2500=VERTEX_POINT('',#10093);
#2501=VERTEX_POINT('',#10094);
#2502=VERTEX_POINT('',#10102);
#2503=VERTEX_POINT('',#10104);
#2504=VERTEX_POINT('',#10108);
#2505=VERTEX_POINT('',#10112);
#2506=VERTEX_POINT('',#10116);
#2507=VERTEX_POINT('',#10121);
#2508=VERTEX_POINT('',#10123);
#2509=VERTEX_POINT('',#10138);
#2510=VERTEX_POINT('',#10151);
#2511=VERTEX_POINT('',#10153);
#2512=VERTEX_POINT('',#10157);
#2513=VERTEX_POINT('',#10158);
#2514=VERTEX_POINT('',#10161);
#2515=VERTEX_POINT('',#10165);
#2516=VERTEX_POINT('',#10166);
#2517=VERTEX_POINT('',#10171);
#2518=VERTEX_POINT('',#10172);
#2519=VERTEX_POINT('',#10174);
#2520=VERTEX_POINT('',#10176);
#2521=VERTEX_POINT('',#10178);
#2522=VERTEX_POINT('',#10180);
#2523=VERTEX_POINT('',#10182);
#2524=VERTEX_POINT('',#10184);
#2525=VERTEX_POINT('',#10188);
#2526=VERTEX_POINT('',#10192);
#2527=VERTEX_POINT('',#10195);
#2528=VERTEX_POINT('',#10197);
#2529=VERTEX_POINT('',#10203);
#2530=VERTEX_POINT('',#10204);
#2531=VERTEX_POINT('',#10206);
#2532=VERTEX_POINT('',#10208);
#2533=VERTEX_POINT('',#10212);
#2534=VERTEX_POINT('',#10213);
#2535=VERTEX_POINT('',#10218);
#2536=VERTEX_POINT('',#10219);
#2537=VERTEX_POINT('',#10224);
#2538=VERTEX_POINT('',#10225);
#2539=VERTEX_POINT('',#10230);
#2540=VERTEX_POINT('',#10231);
#2541=VERTEX_POINT('',#10236);
#2542=VERTEX_POINT('',#10237);
#2543=VERTEX_POINT('',#10242);
#2544=VERTEX_POINT('',#10243);
#2545=VERTEX_POINT('',#10251);
#2546=VERTEX_POINT('',#10253);
#2547=VERTEX_POINT('',#10257);
#2548=VERTEX_POINT('',#10261);
#2549=VERTEX_POINT('',#10265);
#2550=VERTEX_POINT('',#10270);
#2551=VERTEX_POINT('',#10272);
#2552=VERTEX_POINT('',#10287);
#2553=VERTEX_POINT('',#10300);
#2554=VERTEX_POINT('',#10301);
#2555=VERTEX_POINT('',#10303);
#2556=VERTEX_POINT('',#10308);
#2557=VERTEX_POINT('',#10309);
#2558=VERTEX_POINT('',#10314);
#2559=VERTEX_POINT('',#10315);
#2560=VERTEX_POINT('',#10317);
#2561=VERTEX_POINT('',#10319);
#2562=VERTEX_POINT('',#10321);
#2563=VERTEX_POINT('',#10323);
#2564=VERTEX_POINT('',#10325);
#2565=VERTEX_POINT('',#10327);
#2566=VERTEX_POINT('',#10331);
#2567=VERTEX_POINT('',#10335);
#2568=VERTEX_POINT('',#10338);
#2569=VERTEX_POINT('',#10340);
#2570=VERTEX_POINT('',#10344);
#2571=VERTEX_POINT('',#10348);
#2572=VERTEX_POINT('',#10349);
#2573=VERTEX_POINT('',#10351);
#2574=VERTEX_POINT('',#10353);
#2575=VERTEX_POINT('',#10357);
#2576=VERTEX_POINT('',#10358);
#2577=VERTEX_POINT('',#10363);
#2578=VERTEX_POINT('',#10364);
#2579=VERTEX_POINT('',#10369);
#2580=VERTEX_POINT('',#10370);
#2581=VERTEX_POINT('',#10375);
#2582=VERTEX_POINT('',#10376);
#2583=VERTEX_POINT('',#10381);
#2584=VERTEX_POINT('',#10382);
#2585=VERTEX_POINT('',#10387);
#2586=VERTEX_POINT('',#10388);
#2587=VERTEX_POINT('',#10396);
#2588=VERTEX_POINT('',#10398);
#2589=VERTEX_POINT('',#10402);
#2590=VERTEX_POINT('',#10406);
#2591=VERTEX_POINT('',#10410);
#2592=VERTEX_POINT('',#10415);
#2593=VERTEX_POINT('',#10417);
#2594=VERTEX_POINT('',#10432);
#2595=VERTEX_POINT('',#10448);
#2596=VERTEX_POINT('',#10449);
#2597=VERTEX_POINT('',#10476);
#2598=VERTEX_POINT('',#10478);
#2599=VERTEX_POINT('',#10506);
#2600=VERTEX_POINT('',#10507);
#2601=VERTEX_POINT('',#10577);
#2602=VERTEX_POINT('',#10612);
#2603=VERTEX_POINT('',#10649);
#2604=VERTEX_POINT('',#10684);
#2605=VERTEX_POINT('',#10721);
#2606=VERTEX_POINT('',#10725);
#2607=VERTEX_POINT('',#10730);
#2608=VERTEX_POINT('',#10735);
#2609=VERTEX_POINT('',#10737);
#2610=VERTEX_POINT('',#10741);
#2611=VERTEX_POINT('',#10746);
#2612=VERTEX_POINT('',#10748);
#2613=VERTEX_POINT('',#10752);
#2614=VERTEX_POINT('',#10755);
#2615=VERTEX_POINT('',#10759);
#2616=VERTEX_POINT('',#10762);
#2617=VERTEX_POINT('',#10766);
#2618=VERTEX_POINT('',#10769);
#2619=VERTEX_POINT('',#10775);
#2620=VERTEX_POINT('',#10778);
#2621=EDGE_CURVE('',#2147,#2148,#1594,.T.);
#2622=EDGE_CURVE('',#2148,#2149,#1595,.T.);
#2623=EDGE_CURVE('',#2149,#2150,#1596,.T.);
#2624=EDGE_CURVE('',#2150,#2147,#1597,.T.);
#2625=EDGE_CURVE('',#2151,#2152,#1598,.T.);
#2626=EDGE_CURVE('',#2152,#2150,#791,.T.);
#2627=EDGE_CURVE('',#2149,#2151,#792,.T.);
#2628=EDGE_CURVE('',#2153,#2154,#1599,.T.);
#2629=EDGE_CURVE('',#2154,#2152,#199,.T.);
#2630=EDGE_CURVE('',#2151,#2153,#200,.T.);
#2631=EDGE_CURVE('',#2155,#2156,#1600,.T.);
#2632=EDGE_CURVE('',#2156,#2157,#201,.T.);
#2633=EDGE_CURVE('',#2157,#2158,#1601,.T.);
#2634=EDGE_CURVE('',#2158,#2155,#202,.T.);
#2635=EDGE_CURVE('',#2159,#2160,#1602,.T.);
#2636=EDGE_CURVE('',#2160,#2158,#1603,.T.);
#2637=EDGE_CURVE('',#2157,#2159,#1604,.T.);
#2638=EDGE_CURVE('',#2161,#2162,#1605,.T.);
#2639=EDGE_CURVE('',#2162,#2160,#203,.T.);
#2640=EDGE_CURVE('',#2159,#2161,#204,.T.);
#2641=EDGE_CURVE('',#2155,#2154,#793,.T.);
#2642=EDGE_CURVE('',#2153,#2156,#794,.T.);
#2643=EDGE_CURVE('',#2163,#2164,#1606,.T.);
#2644=EDGE_CURVE('',#2164,#2162,#795,.T.);
#2645=EDGE_CURVE('',#2161,#2163,#796,.T.);
#2646=EDGE_CURVE('',#2165,#2166,#1607,.T.);
#2647=EDGE_CURVE('',#2166,#2164,#205,.T.);
#2648=EDGE_CURVE('',#2163,#2165,#206,.T.);
#2649=EDGE_CURVE('',#2147,#2166,#797,.T.);
#2650=EDGE_CURVE('',#2165,#2148,#798,.T.);
#2651=EDGE_CURVE('',#2159,#2167,#207,.T.);
#2652=EDGE_CURVE('',#2168,#2167,#208,.T.);
#2653=EDGE_CURVE('',#2165,#2168,#209,.T.);
#2654=EDGE_CURVE('',#2169,#2157,#210,.T.);
#2655=EDGE_CURVE('',#2167,#2169,#1608,.T.);
#2656=EDGE_CURVE('',#2170,#2154,#1609,.T.);
#2657=EDGE_CURVE('',#2170,#2171,#211,.T.);
#2658=EDGE_CURVE('',#2172,#2171,#1610,.T.);
#2659=EDGE_CURVE('',#2172,#2150,#212,.T.);
#2660=EDGE_CURVE('',#2173,#2162,#1611,.T.);
#2661=EDGE_CURVE('',#2174,#2173,#1612,.T.);
#2662=EDGE_CURVE('',#2175,#2174,#213,.T.);
#2663=EDGE_CURVE('',#2176,#2175,#1613,.T.);
#2664=EDGE_CURVE('',#2177,#2176,#214,.T.);
#2665=EDGE_CURVE('',#2178,#2177,#1614,.T.);
#2666=EDGE_CURVE('',#2179,#2178,#215,.T.);
#2667=EDGE_CURVE('',#2180,#2179,#1615,.T.);
#2668=EDGE_CURVE('',#2155,#2180,#1616,.T.);
#2669=EDGE_CURVE('',#2181,#2181,#1617,.T.);
#2670=EDGE_CURVE('',#2182,#2172,#1618,.T.);
#2671=EDGE_CURVE('',#2147,#2182,#216,.T.);
#2672=EDGE_CURVE('',#2183,#2183,#1619,.T.);
#2673=EDGE_CURVE('',#2184,#2180,#1620,.T.);
#2674=EDGE_CURVE('',#2184,#2170,#1621,.T.);
#2675=EDGE_CURVE('',#2185,#2186,#1622,.T.);
#2676=EDGE_CURVE('',#2186,#2187,#217,.T.);
#2677=EDGE_CURVE('',#2187,#2169,#1623,.T.);
#2678=EDGE_CURVE('',#2169,#2185,#218,.T.);
#2679=EDGE_CURVE('',#2188,#2167,#1624,.T.);
#2680=EDGE_CURVE('',#2187,#2188,#1625,.T.);
#2681=EDGE_CURVE('',#2189,#2168,#1626,.T.);
#2682=EDGE_CURVE('',#2188,#2189,#219,.T.);
#2683=EDGE_CURVE('',#2185,#2168,#1627,.T.);
#2684=EDGE_CURVE('',#2189,#2186,#1628,.T.);
#2685=EDGE_CURVE('',#2151,#2185,#220,.T.);
#2686=EDGE_CURVE('',#2190,#2191,#1629,.T.);
#2687=EDGE_CURVE('',#2191,#2192,#221,.T.);
#2688=EDGE_CURVE('',#2192,#2193,#1630,.T.);
#2689=EDGE_CURVE('',#2193,#2190,#222,.T.);
#2690=EDGE_CURVE('',#2194,#2195,#1631,.T.);
#2691=EDGE_CURVE('',#2195,#2196,#223,.T.);
#2692=EDGE_CURVE('',#2196,#2197,#1632,.T.);
#2693=EDGE_CURVE('',#2197,#2194,#224,.T.);
#2694=EDGE_CURVE('',#2196,#2193,#1633,.T.);
#2695=EDGE_CURVE('',#2192,#2197,#1634,.T.);
#2696=EDGE_CURVE('',#2198,#2199,#1635,.T.);
#2697=EDGE_CURVE('',#2199,#2195,#799,.T.);
#2698=EDGE_CURVE('',#2194,#2198,#800,.T.);
#2699=EDGE_CURVE('',#2200,#2201,#1636,.T.);
#2700=EDGE_CURVE('',#2201,#2199,#225,.T.);
#2701=EDGE_CURVE('',#2198,#2200,#226,.T.);
#2702=EDGE_CURVE('',#2202,#2203,#1637,.T.);
#2703=EDGE_CURVE('',#2203,#2204,#1638,.T.);
#2704=EDGE_CURVE('',#2204,#2205,#1639,.T.);
#2705=EDGE_CURVE('',#2205,#2202,#1640,.T.);
#2706=EDGE_CURVE('',#2202,#2201,#801,.T.);
#2707=EDGE_CURVE('',#2200,#2203,#802,.T.);
#2708=EDGE_CURVE('',#2206,#2207,#1641,.T.);
#2709=EDGE_CURVE('',#2207,#2205,#803,.T.);
#2710=EDGE_CURVE('',#2204,#2206,#804,.T.);
#2711=EDGE_CURVE('',#2208,#2209,#1642,.T.);
#2712=EDGE_CURVE('',#2209,#2207,#227,.T.);
#2713=EDGE_CURVE('',#2206,#2208,#228,.T.);
#2714=EDGE_CURVE('',#2190,#2209,#805,.T.);
#2715=EDGE_CURVE('',#2208,#2191,#806,.T.);
#2716=EDGE_CURVE('',#2199,#2210,#1643,.T.);
#2717=EDGE_CURVE('',#2210,#2211,#1644,.T.);
#2718=EDGE_CURVE('',#2212,#2211,#1645,.T.);
#2719=EDGE_CURVE('',#2212,#2195,#1646,.T.);
#2720=EDGE_CURVE('',#2202,#2213,#229,.T.);
#2721=EDGE_CURVE('',#2213,#2214,#1647,.T.);
#2722=EDGE_CURVE('',#2214,#2210,#230,.T.);
#2723=EDGE_CURVE('',#2215,#2205,#231,.T.);
#2724=EDGE_CURVE('',#2213,#2215,#1648,.T.);
#2725=EDGE_CURVE('',#2216,#2216,#1649,.T.);
#2726=EDGE_CURVE('',#2217,#2206,#232,.T.);
#2727=EDGE_CURVE('',#2218,#2217,#233,.T.);
#2728=EDGE_CURVE('',#2218,#2192,#234,.T.);
#2729=EDGE_CURVE('',#2219,#2200,#235,.T.);
#2730=EDGE_CURVE('',#2217,#2219,#1650,.T.);
#2731=EDGE_CURVE('',#2220,#2221,#1651,.T.);
#2732=EDGE_CURVE('',#2221,#2222,#236,.T.);
#2733=EDGE_CURVE('',#2222,#2219,#1652,.T.);
#2734=EDGE_CURVE('',#2219,#2220,#237,.T.);
#2735=EDGE_CURVE('',#2223,#2217,#1653,.T.);
#2736=EDGE_CURVE('',#2222,#2223,#1654,.T.);
#2737=EDGE_CURVE('',#2224,#2218,#1655,.T.);
#2738=EDGE_CURVE('',#2223,#2224,#238,.T.);
#2739=EDGE_CURVE('',#2220,#2218,#1656,.T.);
#2740=EDGE_CURVE('',#2224,#2221,#1657,.T.);
#2741=EDGE_CURVE('',#2197,#2220,#239,.T.);
#2742=EDGE_CURVE('',#2171,#2225,#1658,.T.);
#2743=EDGE_CURVE('',#2225,#2182,#1659,.T.);
#2744=EDGE_CURVE('',#2225,#2226,#240,.T.);
#2745=EDGE_CURVE('',#2226,#2164,#1660,.T.);
#2746=EDGE_CURVE('',#2226,#2227,#1661,.T.);
#2747=EDGE_CURVE('',#2227,#2173,#1662,.T.);
#2748=EDGE_CURVE('',#2228,#2174,#1663,.T.);
#2749=EDGE_CURVE('',#2227,#2228,#1664,.T.);
#2750=EDGE_CURVE('',#2229,#2175,#1665,.T.);
#2751=EDGE_CURVE('',#2228,#2229,#241,.T.);
#2752=EDGE_CURVE('',#2230,#2176,#1666,.T.);
#2753=EDGE_CURVE('',#2229,#2230,#1667,.T.);
#2754=EDGE_CURVE('',#2231,#2177,#1668,.T.);
#2755=EDGE_CURVE('',#2230,#2231,#242,.T.);
#2756=EDGE_CURVE('',#2232,#2178,#1669,.T.);
#2757=EDGE_CURVE('',#2231,#2232,#1670,.T.);
#2758=EDGE_CURVE('',#2233,#2179,#1671,.T.);
#2759=EDGE_CURVE('',#2232,#2233,#243,.T.);
#2760=EDGE_CURVE('',#2233,#2184,#1672,.T.);
#2761=EDGE_CURVE('',#2229,#2234,#244,.T.);
#2762=EDGE_CURVE('',#2235,#2234,#1673,.T.);
#2763=EDGE_CURVE('',#2235,#2230,#245,.T.);
#2764=EDGE_CURVE('',#2236,#2228,#246,.T.);
#2765=EDGE_CURVE('',#2234,#2236,#247,.T.);
#2766=EDGE_CURVE('',#2227,#2237,#248,.T.);
#2767=EDGE_CURVE('',#2236,#2237,#1674,.T.);
#2768=EDGE_CURVE('',#2226,#2238,#249,.T.);
#2769=EDGE_CURVE('',#2237,#2238,#1675,.T.);
#2770=EDGE_CURVE('',#2225,#2239,#250,.T.);
#2771=EDGE_CURVE('',#2238,#2239,#251,.T.);
#2772=EDGE_CURVE('',#2171,#2214,#252,.T.);
#2773=EDGE_CURVE('',#2239,#2214,#1676,.T.);
#2774=EDGE_CURVE('',#2240,#2241,#1677,.T.);
#2775=EDGE_CURVE('',#2241,#2212,#1678,.T.);
#2776=EDGE_CURVE('',#2211,#2240,#1679,.T.);
#2777=EDGE_CURVE('',#2215,#2239,#1680,.T.);
#2778=EDGE_CURVE('',#2209,#2238,#1681,.T.);
#2779=EDGE_CURVE('',#2190,#2242,#1682,.T.);
#2780=EDGE_CURVE('',#2242,#2237,#1683,.T.);
#2781=EDGE_CURVE('',#2243,#2236,#1684,.T.);
#2782=EDGE_CURVE('',#2242,#2243,#1685,.T.);
#2783=EDGE_CURVE('',#2244,#2234,#1686,.T.);
#2784=EDGE_CURVE('',#2243,#2244,#253,.T.);
#2785=EDGE_CURVE('',#2245,#2235,#1687,.T.);
#2786=EDGE_CURVE('',#2244,#2245,#1688,.T.);
#2787=EDGE_CURVE('',#2246,#2247,#1689,.T.);
#2788=EDGE_CURVE('',#2247,#2235,#254,.T.);
#2789=EDGE_CURVE('',#2245,#2246,#255,.T.);
#2790=EDGE_CURVE('',#2248,#2249,#1690,.T.);
#2791=EDGE_CURVE('',#2249,#2247,#1691,.T.);
#2792=EDGE_CURVE('',#2246,#2248,#1692,.T.);
#2793=EDGE_CURVE('',#2248,#2241,#256,.T.);
#2794=EDGE_CURVE('',#2240,#2249,#257,.T.);
#2795=EDGE_CURVE('',#2231,#2247,#258,.T.);
#2796=EDGE_CURVE('',#2249,#2232,#259,.T.);
#2797=EDGE_CURVE('',#2233,#2240,#260,.T.);
#2798=EDGE_CURVE('',#2211,#2184,#261,.T.);
#2799=EDGE_CURVE('',#2250,#2250,#1693,.T.);
#2800=EDGE_CURVE('',#2250,#2181,#262,.T.);
#2801=EDGE_CURVE('',#2216,#2183,#263,.T.);
#2802=EDGE_CURVE('',#2170,#2210,#264,.T.);
#2803=EDGE_CURVE('',#2251,#2251,#1694,.T.);
#2804=EDGE_CURVE('',#2251,#2252,#1695,.T.);
#2805=EDGE_CURVE('',#2252,#2253,#1696,.T.);
#2806=EDGE_CURVE('',#2253,#2252,#1697,.T.);
#2807=EDGE_CURVE('',#2253,#2254,#265,.T.);
#2808=EDGE_CURVE('',#2255,#2254,#1698,.T.);
#2809=EDGE_CURVE('',#2254,#2255,#1699,.T.);
#2810=EDGE_CURVE('',#2256,#2256,#1700,.T.);
#2811=EDGE_CURVE('',#2256,#2255,#1701,.T.);
#2812=EDGE_CURVE('',#2257,#2257,#1702,.T.);
#2813=EDGE_CURVE('',#2258,#2258,#1703,.T.);
#2814=EDGE_CURVE('',#2258,#2259,#266,.T.);
#2815=EDGE_CURVE('',#2259,#2259,#1704,.T.);
#2816=EDGE_CURVE('',#2260,#2261,#1705,.T.);
#2817=EDGE_CURVE('',#2261,#2260,#1706,.T.);
#2818=EDGE_CURVE('',#2261,#2262,#1707,.T.);
#2819=EDGE_CURVE('',#2262,#2262,#1708,.T.);
#2820=EDGE_CURVE('',#2263,#2264,#1709,.T.);
#2821=EDGE_CURVE('',#2264,#2263,#1710,.T.);
#2822=EDGE_CURVE('',#2263,#2260,#267,.T.);
#2823=EDGE_CURVE('',#2265,#2266,#268,.T.);
#2824=EDGE_CURVE('',#2266,#2267,#1711,.T.);
#2825=EDGE_CURVE('',#2267,#2268,#269,.T.);
#2826=EDGE_CURVE('',#2268,#2269,#1712,.T.);
#2827=EDGE_CURVE('',#2269,#2270,#1713,.T.);
#2828=EDGE_CURVE('',#2270,#2271,#1714,.T.);
#2829=EDGE_CURVE('',#2271,#2272,#1715,.T.);
#2830=EDGE_CURVE('',#2272,#2265,#1716,.T.);
#2831=EDGE_CURVE('',#2273,#2273,#1717,.T.);
#2832=EDGE_CURVE('',#2273,#2264,#1718,.T.);
#2833=EDGE_CURVE('',#2274,#2274,#1719,.T.);
#2834=EDGE_CURVE('',#2274,#2275,#1720,.T.);
#2835=EDGE_CURVE('',#2276,#2275,#1721,.T.);
#2836=EDGE_CURVE('',#2275,#2276,#1722,.T.);
#2837=EDGE_CURVE('',#2277,#2278,#1723,.T.);
#2838=EDGE_CURVE('',#2279,#2277,#1724,.T.);
#2839=EDGE_CURVE('',#2280,#2279,#1725,.T.);
#2840=EDGE_CURVE('',#2278,#2280,#1726,.T.);
#2841=EDGE_CURVE('',#2281,#2282,#1727,.T.);
#2842=EDGE_CURVE('',#2280,#2281,#1728,.T.);
#2843=EDGE_CURVE('',#2282,#2279,#1729,.T.);
#2844=EDGE_CURVE('',#2283,#2284,#1730,.T.);
#2845=EDGE_CURVE('',#2281,#2283,#1731,.T.);
#2846=EDGE_CURVE('',#2284,#2282,#1732,.T.);
#2847=EDGE_CURVE('',#2285,#2286,#1733,.T.);
#2848=EDGE_CURVE('',#2283,#2285,#1734,.T.);
#2849=EDGE_CURVE('',#2286,#2284,#1735,.T.);
#2850=EDGE_CURVE('',#2287,#2288,#1736,.T.);
#2851=EDGE_CURVE('',#2285,#2287,#1737,.T.);
#2852=EDGE_CURVE('',#2288,#2286,#1738,.T.);
#2853=EDGE_CURVE('',#2289,#2290,#1739,.T.);
#2854=EDGE_CURVE('',#2287,#2289,#270,.T.);
#2855=EDGE_CURVE('',#2290,#2288,#271,.T.);
#2856=EDGE_CURVE('',#2291,#2292,#1740,.T.);
#2857=EDGE_CURVE('',#2289,#2291,#1741,.T.);
#2858=EDGE_CURVE('',#2292,#2290,#1742,.T.);
#2859=EDGE_CURVE('',#2277,#2292,#272,.T.);
#2860=EDGE_CURVE('',#2291,#2278,#273,.T.);
#2861=EDGE_CURVE('',#2293,#2285,#274,.T.);
#2862=EDGE_CURVE('',#2293,#2294,#1743,.T.);
#2863=EDGE_CURVE('',#2283,#2294,#275,.T.);
#2864=EDGE_CURVE('',#2294,#2295,#1744,.T.);
#2865=EDGE_CURVE('',#2295,#2281,#276,.T.);
#2866=EDGE_CURVE('',#2295,#2296,#1745,.T.);
#2867=EDGE_CURVE('',#2280,#2296,#277,.T.);
#2868=EDGE_CURVE('',#2296,#2297,#1746,.T.);
#2869=EDGE_CURVE('',#2278,#2297,#278,.T.);
#2870=EDGE_CURVE('',#2266,#2298,#1747,.T.);
#2871=EDGE_CURVE('',#2299,#2265,#1748,.T.);
#2872=EDGE_CURVE('',#2298,#2299,#279,.T.);
#2873=EDGE_CURVE('',#2293,#2272,#1749,.T.);
#2874=EDGE_CURVE('',#2299,#2293,#1750,.T.);
#2875=EDGE_CURVE('',#2294,#2271,#1751,.T.);
#2876=EDGE_CURVE('',#2295,#2270,#1752,.T.);
#2877=EDGE_CURVE('',#2296,#2269,#1753,.T.);
#2878=EDGE_CURVE('',#2297,#2268,#1754,.T.);
#2879=EDGE_CURVE('',#2300,#2267,#1755,.T.);
#2880=EDGE_CURVE('',#2297,#2300,#280,.T.);
#2881=EDGE_CURVE('',#2300,#2298,#1756,.T.);
#2882=EDGE_CURVE('',#2299,#2287,#281,.T.);
#2883=EDGE_CURVE('',#2289,#2298,#282,.T.);
#2884=EDGE_CURVE('',#2291,#2300,#283,.T.);
#2885=EDGE_CURVE('',#2301,#2302,#1757,.T.);
#2886=EDGE_CURVE('',#2302,#2303,#1758,.T.);
#2887=EDGE_CURVE('',#2303,#2303,#1759,.T.);
#2888=EDGE_CURVE('',#2302,#2301,#1760,.T.);
#2889=EDGE_CURVE('',#2304,#2305,#1761,.T.);
#2890=EDGE_CURVE('',#2304,#2301,#284,.T.);
#2891=EDGE_CURVE('',#2305,#2304,#1762,.T.);
#2892=EDGE_CURVE('',#2306,#2307,#285,.T.);
#2893=EDGE_CURVE('',#2308,#2306,#1763,.T.);
#2894=EDGE_CURVE('',#2309,#2308,#1764,.T.);
#2895=EDGE_CURVE('',#2310,#2309,#1765,.T.);
#2896=EDGE_CURVE('',#2311,#2310,#1766,.T.);
#2897=EDGE_CURVE('',#2312,#2311,#1767,.T.);
#2898=EDGE_CURVE('',#2313,#2312,#286,.T.);
#2899=EDGE_CURVE('',#2307,#2313,#1768,.T.);
#2900=EDGE_CURVE('',#2314,#2314,#1769,.T.);
#2901=EDGE_CURVE('',#2314,#2305,#1770,.T.);
#2902=EDGE_CURVE('',#2315,#2315,#1771,.T.);
#2903=EDGE_CURVE('',#2315,#2316,#1772,.T.);
#2904=EDGE_CURVE('',#2316,#2317,#1773,.T.);
#2905=EDGE_CURVE('',#2317,#2316,#1774,.T.);
#2906=EDGE_CURVE('',#2318,#2319,#1775,.T.);
#2907=EDGE_CURVE('',#2319,#2320,#1776,.T.);
#2908=EDGE_CURVE('',#2320,#2321,#1777,.T.);
#2909=EDGE_CURVE('',#2321,#2318,#1778,.T.);
#2910=EDGE_CURVE('',#2322,#2323,#1779,.T.);
#2911=EDGE_CURVE('',#2323,#2321,#1780,.T.);
#2912=EDGE_CURVE('',#2320,#2322,#1781,.T.);
#2913=EDGE_CURVE('',#2324,#2325,#1782,.T.);
#2914=EDGE_CURVE('',#2325,#2323,#1783,.T.);
#2915=EDGE_CURVE('',#2322,#2324,#1784,.T.);
#2916=EDGE_CURVE('',#2326,#2327,#1785,.T.);
#2917=EDGE_CURVE('',#2327,#2325,#1786,.T.);
#2918=EDGE_CURVE('',#2324,#2326,#1787,.T.);
#2919=EDGE_CURVE('',#2328,#2329,#1788,.T.);
#2920=EDGE_CURVE('',#2329,#2327,#1789,.T.);
#2921=EDGE_CURVE('',#2326,#2328,#1790,.T.);
#2922=EDGE_CURVE('',#2330,#2331,#1791,.T.);
#2923=EDGE_CURVE('',#2331,#2329,#287,.T.);
#2924=EDGE_CURVE('',#2328,#2330,#288,.T.);
#2925=EDGE_CURVE('',#2332,#2333,#1792,.T.);
#2926=EDGE_CURVE('',#2333,#2331,#1793,.T.);
#2927=EDGE_CURVE('',#2330,#2332,#1794,.T.);
#2928=EDGE_CURVE('',#2332,#2319,#289,.T.);
#2929=EDGE_CURVE('',#2318,#2333,#290,.T.);
#2930=EDGE_CURVE('',#2324,#2334,#291,.T.);
#2931=EDGE_CURVE('',#2335,#2334,#1795,.T.);
#2932=EDGE_CURVE('',#2335,#2326,#292,.T.);
#2933=EDGE_CURVE('',#2336,#2322,#293,.T.);
#2934=EDGE_CURVE('',#2334,#2336,#1796,.T.);
#2935=EDGE_CURVE('',#2320,#2337,#294,.T.);
#2936=EDGE_CURVE('',#2336,#2337,#1797,.T.);
#2937=EDGE_CURVE('',#2319,#2338,#295,.T.);
#2938=EDGE_CURVE('',#2337,#2338,#1798,.T.);
#2939=EDGE_CURVE('',#2307,#2339,#1799,.T.);
#2940=EDGE_CURVE('',#2339,#2340,#296,.T.);
#2941=EDGE_CURVE('',#2340,#2306,#1800,.T.);
#2942=EDGE_CURVE('',#2335,#2308,#1801,.T.);
#2943=EDGE_CURVE('',#2340,#2335,#1802,.T.);
#2944=EDGE_CURVE('',#2334,#2309,#1803,.T.);
#2945=EDGE_CURVE('',#2336,#2310,#1804,.T.);
#2946=EDGE_CURVE('',#2337,#2311,#1805,.T.);
#2947=EDGE_CURVE('',#2338,#2312,#1806,.T.);
#2948=EDGE_CURVE('',#2341,#2313,#1807,.T.);
#2949=EDGE_CURVE('',#2338,#2341,#297,.T.);
#2950=EDGE_CURVE('',#2341,#2339,#1808,.T.);
#2951=EDGE_CURVE('',#2340,#2328,#298,.T.);
#2952=EDGE_CURVE('',#2330,#2339,#299,.T.);
#2953=EDGE_CURVE('',#2332,#2341,#300,.T.);
#2954=EDGE_CURVE('',#2342,#2342,#1809,.T.);
#2955=EDGE_CURVE('',#2342,#2343,#301,.T.);
#2956=EDGE_CURVE('',#2343,#2343,#1810,.T.);
#2957=EDGE_CURVE('',#2344,#2345,#1811,.T.);
#2958=EDGE_CURVE('',#2345,#2344,#1812,.T.);
#2959=EDGE_CURVE('',#2345,#2346,#1813,.T.);
#2960=EDGE_CURVE('',#2346,#2346,#1814,.T.);
#2961=EDGE_CURVE('',#2347,#2348,#1815,.T.);
#2962=EDGE_CURVE('',#2348,#2347,#1816,.T.);
#2963=EDGE_CURVE('',#2347,#2344,#302,.T.);
#2964=EDGE_CURVE('',#2349,#2350,#303,.T.);
#2965=EDGE_CURVE('',#2350,#2351,#1817,.T.);
#2966=EDGE_CURVE('',#2351,#2352,#304,.T.);
#2967=EDGE_CURVE('',#2352,#2353,#1818,.T.);
#2968=EDGE_CURVE('',#2353,#2354,#1819,.T.);
#2969=EDGE_CURVE('',#2354,#2355,#1820,.T.);
#2970=EDGE_CURVE('',#2355,#2356,#1821,.T.);
#2971=EDGE_CURVE('',#2356,#2349,#1822,.T.);
#2972=EDGE_CURVE('',#2357,#2357,#1823,.T.);
#2973=EDGE_CURVE('',#2357,#2348,#1824,.T.);
#2974=EDGE_CURVE('',#2358,#2358,#1825,.T.);
#2975=EDGE_CURVE('',#2358,#2359,#1826,.T.);
#2976=EDGE_CURVE('',#2360,#2359,#1827,.T.);
#2977=EDGE_CURVE('',#2359,#2360,#1828,.T.);
#2978=EDGE_CURVE('',#2257,#2360,#305,.T.);
#2979=EDGE_CURVE('',#2361,#2362,#1829,.T.);
#2980=EDGE_CURVE('',#2363,#2361,#1830,.T.);
#2981=EDGE_CURVE('',#2364,#2363,#1831,.T.);
#2982=EDGE_CURVE('',#2362,#2364,#1832,.T.);
#2983=EDGE_CURVE('',#2365,#2366,#1833,.T.);
#2984=EDGE_CURVE('',#2364,#2365,#1834,.T.);
#2985=EDGE_CURVE('',#2366,#2363,#1835,.T.);
#2986=EDGE_CURVE('',#2367,#2368,#1836,.T.);
#2987=EDGE_CURVE('',#2365,#2367,#1837,.T.);
#2988=EDGE_CURVE('',#2368,#2366,#1838,.T.);
#2989=EDGE_CURVE('',#2369,#2370,#1839,.T.);
#2990=EDGE_CURVE('',#2367,#2369,#1840,.T.);
#2991=EDGE_CURVE('',#2370,#2368,#1841,.T.);
#2992=EDGE_CURVE('',#2371,#2372,#1842,.T.);
#2993=EDGE_CURVE('',#2369,#2371,#1843,.T.);
#2994=EDGE_CURVE('',#2372,#2370,#1844,.T.);
#2995=EDGE_CURVE('',#2373,#2374,#1845,.T.);
#2996=EDGE_CURVE('',#2371,#2373,#306,.T.);
#2997=EDGE_CURVE('',#2374,#2372,#307,.T.);
#2998=EDGE_CURVE('',#2375,#2376,#1846,.T.);
#2999=EDGE_CURVE('',#2373,#2375,#1847,.T.);
#3000=EDGE_CURVE('',#2376,#2374,#1848,.T.);
#3001=EDGE_CURVE('',#2361,#2376,#308,.T.);
#3002=EDGE_CURVE('',#2375,#2362,#309,.T.);
#3003=EDGE_CURVE('',#2377,#2369,#310,.T.);
#3004=EDGE_CURVE('',#2377,#2378,#1849,.T.);
#3005=EDGE_CURVE('',#2367,#2378,#311,.T.);
#3006=EDGE_CURVE('',#2378,#2379,#1850,.T.);
#3007=EDGE_CURVE('',#2379,#2365,#312,.T.);
#3008=EDGE_CURVE('',#2379,#2380,#1851,.T.);
#3009=EDGE_CURVE('',#2364,#2380,#313,.T.);
#3010=EDGE_CURVE('',#2380,#2381,#1852,.T.);
#3011=EDGE_CURVE('',#2362,#2381,#314,.T.);
#3012=EDGE_CURVE('',#2350,#2382,#1853,.T.);
#3013=EDGE_CURVE('',#2383,#2349,#1854,.T.);
#3014=EDGE_CURVE('',#2382,#2383,#315,.T.);
#3015=EDGE_CURVE('',#2377,#2356,#1855,.T.);
#3016=EDGE_CURVE('',#2383,#2377,#1856,.T.);
#3017=EDGE_CURVE('',#2378,#2355,#1857,.T.);
#3018=EDGE_CURVE('',#2379,#2354,#1858,.T.);
#3019=EDGE_CURVE('',#2380,#2353,#1859,.T.);
#3020=EDGE_CURVE('',#2381,#2352,#1860,.T.);
#3021=EDGE_CURVE('',#2384,#2351,#1861,.T.);
#3022=EDGE_CURVE('',#2381,#2384,#316,.T.);
#3023=EDGE_CURVE('',#2384,#2382,#1862,.T.);
#3024=EDGE_CURVE('',#2383,#2371,#317,.T.);
#3025=EDGE_CURVE('',#2373,#2382,#318,.T.);
#3026=EDGE_CURVE('',#2375,#2384,#319,.T.);
#3027=EDGE_CURVE('',#2385,#2386,#1863,.T.);
#3028=EDGE_CURVE('',#2386,#2387,#1864,.T.);
#3029=EDGE_CURVE('',#2387,#2387,#1865,.T.);
#3030=EDGE_CURVE('',#2386,#2385,#1866,.T.);
#3031=EDGE_CURVE('',#2388,#2389,#1867,.T.);
#3032=EDGE_CURVE('',#2388,#2385,#320,.T.);
#3033=EDGE_CURVE('',#2389,#2388,#1868,.T.);
#3034=EDGE_CURVE('',#2390,#2391,#321,.T.);
#3035=EDGE_CURVE('',#2392,#2390,#1869,.T.);
#3036=EDGE_CURVE('',#2393,#2392,#1870,.T.);
#3037=EDGE_CURVE('',#2394,#2393,#1871,.T.);
#3038=EDGE_CURVE('',#2395,#2394,#1872,.T.);
#3039=EDGE_CURVE('',#2396,#2395,#1873,.T.);
#3040=EDGE_CURVE('',#2397,#2396,#322,.T.);
#3041=EDGE_CURVE('',#2391,#2397,#1874,.T.);
#3042=EDGE_CURVE('',#2398,#2398,#1875,.T.);
#3043=EDGE_CURVE('',#2398,#2389,#1876,.T.);
#3044=EDGE_CURVE('',#2399,#2399,#1877,.T.);
#3045=EDGE_CURVE('',#2399,#2400,#1878,.T.);
#3046=EDGE_CURVE('',#2400,#2401,#1879,.T.);
#3047=EDGE_CURVE('',#2401,#2400,#1880,.T.);
#3048=EDGE_CURVE('',#2402,#2403,#1881,.T.);
#3049=EDGE_CURVE('',#2403,#2404,#1882,.T.);
#3050=EDGE_CURVE('',#2404,#2405,#1883,.T.);
#3051=EDGE_CURVE('',#2405,#2402,#1884,.T.);
#3052=EDGE_CURVE('',#2406,#2407,#1885,.T.);
#3053=EDGE_CURVE('',#2407,#2405,#1886,.T.);
#3054=EDGE_CURVE('',#2404,#2406,#1887,.T.);
#3055=EDGE_CURVE('',#2408,#2409,#1888,.T.);
#3056=EDGE_CURVE('',#2409,#2407,#1889,.T.);
#3057=EDGE_CURVE('',#2406,#2408,#1890,.T.);
#3058=EDGE_CURVE('',#2410,#2411,#1891,.T.);
#3059=EDGE_CURVE('',#2411,#2409,#1892,.T.);
#3060=EDGE_CURVE('',#2408,#2410,#1893,.T.);
#3061=EDGE_CURVE('',#2412,#2413,#1894,.T.);
#3062=EDGE_CURVE('',#2413,#2411,#1895,.T.);
#3063=EDGE_CURVE('',#2410,#2412,#1896,.T.);
#3064=EDGE_CURVE('',#2414,#2415,#1897,.T.);
#3065=EDGE_CURVE('',#2415,#2413,#323,.T.);
#3066=EDGE_CURVE('',#2412,#2414,#324,.T.);
#3067=EDGE_CURVE('',#2416,#2417,#1898,.T.);
#3068=EDGE_CURVE('',#2417,#2415,#1899,.T.);
#3069=EDGE_CURVE('',#2414,#2416,#1900,.T.);
#3070=EDGE_CURVE('',#2416,#2403,#325,.T.);
#3071=EDGE_CURVE('',#2402,#2417,#326,.T.);
#3072=EDGE_CURVE('',#2408,#2418,#327,.T.);
#3073=EDGE_CURVE('',#2419,#2418,#1901,.T.);
#3074=EDGE_CURVE('',#2419,#2410,#328,.T.);
#3075=EDGE_CURVE('',#2420,#2406,#329,.T.);
#3076=EDGE_CURVE('',#2418,#2420,#1902,.T.);
#3077=EDGE_CURVE('',#2404,#2421,#330,.T.);
#3078=EDGE_CURVE('',#2420,#2421,#1903,.T.);
#3079=EDGE_CURVE('',#2403,#2422,#331,.T.);
#3080=EDGE_CURVE('',#2421,#2422,#1904,.T.);
#3081=EDGE_CURVE('',#2391,#2423,#1905,.T.);
#3082=EDGE_CURVE('',#2423,#2424,#332,.T.);
#3083=EDGE_CURVE('',#2424,#2390,#1906,.T.);
#3084=EDGE_CURVE('',#2419,#2392,#1907,.T.);
#3085=EDGE_CURVE('',#2424,#2419,#1908,.T.);
#3086=EDGE_CURVE('',#2418,#2393,#1909,.T.);
#3087=EDGE_CURVE('',#2420,#2394,#1910,.T.);
#3088=EDGE_CURVE('',#2421,#2395,#1911,.T.);
#3089=EDGE_CURVE('',#2422,#2396,#1912,.T.);
#3090=EDGE_CURVE('',#2425,#2397,#1913,.T.);
#3091=EDGE_CURVE('',#2422,#2425,#333,.T.);
#3092=EDGE_CURVE('',#2425,#2423,#1914,.T.);
#3093=EDGE_CURVE('',#2424,#2412,#334,.T.);
#3094=EDGE_CURVE('',#2414,#2423,#335,.T.);
#3095=EDGE_CURVE('',#2416,#2425,#336,.T.);
#3096=EDGE_CURVE('',#2426,#2426,#1915,.T.);
#3097=EDGE_CURVE('',#2426,#2427,#337,.T.);
#3098=EDGE_CURVE('',#2427,#2427,#1916,.T.);
#3099=EDGE_CURVE('',#2428,#2429,#1917,.T.);
#3100=EDGE_CURVE('',#2429,#2428,#1918,.T.);
#3101=EDGE_CURVE('',#2429,#2430,#1919,.T.);
#3102=EDGE_CURVE('',#2430,#2430,#1920,.T.);
#3103=EDGE_CURVE('',#2431,#2432,#1921,.T.);
#3104=EDGE_CURVE('',#2432,#2431,#1922,.T.);
#3105=EDGE_CURVE('',#2431,#2428,#338,.T.);
#3106=EDGE_CURVE('',#2433,#2434,#339,.T.);
#3107=EDGE_CURVE('',#2434,#2435,#1923,.T.);
#3108=EDGE_CURVE('',#2435,#2436,#340,.T.);
#3109=EDGE_CURVE('',#2436,#2437,#1924,.T.);
#3110=EDGE_CURVE('',#2437,#2438,#1925,.T.);
#3111=EDGE_CURVE('',#2438,#2439,#1926,.T.);
#3112=EDGE_CURVE('',#2439,#2440,#1927,.T.);
#3113=EDGE_CURVE('',#2440,#2433,#1928,.T.);
#3114=EDGE_CURVE('',#2441,#2441,#1929,.T.);
#3115=EDGE_CURVE('',#2441,#2432,#1930,.T.);
#3116=EDGE_CURVE('',#2442,#2442,#1931,.T.);
#3117=EDGE_CURVE('',#2442,#2443,#1932,.T.);
#3118=EDGE_CURVE('',#2444,#2443,#1933,.T.);
#3119=EDGE_CURVE('',#2443,#2444,#1934,.T.);
#3120=EDGE_CURVE('',#2401,#2444,#341,.T.);
#3121=EDGE_CURVE('',#2445,#2446,#1935,.T.);
#3122=EDGE_CURVE('',#2447,#2445,#1936,.T.);
#3123=EDGE_CURVE('',#2448,#2447,#1937,.T.);
#3124=EDGE_CURVE('',#2446,#2448,#1938,.T.);
#3125=EDGE_CURVE('',#2449,#2450,#1939,.T.);
#3126=EDGE_CURVE('',#2448,#2449,#1940,.T.);
#3127=EDGE_CURVE('',#2450,#2447,#1941,.T.);
#3128=EDGE_CURVE('',#2451,#2452,#1942,.T.);
#3129=EDGE_CURVE('',#2449,#2451,#1943,.T.);
#3130=EDGE_CURVE('',#2452,#2450,#1944,.T.);
#3131=EDGE_CURVE('',#2453,#2454,#1945,.T.);
#3132=EDGE_CURVE('',#2451,#2453,#1946,.T.);
#3133=EDGE_CURVE('',#2454,#2452,#1947,.T.);
#3134=EDGE_CURVE('',#2455,#2456,#1948,.T.);
#3135=EDGE_CURVE('',#2453,#2455,#1949,.T.);
#3136=EDGE_CURVE('',#2456,#2454,#1950,.T.);
#3137=EDGE_CURVE('',#2457,#2458,#1951,.T.);
#3138=EDGE_CURVE('',#2455,#2457,#342,.T.);
#3139=EDGE_CURVE('',#2458,#2456,#343,.T.);
#3140=EDGE_CURVE('',#2459,#2460,#1952,.T.);
#3141=EDGE_CURVE('',#2457,#2459,#1953,.T.);
#3142=EDGE_CURVE('',#2460,#2458,#1954,.T.);
#3143=EDGE_CURVE('',#2445,#2460,#344,.T.);
#3144=EDGE_CURVE('',#2459,#2446,#345,.T.);
#3145=EDGE_CURVE('',#2461,#2453,#346,.T.);
#3146=EDGE_CURVE('',#2461,#2462,#1955,.T.);
#3147=EDGE_CURVE('',#2451,#2462,#347,.T.);
#3148=EDGE_CURVE('',#2462,#2463,#1956,.T.);
#3149=EDGE_CURVE('',#2463,#2449,#348,.T.);
#3150=EDGE_CURVE('',#2463,#2464,#1957,.T.);
#3151=EDGE_CURVE('',#2448,#2464,#349,.T.);
#3152=EDGE_CURVE('',#2464,#2465,#1958,.T.);
#3153=EDGE_CURVE('',#2446,#2465,#350,.T.);
#3154=EDGE_CURVE('',#2434,#2466,#1959,.T.);
#3155=EDGE_CURVE('',#2467,#2433,#1960,.T.);
#3156=EDGE_CURVE('',#2466,#2467,#351,.T.);
#3157=EDGE_CURVE('',#2461,#2440,#1961,.T.);
#3158=EDGE_CURVE('',#2467,#2461,#1962,.T.);
#3159=EDGE_CURVE('',#2462,#2439,#1963,.T.);
#3160=EDGE_CURVE('',#2463,#2438,#1964,.T.);
#3161=EDGE_CURVE('',#2464,#2437,#1965,.T.);
#3162=EDGE_CURVE('',#2465,#2436,#1966,.T.);
#3163=EDGE_CURVE('',#2468,#2435,#1967,.T.);
#3164=EDGE_CURVE('',#2465,#2468,#352,.T.);
#3165=EDGE_CURVE('',#2468,#2466,#1968,.T.);
#3166=EDGE_CURVE('',#2467,#2455,#353,.T.);
#3167=EDGE_CURVE('',#2457,#2466,#354,.T.);
#3168=EDGE_CURVE('',#2459,#2468,#355,.T.);
#3169=EDGE_CURVE('',#2469,#2470,#1969,.T.);
#3170=EDGE_CURVE('',#2470,#2471,#1970,.T.);
#3171=EDGE_CURVE('',#2471,#2471,#1971,.T.);
#3172=EDGE_CURVE('',#2470,#2469,#1972,.T.);
#3173=EDGE_CURVE('',#2472,#2473,#1973,.T.);
#3174=EDGE_CURVE('',#2472,#2469,#356,.T.);
#3175=EDGE_CURVE('',#2473,#2472,#1974,.T.);
#3176=EDGE_CURVE('',#2474,#2475,#357,.T.);
#3177=EDGE_CURVE('',#2476,#2474,#1975,.T.);
#3178=EDGE_CURVE('',#2477,#2476,#1976,.T.);
#3179=EDGE_CURVE('',#2478,#2477,#1977,.T.);
#3180=EDGE_CURVE('',#2479,#2478,#1978,.T.);
#3181=EDGE_CURVE('',#2480,#2479,#1979,.T.);
#3182=EDGE_CURVE('',#2481,#2480,#358,.T.);
#3183=EDGE_CURVE('',#2475,#2481,#1980,.T.);
#3184=EDGE_CURVE('',#2482,#2482,#1981,.T.);
#3185=EDGE_CURVE('',#2482,#2473,#1982,.T.);
#3186=EDGE_CURVE('',#2483,#2483,#1983,.T.);
#3187=EDGE_CURVE('',#2483,#2484,#1984,.T.);
#3188=EDGE_CURVE('',#2484,#2485,#1985,.T.);
#3189=EDGE_CURVE('',#2485,#2484,#1986,.T.);
#3190=EDGE_CURVE('',#2276,#2485,#359,.T.);
#3191=EDGE_CURVE('',#2486,#2487,#1987,.T.);
#3192=EDGE_CURVE('',#2487,#2488,#1988,.T.);
#3193=EDGE_CURVE('',#2488,#2489,#1989,.T.);
#3194=EDGE_CURVE('',#2489,#2486,#1990,.T.);
#3195=EDGE_CURVE('',#2490,#2491,#1991,.T.);
#3196=EDGE_CURVE('',#2491,#2489,#1992,.T.);
#3197=EDGE_CURVE('',#2488,#2490,#1993,.T.);
#3198=EDGE_CURVE('',#2492,#2493,#1994,.T.);
#3199=EDGE_CURVE('',#2493,#2491,#1995,.T.);
#3200=EDGE_CURVE('',#2490,#2492,#1996,.T.);
#3201=EDGE_CURVE('',#2494,#2495,#1997,.T.);
#3202=EDGE_CURVE('',#2495,#2493,#1998,.T.);
#3203=EDGE_CURVE('',#2492,#2494,#1999,.T.);
#3204=EDGE_CURVE('',#2496,#2497,#2000,.T.);
#3205=EDGE_CURVE('',#2497,#2495,#2001,.T.);
#3206=EDGE_CURVE('',#2494,#2496,#2002,.T.);
#3207=EDGE_CURVE('',#2498,#2499,#2003,.T.);
#3208=EDGE_CURVE('',#2499,#2497,#360,.T.);
#3209=EDGE_CURVE('',#2496,#2498,#361,.T.);
#3210=EDGE_CURVE('',#2500,#2501,#2004,.T.);
#3211=EDGE_CURVE('',#2501,#2499,#2005,.T.);
#3212=EDGE_CURVE('',#2498,#2500,#2006,.T.);
#3213=EDGE_CURVE('',#2500,#2487,#362,.T.);
#3214=EDGE_CURVE('',#2486,#2501,#363,.T.);
#3215=EDGE_CURVE('',#2492,#2502,#364,.T.);
#3216=EDGE_CURVE('',#2503,#2502,#2007,.T.);
#3217=EDGE_CURVE('',#2503,#2494,#365,.T.);
#3218=EDGE_CURVE('',#2504,#2490,#366,.T.);
#3219=EDGE_CURVE('',#2502,#2504,#2008,.T.);
#3220=EDGE_CURVE('',#2488,#2505,#367,.T.);
#3221=EDGE_CURVE('',#2504,#2505,#2009,.T.);
#3222=EDGE_CURVE('',#2487,#2506,#368,.T.);
#3223=EDGE_CURVE('',#2505,#2506,#2010,.T.);
#3224=EDGE_CURVE('',#2475,#2507,#2011,.T.);
#3225=EDGE_CURVE('',#2507,#2508,#369,.T.);
#3226=EDGE_CURVE('',#2508,#2474,#2012,.T.);
#3227=EDGE_CURVE('',#2503,#2476,#2013,.T.);
#3228=EDGE_CURVE('',#2508,#2503,#2014,.T.);
#3229=EDGE_CURVE('',#2502,#2477,#2015,.T.);
#3230=EDGE_CURVE('',#2504,#2478,#2016,.T.);
#3231=EDGE_CURVE('',#2505,#2479,#2017,.T.);
#3232=EDGE_CURVE('',#2506,#2480,#2018,.T.);
#3233=EDGE_CURVE('',#2509,#2481,#2019,.T.);
#3234=EDGE_CURVE('',#2506,#2509,#370,.T.);
#3235=EDGE_CURVE('',#2509,#2507,#2020,.T.);
#3236=EDGE_CURVE('',#2508,#2496,#371,.T.);
#3237=EDGE_CURVE('',#2498,#2507,#372,.T.);
#3238=EDGE_CURVE('',#2500,#2509,#373,.T.);
#3239=EDGE_CURVE('',#2510,#2510,#2021,.T.);
#3240=EDGE_CURVE('',#2510,#2511,#374,.T.);
#3241=EDGE_CURVE('',#2511,#2511,#2022,.T.);
#3242=EDGE_CURVE('',#2512,#2513,#2023,.T.);
#3243=EDGE_CURVE('',#2513,#2512,#2024,.T.);
#3244=EDGE_CURVE('',#2513,#2514,#2025,.T.);
#3245=EDGE_CURVE('',#2514,#2514,#2026,.T.);
#3246=EDGE_CURVE('',#2515,#2516,#2027,.T.);
#3247=EDGE_CURVE('',#2516,#2515,#2028,.T.);
#3248=EDGE_CURVE('',#2515,#2512,#375,.T.);
#3249=EDGE_CURVE('',#2517,#2518,#376,.T.);
#3250=EDGE_CURVE('',#2518,#2519,#2029,.T.);
#3251=EDGE_CURVE('',#2519,#2520,#377,.T.);
#3252=EDGE_CURVE('',#2520,#2521,#2030,.T.);
#3253=EDGE_CURVE('',#2521,#2522,#2031,.T.);
#3254=EDGE_CURVE('',#2522,#2523,#2032,.T.);
#3255=EDGE_CURVE('',#2523,#2524,#2033,.T.);
#3256=EDGE_CURVE('',#2524,#2517,#2034,.T.);
#3257=EDGE_CURVE('',#2525,#2525,#2035,.T.);
#3258=EDGE_CURVE('',#2525,#2516,#2036,.T.);
#3259=EDGE_CURVE('',#2526,#2526,#2037,.T.);
#3260=EDGE_CURVE('',#2526,#2527,#2038,.T.);
#3261=EDGE_CURVE('',#2528,#2527,#2039,.T.);
#3262=EDGE_CURVE('',#2527,#2528,#2040,.T.);
#3263=EDGE_CURVE('',#2317,#2528,#378,.T.);
#3264=EDGE_CURVE('',#2529,#2530,#2041,.T.);
#3265=EDGE_CURVE('',#2531,#2529,#2042,.T.);
#3266=EDGE_CURVE('',#2532,#2531,#2043,.T.);
#3267=EDGE_CURVE('',#2530,#2532,#2044,.T.);
#3268=EDGE_CURVE('',#2533,#2534,#2045,.T.);
#3269=EDGE_CURVE('',#2532,#2533,#2046,.T.);
#3270=EDGE_CURVE('',#2534,#2531,#2047,.T.);
#3271=EDGE_CURVE('',#2535,#2536,#2048,.T.);
#3272=EDGE_CURVE('',#2533,#2535,#2049,.T.);
#3273=EDGE_CURVE('',#2536,#2534,#2050,.T.);
#3274=EDGE_CURVE('',#2537,#2538,#2051,.T.);
#3275=EDGE_CURVE('',#2535,#2537,#2052,.T.);
#3276=EDGE_CURVE('',#2538,#2536,#2053,.T.);
#3277=EDGE_CURVE('',#2539,#2540,#2054,.T.);
#3278=EDGE_CURVE('',#2537,#2539,#2055,.T.);
#3279=EDGE_CURVE('',#2540,#2538,#2056,.T.);
#3280=EDGE_CURVE('',#2541,#2542,#2057,.T.);
#3281=EDGE_CURVE('',#2539,#2541,#379,.T.);
#3282=EDGE_CURVE('',#2542,#2540,#380,.T.);
#3283=EDGE_CURVE('',#2543,#2544,#2058,.T.);
#3284=EDGE_CURVE('',#2541,#2543,#2059,.T.);
#3285=EDGE_CURVE('',#2544,#2542,#2060,.T.);
#3286=EDGE_CURVE('',#2529,#2544,#381,.T.);
#3287=EDGE_CURVE('',#2543,#2530,#382,.T.);
#3288=EDGE_CURVE('',#2545,#2537,#383,.T.);
#3289=EDGE_CURVE('',#2545,#2546,#2061,.T.);
#3290=EDGE_CURVE('',#2535,#2546,#384,.T.);
#3291=EDGE_CURVE('',#2546,#2547,#2062,.T.);
#3292=EDGE_CURVE('',#2547,#2533,#385,.T.);
#3293=EDGE_CURVE('',#2547,#2548,#2063,.T.);
#3294=EDGE_CURVE('',#2532,#2548,#386,.T.);
#3295=EDGE_CURVE('',#2548,#2549,#2064,.T.);
#3296=EDGE_CURVE('',#2530,#2549,#387,.T.);
#3297=EDGE_CURVE('',#2518,#2550,#2065,.T.);
#3298=EDGE_CURVE('',#2551,#2517,#2066,.T.);
#3299=EDGE_CURVE('',#2550,#2551,#388,.T.);
#3300=EDGE_CURVE('',#2545,#2524,#2067,.T.);
#3301=EDGE_CURVE('',#2551,#2545,#2068,.T.);
#3302=EDGE_CURVE('',#2546,#2523,#2069,.T.);
#3303=EDGE_CURVE('',#2547,#2522,#2070,.T.);
#3304=EDGE_CURVE('',#2548,#2521,#2071,.T.);
#3305=EDGE_CURVE('',#2549,#2520,#2072,.T.);
#3306=EDGE_CURVE('',#2552,#2519,#2073,.T.);
#3307=EDGE_CURVE('',#2549,#2552,#389,.T.);
#3308=EDGE_CURVE('',#2552,#2550,#2074,.T.);
#3309=EDGE_CURVE('',#2551,#2539,#390,.T.);
#3310=EDGE_CURVE('',#2541,#2550,#391,.T.);
#3311=EDGE_CURVE('',#2543,#2552,#392,.T.);
#3312=EDGE_CURVE('',#2553,#2554,#2075,.T.);
#3313=EDGE_CURVE('',#2554,#2555,#2076,.T.);
#3314=EDGE_CURVE('',#2555,#2555,#2077,.T.);
#3315=EDGE_CURVE('',#2554,#2553,#2078,.T.);
#3316=EDGE_CURVE('',#2556,#2557,#2079,.T.);
#3317=EDGE_CURVE('',#2556,#2553,#393,.T.);
#3318=EDGE_CURVE('',#2557,#2556,#2080,.T.);
#3319=EDGE_CURVE('',#2558,#2559,#394,.T.);
#3320=EDGE_CURVE('',#2560,#2558,#2081,.T.);
#3321=EDGE_CURVE('',#2561,#2560,#2082,.T.);
#3322=EDGE_CURVE('',#2562,#2561,#2083,.T.);
#3323=EDGE_CURVE('',#2563,#2562,#2084,.T.);
#3324=EDGE_CURVE('',#2564,#2563,#2085,.T.);
#3325=EDGE_CURVE('',#2565,#2564,#395,.T.);
#3326=EDGE_CURVE('',#2559,#2565,#2086,.T.);
#3327=EDGE_CURVE('',#2566,#2566,#2087,.T.);
#3328=EDGE_CURVE('',#2566,#2557,#2088,.T.);
#3329=EDGE_CURVE('',#2567,#2567,#2089,.T.);
#3330=EDGE_CURVE('',#2567,#2568,#2090,.T.);
#3331=EDGE_CURVE('',#2568,#2569,#2091,.T.);
#3332=EDGE_CURVE('',#2569,#2568,#2092,.T.);
#3333=EDGE_CURVE('',#2570,#2570,#2093,.T.);
#3334=EDGE_CURVE('',#2570,#2569,#396,.T.);
#3335=EDGE_CURVE('',#2571,#2572,#2094,.T.);
#3336=EDGE_CURVE('',#2572,#2573,#2095,.T.);
#3337=EDGE_CURVE('',#2573,#2574,#2096,.T.);
#3338=EDGE_CURVE('',#2574,#2571,#2097,.T.);
#3339=EDGE_CURVE('',#2575,#2576,#2098,.T.);
#3340=EDGE_CURVE('',#2576,#2574,#2099,.T.);
#3341=EDGE_CURVE('',#2573,#2575,#2100,.T.);
#3342=EDGE_CURVE('',#2577,#2578,#2101,.T.);
#3343=EDGE_CURVE('',#2578,#2576,#2102,.T.);
#3344=EDGE_CURVE('',#2575,#2577,#2103,.T.);
#3345=EDGE_CURVE('',#2579,#2580,#2104,.T.);
#3346=EDGE_CURVE('',#2580,#2578,#2105,.T.);
#3347=EDGE_CURVE('',#2577,#2579,#2106,.T.);
#3348=EDGE_CURVE('',#2581,#2582,#2107,.T.);
#3349=EDGE_CURVE('',#2582,#2580,#2108,.T.);
#3350=EDGE_CURVE('',#2579,#2581,#2109,.T.);
#3351=EDGE_CURVE('',#2583,#2584,#2110,.T.);
#3352=EDGE_CURVE('',#2584,#2582,#397,.T.);
#3353=EDGE_CURVE('',#2581,#2583,#398,.T.);
#3354=EDGE_CURVE('',#2585,#2586,#2111,.T.);
#3355=EDGE_CURVE('',#2586,#2584,#2112,.T.);
#3356=EDGE_CURVE('',#2583,#2585,#2113,.T.);
#3357=EDGE_CURVE('',#2585,#2572,#399,.T.);
#3358=EDGE_CURVE('',#2571,#2586,#400,.T.);
#3359=EDGE_CURVE('',#2577,#2587,#401,.T.);
#3360=EDGE_CURVE('',#2588,#2587,#2114,.T.);
#3361=EDGE_CURVE('',#2588,#2579,#402,.T.);
#3362=EDGE_CURVE('',#2589,#2575,#403,.T.);
#3363=EDGE_CURVE('',#2587,#2589,#2115,.T.);
#3364=EDGE_CURVE('',#2573,#2590,#404,.T.);
#3365=EDGE_CURVE('',#2589,#2590,#2116,.T.);
#3366=EDGE_CURVE('',#2572,#2591,#405,.T.);
#3367=EDGE_CURVE('',#2590,#2591,#2117,.T.);
#3368=EDGE_CURVE('',#2559,#2592,#2118,.T.);
#3369=EDGE_CURVE('',#2592,#2593,#406,.T.);
#3370=EDGE_CURVE('',#2593,#2558,#2119,.T.);
#3371=EDGE_CURVE('',#2588,#2560,#2120,.T.);
#3372=EDGE_CURVE('',#2593,#2588,#2121,.T.);
#3373=EDGE_CURVE('',#2587,#2561,#2122,.T.);
#3374=EDGE_CURVE('',#2589,#2562,#2123,.T.);
#3375=EDGE_CURVE('',#2590,#2563,#2124,.T.);
#3376=EDGE_CURVE('',#2591,#2564,#2125,.T.);
#3377=EDGE_CURVE('',#2594,#2565,#2126,.T.);
#3378=EDGE_CURVE('',#2591,#2594,#407,.T.);
#3379=EDGE_CURVE('',#2594,#2592,#2127,.T.);
#3380=EDGE_CURVE('',#2593,#2581,#408,.T.);
#3381=EDGE_CURVE('',#2583,#2592,#409,.T.);
#3382=EDGE_CURVE('',#2585,#2594,#410,.T.);
#3383=EDGE_CURVE('',#2595,#2596,#807,.T.);
#3384=EDGE_CURVE('',#2597,#2595,#411,.T.);
#3385=EDGE_CURVE('',#2598,#2597,#808,.T.);
#3386=EDGE_CURVE('',#2596,#2598,#412,.T.);
#3387=EDGE_CURVE('',#2599,#2600,#809,.T.);
#3388=EDGE_CURVE('',#2600,#2599,#810,.T.);
#3389=EDGE_CURVE('',#2601,#2601,#811,.T.);
#3390=EDGE_CURVE('',#2601,#2602,#413,.T.);
#3391=EDGE_CURVE('',#2602,#2602,#812,.T.);
#3392=EDGE_CURVE('',#2603,#2603,#813,.T.);
#3393=EDGE_CURVE('',#2603,#2604,#414,.T.);
#3394=EDGE_CURVE('',#2604,#2604,#814,.T.);
#3395=EDGE_CURVE('',#2605,#2598,#2128,.T.);
#3396=EDGE_CURVE('',#2596,#2605,#2129,.T.);
#3397=EDGE_CURVE('',#2606,#2606,#2130,.T.);
#3398=EDGE_CURVE('',#2606,#2605,#415,.T.);
#3399=EDGE_CURVE('',#2597,#2595,#2131,.T.);
#3400=EDGE_CURVE('',#2600,#2607,#416,.T.);
#3401=EDGE_CURVE('',#2607,#2607,#2132,.T.);
#3402=EDGE_CURVE('',#2608,#2608,#2133,.T.);
#3403=EDGE_CURVE('',#2608,#2609,#2134,.T.);
#3404=EDGE_CURVE('',#2609,#2609,#2135,.T.);
#3405=EDGE_CURVE('',#2609,#2610,#417,.T.);
#3406=EDGE_CURVE('',#2610,#2610,#2136,.T.);
#3407=EDGE_CURVE('',#2611,#2611,#2137,.T.);
#3408=EDGE_CURVE('',#2611,#2612,#418,.T.);
#3409=EDGE_CURVE('',#2612,#2612,#2138,.T.);
#3410=EDGE_CURVE('',#2613,#2613,#2139,.T.);
#3411=EDGE_CURVE('',#2614,#2614,#2140,.T.);
#3412=EDGE_CURVE('',#2614,#2613,#419,.T.);
#3413=EDGE_CURVE('',#2615,#2615,#2141,.T.);
#3414=EDGE_CURVE('',#2616,#2616,#2142,.T.);
#3415=EDGE_CURVE('',#2616,#2615,#420,.T.);
#3416=EDGE_CURVE('',#2617,#2617,#2143,.T.);
#3417=EDGE_CURVE('',#2618,#2618,#2144,.T.);
#3418=EDGE_CURVE('',#2618,#2617,#421,.T.);
#3419=EDGE_CURVE('',#2619,#2619,#2145,.T.);
#3420=EDGE_CURVE('',#2620,#2620,#2146,.T.);
#3421=EDGE_CURVE('',#2620,#2619,#422,.T.);
#3422=ORIENTED_EDGE('',*,*,#2621,.T.);
#3423=ORIENTED_EDGE('',*,*,#2622,.T.);
#3424=ORIENTED_EDGE('',*,*,#2623,.T.);
#3425=ORIENTED_EDGE('',*,*,#2624,.T.);
#3426=ORIENTED_EDGE('',*,*,#2625,.T.);
#3427=ORIENTED_EDGE('',*,*,#2626,.T.);
#3428=ORIENTED_EDGE('',*,*,#2623,.F.);
#3429=ORIENTED_EDGE('',*,*,#2627,.T.);
#3430=ORIENTED_EDGE('',*,*,#2628,.T.);
#3431=ORIENTED_EDGE('',*,*,#2629,.T.);
#3432=ORIENTED_EDGE('',*,*,#2625,.F.);
#3433=ORIENTED_EDGE('',*,*,#2630,.T.);
#3434=ORIENTED_EDGE('',*,*,#2631,.T.);
#3435=ORIENTED_EDGE('',*,*,#2632,.T.);
#3436=ORIENTED_EDGE('',*,*,#2633,.T.);
#3437=ORIENTED_EDGE('',*,*,#2634,.T.);
#3438=ORIENTED_EDGE('',*,*,#2635,.T.);
#3439=ORIENTED_EDGE('',*,*,#2636,.T.);
#3440=ORIENTED_EDGE('',*,*,#2633,.F.);
#3441=ORIENTED_EDGE('',*,*,#2637,.T.);
#3442=ORIENTED_EDGE('',*,*,#2638,.T.);
#3443=ORIENTED_EDGE('',*,*,#2639,.T.);
#3444=ORIENTED_EDGE('',*,*,#2635,.F.);
#3445=ORIENTED_EDGE('',*,*,#2640,.T.);
#3446=ORIENTED_EDGE('',*,*,#2631,.F.);
#3447=ORIENTED_EDGE('',*,*,#2641,.T.);
#3448=ORIENTED_EDGE('',*,*,#2628,.F.);
#3449=ORIENTED_EDGE('',*,*,#2642,.T.);
#3450=ORIENTED_EDGE('',*,*,#2643,.T.);
#3451=ORIENTED_EDGE('',*,*,#2644,.T.);
#3452=ORIENTED_EDGE('',*,*,#2638,.F.);
#3453=ORIENTED_EDGE('',*,*,#2645,.T.);
#3454=ORIENTED_EDGE('',*,*,#2646,.T.);
#3455=ORIENTED_EDGE('',*,*,#2647,.T.);
#3456=ORIENTED_EDGE('',*,*,#2643,.F.);
#3457=ORIENTED_EDGE('',*,*,#2648,.T.);
#3458=ORIENTED_EDGE('',*,*,#2621,.F.);
#3459=ORIENTED_EDGE('',*,*,#2649,.T.);
#3460=ORIENTED_EDGE('',*,*,#2646,.F.);
#3461=ORIENTED_EDGE('',*,*,#2650,.T.);
#3462=ORIENTED_EDGE('',*,*,#2648,.F.);
#3463=ORIENTED_EDGE('',*,*,#2645,.F.);
#3464=ORIENTED_EDGE('',*,*,#2640,.F.);
#3465=ORIENTED_EDGE('',*,*,#2651,.T.);
#3466=ORIENTED_EDGE('',*,*,#2652,.F.);
#3467=ORIENTED_EDGE('',*,*,#2653,.F.);
#3468=ORIENTED_EDGE('',*,*,#2637,.F.);
#3469=ORIENTED_EDGE('',*,*,#2654,.F.);
#3470=ORIENTED_EDGE('',*,*,#2655,.F.);
#3471=ORIENTED_EDGE('',*,*,#2651,.F.);
#3472=ORIENTED_EDGE('',*,*,#2626,.F.);
#3473=ORIENTED_EDGE('',*,*,#2629,.F.);
#3474=ORIENTED_EDGE('',*,*,#2656,.F.);
#3475=ORIENTED_EDGE('',*,*,#2657,.T.);
#3476=ORIENTED_EDGE('',*,*,#2658,.F.);
#3477=ORIENTED_EDGE('',*,*,#2659,.T.);
#3478=ORIENTED_EDGE('',*,*,#2639,.F.);
#3479=ORIENTED_EDGE('',*,*,#2660,.F.);
#3480=ORIENTED_EDGE('',*,*,#2661,.F.);
#3481=ORIENTED_EDGE('',*,*,#2662,.F.);
#3482=ORIENTED_EDGE('',*,*,#2663,.F.);
#3483=ORIENTED_EDGE('',*,*,#2664,.F.);
#3484=ORIENTED_EDGE('',*,*,#2665,.F.);
#3485=ORIENTED_EDGE('',*,*,#2666,.F.);
#3486=ORIENTED_EDGE('',*,*,#2667,.F.);
#3487=ORIENTED_EDGE('',*,*,#2668,.F.);
#3488=ORIENTED_EDGE('',*,*,#2634,.F.);
#3489=ORIENTED_EDGE('',*,*,#2636,.F.);
#3490=ORIENTED_EDGE('',*,*,#2669,.T.);
#3491=ORIENTED_EDGE('',*,*,#2624,.F.);
#3492=ORIENTED_EDGE('',*,*,#2659,.F.);
#3493=ORIENTED_EDGE('',*,*,#2670,.F.);
#3494=ORIENTED_EDGE('',*,*,#2671,.F.);
#3495=ORIENTED_EDGE('',*,*,#2672,.T.);
#3496=ORIENTED_EDGE('',*,*,#2641,.F.);
#3497=ORIENTED_EDGE('',*,*,#2668,.T.);
#3498=ORIENTED_EDGE('',*,*,#2673,.F.);
#3499=ORIENTED_EDGE('',*,*,#2674,.T.);
#3500=ORIENTED_EDGE('',*,*,#2656,.T.);
#3501=ORIENTED_EDGE('',*,*,#2675,.T.);
#3502=ORIENTED_EDGE('',*,*,#2676,.T.);
#3503=ORIENTED_EDGE('',*,*,#2677,.T.);
#3504=ORIENTED_EDGE('',*,*,#2678,.T.);
#3505=ORIENTED_EDGE('',*,*,#2679,.T.);
#3506=ORIENTED_EDGE('',*,*,#2655,.T.);
#3507=ORIENTED_EDGE('',*,*,#2677,.F.);
#3508=ORIENTED_EDGE('',*,*,#2680,.T.);
#3509=ORIENTED_EDGE('',*,*,#2681,.T.);
#3510=ORIENTED_EDGE('',*,*,#2652,.T.);
#3511=ORIENTED_EDGE('',*,*,#2679,.F.);
#3512=ORIENTED_EDGE('',*,*,#2682,.T.);
#3513=ORIENTED_EDGE('',*,*,#2675,.F.);
#3514=ORIENTED_EDGE('',*,*,#2683,.T.);
#3515=ORIENTED_EDGE('',*,*,#2681,.F.);
#3516=ORIENTED_EDGE('',*,*,#2684,.T.);
#3517=ORIENTED_EDGE('',*,*,#2650,.F.);
#3518=ORIENTED_EDGE('',*,*,#2653,.T.);
#3519=ORIENTED_EDGE('',*,*,#2683,.F.);
#3520=ORIENTED_EDGE('',*,*,#2685,.F.);
#3521=ORIENTED_EDGE('',*,*,#2627,.F.);
#3522=ORIENTED_EDGE('',*,*,#2622,.F.);
#3523=ORIENTED_EDGE('',*,*,#2630,.F.);
#3524=ORIENTED_EDGE('',*,*,#2685,.T.);
#3525=ORIENTED_EDGE('',*,*,#2678,.F.);
#3526=ORIENTED_EDGE('',*,*,#2654,.T.);
#3527=ORIENTED_EDGE('',*,*,#2632,.F.);
#3528=ORIENTED_EDGE('',*,*,#2642,.F.);
#3529=ORIENTED_EDGE('',*,*,#2676,.F.);
#3530=ORIENTED_EDGE('',*,*,#2684,.F.);
#3531=ORIENTED_EDGE('',*,*,#2682,.F.);
#3532=ORIENTED_EDGE('',*,*,#2680,.F.);
#3533=ORIENTED_EDGE('',*,*,#2686,.T.);
#3534=ORIENTED_EDGE('',*,*,#2687,.T.);
#3535=ORIENTED_EDGE('',*,*,#2688,.T.);
#3536=ORIENTED_EDGE('',*,*,#2689,.T.);
#3537=ORIENTED_EDGE('',*,*,#2690,.T.);
#3538=ORIENTED_EDGE('',*,*,#2691,.T.);
#3539=ORIENTED_EDGE('',*,*,#2692,.T.);
#3540=ORIENTED_EDGE('',*,*,#2693,.T.);
#3541=ORIENTED_EDGE('',*,*,#2692,.F.);
#3542=ORIENTED_EDGE('',*,*,#2694,.T.);
#3543=ORIENTED_EDGE('',*,*,#2688,.F.);
#3544=ORIENTED_EDGE('',*,*,#2695,.T.);
#3545=ORIENTED_EDGE('',*,*,#2696,.T.);
#3546=ORIENTED_EDGE('',*,*,#2697,.T.);
#3547=ORIENTED_EDGE('',*,*,#2690,.F.);
#3548=ORIENTED_EDGE('',*,*,#2698,.T.);
#3549=ORIENTED_EDGE('',*,*,#2699,.T.);
#3550=ORIENTED_EDGE('',*,*,#2700,.T.);
#3551=ORIENTED_EDGE('',*,*,#2696,.F.);
#3552=ORIENTED_EDGE('',*,*,#2701,.T.);
#3553=ORIENTED_EDGE('',*,*,#2702,.T.);
#3554=ORIENTED_EDGE('',*,*,#2703,.T.);
#3555=ORIENTED_EDGE('',*,*,#2704,.T.);
#3556=ORIENTED_EDGE('',*,*,#2705,.T.);
#3557=ORIENTED_EDGE('',*,*,#2702,.F.);
#3558=ORIENTED_EDGE('',*,*,#2706,.T.);
#3559=ORIENTED_EDGE('',*,*,#2699,.F.);
#3560=ORIENTED_EDGE('',*,*,#2707,.T.);
#3561=ORIENTED_EDGE('',*,*,#2708,.T.);
#3562=ORIENTED_EDGE('',*,*,#2709,.T.);
#3563=ORIENTED_EDGE('',*,*,#2704,.F.);
#3564=ORIENTED_EDGE('',*,*,#2710,.T.);
#3565=ORIENTED_EDGE('',*,*,#2711,.T.);
#3566=ORIENTED_EDGE('',*,*,#2712,.T.);
#3567=ORIENTED_EDGE('',*,*,#2708,.F.);
#3568=ORIENTED_EDGE('',*,*,#2713,.T.);
#3569=ORIENTED_EDGE('',*,*,#2686,.F.);
#3570=ORIENTED_EDGE('',*,*,#2714,.T.);
#3571=ORIENTED_EDGE('',*,*,#2711,.F.);
#3572=ORIENTED_EDGE('',*,*,#2715,.T.);
#3573=ORIENTED_EDGE('',*,*,#2697,.F.);
#3574=ORIENTED_EDGE('',*,*,#2716,.T.);
#3575=ORIENTED_EDGE('',*,*,#2717,.T.);
#3576=ORIENTED_EDGE('',*,*,#2718,.F.);
#3577=ORIENTED_EDGE('',*,*,#2719,.T.);
#3578=ORIENTED_EDGE('',*,*,#2700,.F.);
#3579=ORIENTED_EDGE('',*,*,#2706,.F.);
#3580=ORIENTED_EDGE('',*,*,#2720,.T.);
#3581=ORIENTED_EDGE('',*,*,#2721,.T.);
#3582=ORIENTED_EDGE('',*,*,#2722,.T.);
#3583=ORIENTED_EDGE('',*,*,#2716,.F.);
#3584=ORIENTED_EDGE('',*,*,#2705,.F.);
#3585=ORIENTED_EDGE('',*,*,#2723,.F.);
#3586=ORIENTED_EDGE('',*,*,#2724,.F.);
#3587=ORIENTED_EDGE('',*,*,#2720,.F.);
#3588=ORIENTED_EDGE('',*,*,#2725,.T.);
#3589=ORIENTED_EDGE('',*,*,#2687,.F.);
#3590=ORIENTED_EDGE('',*,*,#2715,.F.);
#3591=ORIENTED_EDGE('',*,*,#2713,.F.);
#3592=ORIENTED_EDGE('',*,*,#2726,.F.);
#3593=ORIENTED_EDGE('',*,*,#2727,.F.);
#3594=ORIENTED_EDGE('',*,*,#2728,.T.);
#3595=ORIENTED_EDGE('',*,*,#2710,.F.);
#3596=ORIENTED_EDGE('',*,*,#2703,.F.);
#3597=ORIENTED_EDGE('',*,*,#2707,.F.);
#3598=ORIENTED_EDGE('',*,*,#2729,.F.);
#3599=ORIENTED_EDGE('',*,*,#2730,.F.);
#3600=ORIENTED_EDGE('',*,*,#2726,.T.);
#3601=ORIENTED_EDGE('',*,*,#2731,.T.);
#3602=ORIENTED_EDGE('',*,*,#2732,.T.);
#3603=ORIENTED_EDGE('',*,*,#2733,.T.);
#3604=ORIENTED_EDGE('',*,*,#2734,.T.);
#3605=ORIENTED_EDGE('',*,*,#2735,.T.);
#3606=ORIENTED_EDGE('',*,*,#2730,.T.);
#3607=ORIENTED_EDGE('',*,*,#2733,.F.);
#3608=ORIENTED_EDGE('',*,*,#2736,.T.);
#3609=ORIENTED_EDGE('',*,*,#2737,.T.);
#3610=ORIENTED_EDGE('',*,*,#2727,.T.);
#3611=ORIENTED_EDGE('',*,*,#2735,.F.);
#3612=ORIENTED_EDGE('',*,*,#2738,.T.);
#3613=ORIENTED_EDGE('',*,*,#2731,.F.);
#3614=ORIENTED_EDGE('',*,*,#2739,.T.);
#3615=ORIENTED_EDGE('',*,*,#2737,.F.);
#3616=ORIENTED_EDGE('',*,*,#2740,.T.);
#3617=ORIENTED_EDGE('',*,*,#2695,.F.);
#3618=ORIENTED_EDGE('',*,*,#2728,.F.);
#3619=ORIENTED_EDGE('',*,*,#2739,.F.);
#3620=ORIENTED_EDGE('',*,*,#2741,.F.);
#3621=ORIENTED_EDGE('',*,*,#2693,.F.);
#3622=ORIENTED_EDGE('',*,*,#2741,.T.);
#3623=ORIENTED_EDGE('',*,*,#2734,.F.);
#3624=ORIENTED_EDGE('',*,*,#2729,.T.);
#3625=ORIENTED_EDGE('',*,*,#2701,.F.);
#3626=ORIENTED_EDGE('',*,*,#2698,.F.);
#3627=ORIENTED_EDGE('',*,*,#2732,.F.);
#3628=ORIENTED_EDGE('',*,*,#2740,.F.);
#3629=ORIENTED_EDGE('',*,*,#2738,.F.);
#3630=ORIENTED_EDGE('',*,*,#2736,.F.);
#3631=ORIENTED_EDGE('',*,*,#2658,.T.);
#3632=ORIENTED_EDGE('',*,*,#2742,.T.);
#3633=ORIENTED_EDGE('',*,*,#2743,.T.);
#3634=ORIENTED_EDGE('',*,*,#2670,.T.);
#3635=ORIENTED_EDGE('',*,*,#2649,.F.);
#3636=ORIENTED_EDGE('',*,*,#2671,.T.);
#3637=ORIENTED_EDGE('',*,*,#2743,.F.);
#3638=ORIENTED_EDGE('',*,*,#2744,.T.);
#3639=ORIENTED_EDGE('',*,*,#2745,.T.);
#3640=ORIENTED_EDGE('',*,*,#2647,.F.);
#3641=ORIENTED_EDGE('',*,*,#2644,.F.);
#3642=ORIENTED_EDGE('',*,*,#2745,.F.);
#3643=ORIENTED_EDGE('',*,*,#2746,.T.);
#3644=ORIENTED_EDGE('',*,*,#2747,.T.);
#3645=ORIENTED_EDGE('',*,*,#2660,.T.);
#3646=ORIENTED_EDGE('',*,*,#2748,.T.);
#3647=ORIENTED_EDGE('',*,*,#2661,.T.);
#3648=ORIENTED_EDGE('',*,*,#2747,.F.);
#3649=ORIENTED_EDGE('',*,*,#2749,.T.);
#3650=ORIENTED_EDGE('',*,*,#2750,.T.);
#3651=ORIENTED_EDGE('',*,*,#2662,.T.);
#3652=ORIENTED_EDGE('',*,*,#2748,.F.);
#3653=ORIENTED_EDGE('',*,*,#2751,.T.);
#3654=ORIENTED_EDGE('',*,*,#2752,.T.);
#3655=ORIENTED_EDGE('',*,*,#2663,.T.);
#3656=ORIENTED_EDGE('',*,*,#2750,.F.);
#3657=ORIENTED_EDGE('',*,*,#2753,.T.);
#3658=ORIENTED_EDGE('',*,*,#2754,.T.);
#3659=ORIENTED_EDGE('',*,*,#2664,.T.);
#3660=ORIENTED_EDGE('',*,*,#2752,.F.);
#3661=ORIENTED_EDGE('',*,*,#2755,.T.);
#3662=ORIENTED_EDGE('',*,*,#2756,.T.);
#3663=ORIENTED_EDGE('',*,*,#2665,.T.);
#3664=ORIENTED_EDGE('',*,*,#2754,.F.);
#3665=ORIENTED_EDGE('',*,*,#2757,.T.);
#3666=ORIENTED_EDGE('',*,*,#2758,.T.);
#3667=ORIENTED_EDGE('',*,*,#2666,.T.);
#3668=ORIENTED_EDGE('',*,*,#2756,.F.);
#3669=ORIENTED_EDGE('',*,*,#2759,.T.);
#3670=ORIENTED_EDGE('',*,*,#2673,.T.);
#3671=ORIENTED_EDGE('',*,*,#2667,.T.);
#3672=ORIENTED_EDGE('',*,*,#2758,.F.);
#3673=ORIENTED_EDGE('',*,*,#2760,.T.);
#3674=ORIENTED_EDGE('',*,*,#2753,.F.);
#3675=ORIENTED_EDGE('',*,*,#2761,.T.);
#3676=ORIENTED_EDGE('',*,*,#2762,.F.);
#3677=ORIENTED_EDGE('',*,*,#2763,.T.);
#3678=ORIENTED_EDGE('',*,*,#2751,.F.);
#3679=ORIENTED_EDGE('',*,*,#2764,.F.);
#3680=ORIENTED_EDGE('',*,*,#2765,.F.);
#3681=ORIENTED_EDGE('',*,*,#2761,.F.);
#3682=ORIENTED_EDGE('',*,*,#2749,.F.);
#3683=ORIENTED_EDGE('',*,*,#2766,.T.);
#3684=ORIENTED_EDGE('',*,*,#2767,.F.);
#3685=ORIENTED_EDGE('',*,*,#2764,.T.);
#3686=ORIENTED_EDGE('',*,*,#2746,.F.);
#3687=ORIENTED_EDGE('',*,*,#2768,.T.);
#3688=ORIENTED_EDGE('',*,*,#2769,.F.);
#3689=ORIENTED_EDGE('',*,*,#2766,.F.);
#3690=ORIENTED_EDGE('',*,*,#2744,.F.);
#3691=ORIENTED_EDGE('',*,*,#2770,.T.);
#3692=ORIENTED_EDGE('',*,*,#2771,.F.);
#3693=ORIENTED_EDGE('',*,*,#2768,.F.);
#3694=ORIENTED_EDGE('',*,*,#2742,.F.);
#3695=ORIENTED_EDGE('',*,*,#2772,.T.);
#3696=ORIENTED_EDGE('',*,*,#2773,.F.);
#3697=ORIENTED_EDGE('',*,*,#2770,.F.);
#3698=ORIENTED_EDGE('',*,*,#2774,.T.);
#3699=ORIENTED_EDGE('',*,*,#2775,.T.);
#3700=ORIENTED_EDGE('',*,*,#2718,.T.);
#3701=ORIENTED_EDGE('',*,*,#2776,.T.);
#3702=ORIENTED_EDGE('',*,*,#2777,.T.);
#3703=ORIENTED_EDGE('',*,*,#2773,.T.);
#3704=ORIENTED_EDGE('',*,*,#2721,.F.);
#3705=ORIENTED_EDGE('',*,*,#2724,.T.);
#3706=ORIENTED_EDGE('',*,*,#2712,.F.);
#3707=ORIENTED_EDGE('',*,*,#2778,.T.);
#3708=ORIENTED_EDGE('',*,*,#2771,.T.);
#3709=ORIENTED_EDGE('',*,*,#2777,.F.);
#3710=ORIENTED_EDGE('',*,*,#2723,.T.);
#3711=ORIENTED_EDGE('',*,*,#2709,.F.);
#3712=ORIENTED_EDGE('',*,*,#2714,.F.);
#3713=ORIENTED_EDGE('',*,*,#2779,.T.);
#3714=ORIENTED_EDGE('',*,*,#2780,.T.);
#3715=ORIENTED_EDGE('',*,*,#2769,.T.);
#3716=ORIENTED_EDGE('',*,*,#2778,.F.);
#3717=ORIENTED_EDGE('',*,*,#2781,.T.);
#3718=ORIENTED_EDGE('',*,*,#2767,.T.);
#3719=ORIENTED_EDGE('',*,*,#2780,.F.);
#3720=ORIENTED_EDGE('',*,*,#2782,.T.);
#3721=ORIENTED_EDGE('',*,*,#2783,.T.);
#3722=ORIENTED_EDGE('',*,*,#2765,.T.);
#3723=ORIENTED_EDGE('',*,*,#2781,.F.);
#3724=ORIENTED_EDGE('',*,*,#2784,.T.);
#3725=ORIENTED_EDGE('',*,*,#2785,.T.);
#3726=ORIENTED_EDGE('',*,*,#2762,.T.);
#3727=ORIENTED_EDGE('',*,*,#2783,.F.);
#3728=ORIENTED_EDGE('',*,*,#2786,.T.);
#3729=ORIENTED_EDGE('',*,*,#2787,.T.);
#3730=ORIENTED_EDGE('',*,*,#2788,.T.);
#3731=ORIENTED_EDGE('',*,*,#2785,.F.);
#3732=ORIENTED_EDGE('',*,*,#2789,.T.);
#3733=ORIENTED_EDGE('',*,*,#2790,.T.);
#3734=ORIENTED_EDGE('',*,*,#2791,.T.);
#3735=ORIENTED_EDGE('',*,*,#2787,.F.);
#3736=ORIENTED_EDGE('',*,*,#2792,.T.);
#3737=ORIENTED_EDGE('',*,*,#2790,.F.);
#3738=ORIENTED_EDGE('',*,*,#2793,.T.);
#3739=ORIENTED_EDGE('',*,*,#2774,.F.);
#3740=ORIENTED_EDGE('',*,*,#2794,.T.);
#3741=ORIENTED_EDGE('',*,*,#2755,.F.);
#3742=ORIENTED_EDGE('',*,*,#2763,.F.);
#3743=ORIENTED_EDGE('',*,*,#2788,.F.);
#3744=ORIENTED_EDGE('',*,*,#2795,.F.);
#3745=ORIENTED_EDGE('',*,*,#2757,.F.);
#3746=ORIENTED_EDGE('',*,*,#2795,.T.);
#3747=ORIENTED_EDGE('',*,*,#2791,.F.);
#3748=ORIENTED_EDGE('',*,*,#2796,.T.);
#3749=ORIENTED_EDGE('',*,*,#2759,.F.);
#3750=ORIENTED_EDGE('',*,*,#2796,.F.);
#3751=ORIENTED_EDGE('',*,*,#2794,.F.);
#3752=ORIENTED_EDGE('',*,*,#2797,.F.);
#3753=ORIENTED_EDGE('',*,*,#2760,.F.);
#3754=ORIENTED_EDGE('',*,*,#2797,.T.);
#3755=ORIENTED_EDGE('',*,*,#2776,.F.);
#3756=ORIENTED_EDGE('',*,*,#2798,.T.);
#3757=ORIENTED_EDGE('',*,*,#2691,.F.);
#3758=ORIENTED_EDGE('',*,*,#2719,.F.);
#3759=ORIENTED_EDGE('',*,*,#2775,.F.);
#3760=ORIENTED_EDGE('',*,*,#2793,.F.);
#3761=ORIENTED_EDGE('',*,*,#2792,.F.);
#3762=ORIENTED_EDGE('',*,*,#2789,.F.);
#3763=ORIENTED_EDGE('',*,*,#2786,.F.);
#3764=ORIENTED_EDGE('',*,*,#2784,.F.);
#3765=ORIENTED_EDGE('',*,*,#2782,.F.);
#3766=ORIENTED_EDGE('',*,*,#2779,.F.);
#3767=ORIENTED_EDGE('',*,*,#2689,.F.);
#3768=ORIENTED_EDGE('',*,*,#2694,.F.);
#3769=ORIENTED_EDGE('',*,*,#2799,.T.);
#3770=ORIENTED_EDGE('',*,*,#2799,.F.);
#3771=ORIENTED_EDGE('',*,*,#2800,.T.);
#3772=ORIENTED_EDGE('',*,*,#2669,.F.);
#3773=ORIENTED_EDGE('',*,*,#2800,.F.);
#3774=ORIENTED_EDGE('',*,*,#2725,.F.);
#3775=ORIENTED_EDGE('',*,*,#2801,.T.);
#3776=ORIENTED_EDGE('',*,*,#2672,.F.);
#3777=ORIENTED_EDGE('',*,*,#2801,.F.);
#3778=ORIENTED_EDGE('',*,*,#2674,.F.);
#3779=ORIENTED_EDGE('',*,*,#2798,.F.);
#3780=ORIENTED_EDGE('',*,*,#2717,.F.);
#3781=ORIENTED_EDGE('',*,*,#2802,.F.);
#3782=ORIENTED_EDGE('',*,*,#2657,.F.);
#3783=ORIENTED_EDGE('',*,*,#2802,.T.);
#3784=ORIENTED_EDGE('',*,*,#2722,.F.);
#3785=ORIENTED_EDGE('',*,*,#2772,.F.);
#3786=ORIENTED_EDGE('',*,*,#2803,.T.);
#3787=ORIENTED_EDGE('',*,*,#2804,.T.);
#3788=ORIENTED_EDGE('',*,*,#2805,.T.);
#3789=ORIENTED_EDGE('',*,*,#2806,.T.);
#3790=ORIENTED_EDGE('',*,*,#2804,.F.);
#3791=ORIENTED_EDGE('',*,*,#2806,.F.);
#3792=ORIENTED_EDGE('',*,*,#2807,.T.);
#3793=ORIENTED_EDGE('',*,*,#2808,.F.);
#3794=ORIENTED_EDGE('',*,*,#2809,.F.);
#3795=ORIENTED_EDGE('',*,*,#2807,.F.);
#3796=ORIENTED_EDGE('',*,*,#2805,.F.);
#3797=ORIENTED_EDGE('',*,*,#2803,.F.);
#3798=ORIENTED_EDGE('',*,*,#2810,.T.);
#3799=ORIENTED_EDGE('',*,*,#2811,.T.);
#3800=ORIENTED_EDGE('',*,*,#2808,.T.);
#3801=ORIENTED_EDGE('',*,*,#2809,.T.);
#3802=ORIENTED_EDGE('',*,*,#2811,.F.);
#3803=ORIENTED_EDGE('',*,*,#2810,.F.);
#3804=ORIENTED_EDGE('',*,*,#2812,.T.);
#3805=ORIENTED_EDGE('',*,*,#2813,.F.);
#3806=ORIENTED_EDGE('',*,*,#2814,.T.);
#3807=ORIENTED_EDGE('',*,*,#2815,.F.);
#3808=ORIENTED_EDGE('',*,*,#2814,.F.);
#3809=ORIENTED_EDGE('',*,*,#2816,.F.);
#3810=ORIENTED_EDGE('',*,*,#2817,.F.);
#3811=ORIENTED_EDGE('',*,*,#2818,.T.);
#3812=ORIENTED_EDGE('',*,*,#2819,.F.);
#3813=ORIENTED_EDGE('',*,*,#2818,.F.);
#3814=ORIENTED_EDGE('',*,*,#2820,.T.);
#3815=ORIENTED_EDGE('',*,*,#2821,.T.);
#3816=ORIENTED_EDGE('',*,*,#2822,.T.);
#3817=ORIENTED_EDGE('',*,*,#2816,.T.);
#3818=ORIENTED_EDGE('',*,*,#2817,.T.);
#3819=ORIENTED_EDGE('',*,*,#2822,.F.);
#3820=ORIENTED_EDGE('',*,*,#2823,.T.);
#3821=ORIENTED_EDGE('',*,*,#2824,.T.);
#3822=ORIENTED_EDGE('',*,*,#2825,.T.);
#3823=ORIENTED_EDGE('',*,*,#2826,.T.);
#3824=ORIENTED_EDGE('',*,*,#2827,.T.);
#3825=ORIENTED_EDGE('',*,*,#2828,.T.);
#3826=ORIENTED_EDGE('',*,*,#2829,.T.);
#3827=ORIENTED_EDGE('',*,*,#2830,.T.);
#3828=ORIENTED_EDGE('',*,*,#2819,.T.);
#3829=ORIENTED_EDGE('',*,*,#2831,.F.);
#3830=ORIENTED_EDGE('',*,*,#2832,.T.);
#3831=ORIENTED_EDGE('',*,*,#2820,.F.);
#3832=ORIENTED_EDGE('',*,*,#2821,.F.);
#3833=ORIENTED_EDGE('',*,*,#2832,.F.);
#3834=ORIENTED_EDGE('',*,*,#2831,.T.);
#3835=ORIENTED_EDGE('',*,*,#2833,.T.);
#3836=ORIENTED_EDGE('',*,*,#2833,.F.);
#3837=ORIENTED_EDGE('',*,*,#2834,.T.);
#3838=ORIENTED_EDGE('',*,*,#2835,.F.);
#3839=ORIENTED_EDGE('',*,*,#2836,.F.);
#3840=ORIENTED_EDGE('',*,*,#2834,.F.);
#3841=ORIENTED_EDGE('',*,*,#2837,.F.);
#3842=ORIENTED_EDGE('',*,*,#2838,.F.);
#3843=ORIENTED_EDGE('',*,*,#2839,.F.);
#3844=ORIENTED_EDGE('',*,*,#2840,.F.);
#3845=ORIENTED_EDGE('',*,*,#2841,.F.);
#3846=ORIENTED_EDGE('',*,*,#2842,.F.);
#3847=ORIENTED_EDGE('',*,*,#2839,.T.);
#3848=ORIENTED_EDGE('',*,*,#2843,.F.);
#3849=ORIENTED_EDGE('',*,*,#2844,.F.);
#3850=ORIENTED_EDGE('',*,*,#2845,.F.);
#3851=ORIENTED_EDGE('',*,*,#2841,.T.);
#3852=ORIENTED_EDGE('',*,*,#2846,.F.);
#3853=ORIENTED_EDGE('',*,*,#2847,.F.);
#3854=ORIENTED_EDGE('',*,*,#2848,.F.);
#3855=ORIENTED_EDGE('',*,*,#2844,.T.);
#3856=ORIENTED_EDGE('',*,*,#2849,.F.);
#3857=ORIENTED_EDGE('',*,*,#2850,.F.);
#3858=ORIENTED_EDGE('',*,*,#2851,.F.);
#3859=ORIENTED_EDGE('',*,*,#2847,.T.);
#3860=ORIENTED_EDGE('',*,*,#2852,.F.);
#3861=ORIENTED_EDGE('',*,*,#2853,.F.);
#3862=ORIENTED_EDGE('',*,*,#2854,.F.);
#3863=ORIENTED_EDGE('',*,*,#2850,.T.);
#3864=ORIENTED_EDGE('',*,*,#2855,.F.);
#3865=ORIENTED_EDGE('',*,*,#2856,.F.);
#3866=ORIENTED_EDGE('',*,*,#2857,.F.);
#3867=ORIENTED_EDGE('',*,*,#2853,.T.);
#3868=ORIENTED_EDGE('',*,*,#2858,.F.);
#3869=ORIENTED_EDGE('',*,*,#2856,.T.);
#3870=ORIENTED_EDGE('',*,*,#2859,.F.);
#3871=ORIENTED_EDGE('',*,*,#2837,.T.);
#3872=ORIENTED_EDGE('',*,*,#2860,.F.);
#3873=ORIENTED_EDGE('',*,*,#2848,.T.);
#3874=ORIENTED_EDGE('',*,*,#2861,.F.);
#3875=ORIENTED_EDGE('',*,*,#2862,.T.);
#3876=ORIENTED_EDGE('',*,*,#2863,.F.);
#3877=ORIENTED_EDGE('',*,*,#2845,.T.);
#3878=ORIENTED_EDGE('',*,*,#2863,.T.);
#3879=ORIENTED_EDGE('',*,*,#2864,.T.);
#3880=ORIENTED_EDGE('',*,*,#2865,.T.);
#3881=ORIENTED_EDGE('',*,*,#2842,.T.);
#3882=ORIENTED_EDGE('',*,*,#2865,.F.);
#3883=ORIENTED_EDGE('',*,*,#2866,.T.);
#3884=ORIENTED_EDGE('',*,*,#2867,.F.);
#3885=ORIENTED_EDGE('',*,*,#2840,.T.);
#3886=ORIENTED_EDGE('',*,*,#2867,.T.);
#3887=ORIENTED_EDGE('',*,*,#2868,.T.);
#3888=ORIENTED_EDGE('',*,*,#2869,.F.);
#3889=ORIENTED_EDGE('',*,*,#2838,.T.);
#3890=ORIENTED_EDGE('',*,*,#2859,.T.);
#3891=ORIENTED_EDGE('',*,*,#2858,.T.);
#3892=ORIENTED_EDGE('',*,*,#2855,.T.);
#3893=ORIENTED_EDGE('',*,*,#2852,.T.);
#3894=ORIENTED_EDGE('',*,*,#2849,.T.);
#3895=ORIENTED_EDGE('',*,*,#2846,.T.);
#3896=ORIENTED_EDGE('',*,*,#2843,.T.);
#3897=ORIENTED_EDGE('',*,*,#2815,.T.);
#3898=ORIENTED_EDGE('',*,*,#2870,.F.);
#3899=ORIENTED_EDGE('',*,*,#2823,.F.);
#3900=ORIENTED_EDGE('',*,*,#2871,.F.);
#3901=ORIENTED_EDGE('',*,*,#2872,.F.);
#3902=ORIENTED_EDGE('',*,*,#2873,.F.);
#3903=ORIENTED_EDGE('',*,*,#2874,.F.);
#3904=ORIENTED_EDGE('',*,*,#2871,.T.);
#3905=ORIENTED_EDGE('',*,*,#2830,.F.);
#3906=ORIENTED_EDGE('',*,*,#2875,.F.);
#3907=ORIENTED_EDGE('',*,*,#2862,.F.);
#3908=ORIENTED_EDGE('',*,*,#2873,.T.);
#3909=ORIENTED_EDGE('',*,*,#2829,.F.);
#3910=ORIENTED_EDGE('',*,*,#2876,.F.);
#3911=ORIENTED_EDGE('',*,*,#2864,.F.);
#3912=ORIENTED_EDGE('',*,*,#2875,.T.);
#3913=ORIENTED_EDGE('',*,*,#2828,.F.);
#3914=ORIENTED_EDGE('',*,*,#2877,.F.);
#3915=ORIENTED_EDGE('',*,*,#2866,.F.);
#3916=ORIENTED_EDGE('',*,*,#2876,.T.);
#3917=ORIENTED_EDGE('',*,*,#2827,.F.);
#3918=ORIENTED_EDGE('',*,*,#2878,.F.);
#3919=ORIENTED_EDGE('',*,*,#2868,.F.);
#3920=ORIENTED_EDGE('',*,*,#2877,.T.);
#3921=ORIENTED_EDGE('',*,*,#2826,.F.);
#3922=ORIENTED_EDGE('',*,*,#2879,.F.);
#3923=ORIENTED_EDGE('',*,*,#2880,.F.);
#3924=ORIENTED_EDGE('',*,*,#2878,.T.);
#3925=ORIENTED_EDGE('',*,*,#2825,.F.);
#3926=ORIENTED_EDGE('',*,*,#2870,.T.);
#3927=ORIENTED_EDGE('',*,*,#2881,.F.);
#3928=ORIENTED_EDGE('',*,*,#2879,.T.);
#3929=ORIENTED_EDGE('',*,*,#2824,.F.);
#3930=ORIENTED_EDGE('',*,*,#2851,.T.);
#3931=ORIENTED_EDGE('',*,*,#2882,.F.);
#3932=ORIENTED_EDGE('',*,*,#2874,.T.);
#3933=ORIENTED_EDGE('',*,*,#2861,.T.);
#3934=ORIENTED_EDGE('',*,*,#2854,.T.);
#3935=ORIENTED_EDGE('',*,*,#2883,.T.);
#3936=ORIENTED_EDGE('',*,*,#2872,.T.);
#3937=ORIENTED_EDGE('',*,*,#2882,.T.);
#3938=ORIENTED_EDGE('',*,*,#2860,.T.);
#3939=ORIENTED_EDGE('',*,*,#2869,.T.);
#3940=ORIENTED_EDGE('',*,*,#2880,.T.);
#3941=ORIENTED_EDGE('',*,*,#2884,.F.);
#3942=ORIENTED_EDGE('',*,*,#2857,.T.);
#3943=ORIENTED_EDGE('',*,*,#2884,.T.);
#3944=ORIENTED_EDGE('',*,*,#2881,.T.);
#3945=ORIENTED_EDGE('',*,*,#2883,.F.);
#3946=ORIENTED_EDGE('',*,*,#2885,.T.);
#3947=ORIENTED_EDGE('',*,*,#2886,.T.);
#3948=ORIENTED_EDGE('',*,*,#2887,.T.);
#3949=ORIENTED_EDGE('',*,*,#2886,.F.);
#3950=ORIENTED_EDGE('',*,*,#2888,.T.);
#3951=ORIENTED_EDGE('',*,*,#2889,.F.);
#3952=ORIENTED_EDGE('',*,*,#2890,.T.);
#3953=ORIENTED_EDGE('',*,*,#2888,.F.);
#3954=ORIENTED_EDGE('',*,*,#2885,.F.);
#3955=ORIENTED_EDGE('',*,*,#2890,.F.);
#3956=ORIENTED_EDGE('',*,*,#2891,.F.);
#3957=ORIENTED_EDGE('',*,*,#2892,.F.);
#3958=ORIENTED_EDGE('',*,*,#2893,.F.);
#3959=ORIENTED_EDGE('',*,*,#2894,.F.);
#3960=ORIENTED_EDGE('',*,*,#2895,.F.);
#3961=ORIENTED_EDGE('',*,*,#2896,.F.);
#3962=ORIENTED_EDGE('',*,*,#2897,.F.);
#3963=ORIENTED_EDGE('',*,*,#2898,.F.);
#3964=ORIENTED_EDGE('',*,*,#2899,.F.);
#3965=ORIENTED_EDGE('',*,*,#2887,.F.);
#3966=ORIENTED_EDGE('',*,*,#2900,.T.);
#3967=ORIENTED_EDGE('',*,*,#2901,.T.);
#3968=ORIENTED_EDGE('',*,*,#2891,.T.);
#3969=ORIENTED_EDGE('',*,*,#2889,.T.);
#3970=ORIENTED_EDGE('',*,*,#2901,.F.);
#3971=ORIENTED_EDGE('',*,*,#2900,.F.);
#3972=ORIENTED_EDGE('',*,*,#2902,.F.);
#3973=ORIENTED_EDGE('',*,*,#2902,.T.);
#3974=ORIENTED_EDGE('',*,*,#2903,.T.);
#3975=ORIENTED_EDGE('',*,*,#2904,.T.);
#3976=ORIENTED_EDGE('',*,*,#2905,.T.);
#3977=ORIENTED_EDGE('',*,*,#2903,.F.);
#3978=ORIENTED_EDGE('',*,*,#2906,.T.);
#3979=ORIENTED_EDGE('',*,*,#2907,.T.);
#3980=ORIENTED_EDGE('',*,*,#2908,.T.);
#3981=ORIENTED_EDGE('',*,*,#2909,.T.);
#3982=ORIENTED_EDGE('',*,*,#2910,.T.);
#3983=ORIENTED_EDGE('',*,*,#2911,.T.);
#3984=ORIENTED_EDGE('',*,*,#2908,.F.);
#3985=ORIENTED_EDGE('',*,*,#2912,.T.);
#3986=ORIENTED_EDGE('',*,*,#2913,.T.);
#3987=ORIENTED_EDGE('',*,*,#2914,.T.);
#3988=ORIENTED_EDGE('',*,*,#2910,.F.);
#3989=ORIENTED_EDGE('',*,*,#2915,.T.);
#3990=ORIENTED_EDGE('',*,*,#2916,.T.);
#3991=ORIENTED_EDGE('',*,*,#2917,.T.);
#3992=ORIENTED_EDGE('',*,*,#2913,.F.);
#3993=ORIENTED_EDGE('',*,*,#2918,.T.);
#3994=ORIENTED_EDGE('',*,*,#2919,.T.);
#3995=ORIENTED_EDGE('',*,*,#2920,.T.);
#3996=ORIENTED_EDGE('',*,*,#2916,.F.);
#3997=ORIENTED_EDGE('',*,*,#2921,.T.);
#3998=ORIENTED_EDGE('',*,*,#2922,.T.);
#3999=ORIENTED_EDGE('',*,*,#2923,.T.);
#4000=ORIENTED_EDGE('',*,*,#2919,.F.);
#4001=ORIENTED_EDGE('',*,*,#2924,.T.);
#4002=ORIENTED_EDGE('',*,*,#2925,.T.);
#4003=ORIENTED_EDGE('',*,*,#2926,.T.);
#4004=ORIENTED_EDGE('',*,*,#2922,.F.);
#4005=ORIENTED_EDGE('',*,*,#2927,.T.);
#4006=ORIENTED_EDGE('',*,*,#2925,.F.);
#4007=ORIENTED_EDGE('',*,*,#2928,.T.);
#4008=ORIENTED_EDGE('',*,*,#2906,.F.);
#4009=ORIENTED_EDGE('',*,*,#2929,.T.);
#4010=ORIENTED_EDGE('',*,*,#2918,.F.);
#4011=ORIENTED_EDGE('',*,*,#2930,.T.);
#4012=ORIENTED_EDGE('',*,*,#2931,.F.);
#4013=ORIENTED_EDGE('',*,*,#2932,.T.);
#4014=ORIENTED_EDGE('',*,*,#2915,.F.);
#4015=ORIENTED_EDGE('',*,*,#2933,.F.);
#4016=ORIENTED_EDGE('',*,*,#2934,.F.);
#4017=ORIENTED_EDGE('',*,*,#2930,.F.);
#4018=ORIENTED_EDGE('',*,*,#2912,.F.);
#4019=ORIENTED_EDGE('',*,*,#2935,.T.);
#4020=ORIENTED_EDGE('',*,*,#2936,.F.);
#4021=ORIENTED_EDGE('',*,*,#2933,.T.);
#4022=ORIENTED_EDGE('',*,*,#2907,.F.);
#4023=ORIENTED_EDGE('',*,*,#2937,.T.);
#4024=ORIENTED_EDGE('',*,*,#2938,.F.);
#4025=ORIENTED_EDGE('',*,*,#2935,.F.);
#4026=ORIENTED_EDGE('',*,*,#2909,.F.);
#4027=ORIENTED_EDGE('',*,*,#2911,.F.);
#4028=ORIENTED_EDGE('',*,*,#2914,.F.);
#4029=ORIENTED_EDGE('',*,*,#2917,.F.);
#4030=ORIENTED_EDGE('',*,*,#2920,.F.);
#4031=ORIENTED_EDGE('',*,*,#2923,.F.);
#4032=ORIENTED_EDGE('',*,*,#2926,.F.);
#4033=ORIENTED_EDGE('',*,*,#2929,.F.);
#4034=ORIENTED_EDGE('',*,*,#2813,.T.);
#4035=ORIENTED_EDGE('',*,*,#2939,.T.);
#4036=ORIENTED_EDGE('',*,*,#2940,.T.);
#4037=ORIENTED_EDGE('',*,*,#2941,.T.);
#4038=ORIENTED_EDGE('',*,*,#2892,.T.);
#4039=ORIENTED_EDGE('',*,*,#2942,.T.);
#4040=ORIENTED_EDGE('',*,*,#2893,.T.);
#4041=ORIENTED_EDGE('',*,*,#2941,.F.);
#4042=ORIENTED_EDGE('',*,*,#2943,.T.);
#4043=ORIENTED_EDGE('',*,*,#2944,.T.);
#4044=ORIENTED_EDGE('',*,*,#2894,.T.);
#4045=ORIENTED_EDGE('',*,*,#2942,.F.);
#4046=ORIENTED_EDGE('',*,*,#2931,.T.);
#4047=ORIENTED_EDGE('',*,*,#2945,.T.);
#4048=ORIENTED_EDGE('',*,*,#2895,.T.);
#4049=ORIENTED_EDGE('',*,*,#2944,.F.);
#4050=ORIENTED_EDGE('',*,*,#2934,.T.);
#4051=ORIENTED_EDGE('',*,*,#2946,.T.);
#4052=ORIENTED_EDGE('',*,*,#2896,.T.);
#4053=ORIENTED_EDGE('',*,*,#2945,.F.);
#4054=ORIENTED_EDGE('',*,*,#2936,.T.);
#4055=ORIENTED_EDGE('',*,*,#2947,.T.);
#4056=ORIENTED_EDGE('',*,*,#2897,.T.);
#4057=ORIENTED_EDGE('',*,*,#2946,.F.);
#4058=ORIENTED_EDGE('',*,*,#2938,.T.);
#4059=ORIENTED_EDGE('',*,*,#2948,.T.);
#4060=ORIENTED_EDGE('',*,*,#2898,.T.);
#4061=ORIENTED_EDGE('',*,*,#2947,.F.);
#4062=ORIENTED_EDGE('',*,*,#2949,.T.);
#4063=ORIENTED_EDGE('',*,*,#2939,.F.);
#4064=ORIENTED_EDGE('',*,*,#2899,.T.);
#4065=ORIENTED_EDGE('',*,*,#2948,.F.);
#4066=ORIENTED_EDGE('',*,*,#2950,.T.);
#4067=ORIENTED_EDGE('',*,*,#2921,.F.);
#4068=ORIENTED_EDGE('',*,*,#2932,.F.);
#4069=ORIENTED_EDGE('',*,*,#2943,.F.);
#4070=ORIENTED_EDGE('',*,*,#2951,.T.);
#4071=ORIENTED_EDGE('',*,*,#2924,.F.);
#4072=ORIENTED_EDGE('',*,*,#2951,.F.);
#4073=ORIENTED_EDGE('',*,*,#2940,.F.);
#4074=ORIENTED_EDGE('',*,*,#2952,.F.);
#4075=ORIENTED_EDGE('',*,*,#2928,.F.);
#4076=ORIENTED_EDGE('',*,*,#2953,.T.);
#4077=ORIENTED_EDGE('',*,*,#2949,.F.);
#4078=ORIENTED_EDGE('',*,*,#2937,.F.);
#4079=ORIENTED_EDGE('',*,*,#2927,.F.);
#4080=ORIENTED_EDGE('',*,*,#2952,.T.);
#4081=ORIENTED_EDGE('',*,*,#2950,.F.);
#4082=ORIENTED_EDGE('',*,*,#2953,.F.);
#4083=ORIENTED_EDGE('',*,*,#2954,.F.);
#4084=ORIENTED_EDGE('',*,*,#2955,.T.);
#4085=ORIENTED_EDGE('',*,*,#2956,.F.);
#4086=ORIENTED_EDGE('',*,*,#2955,.F.);
#4087=ORIENTED_EDGE('',*,*,#2957,.F.);
#4088=ORIENTED_EDGE('',*,*,#2958,.F.);
#4089=ORIENTED_EDGE('',*,*,#2959,.T.);
#4090=ORIENTED_EDGE('',*,*,#2960,.F.);
#4091=ORIENTED_EDGE('',*,*,#2959,.F.);
#4092=ORIENTED_EDGE('',*,*,#2961,.T.);
#4093=ORIENTED_EDGE('',*,*,#2962,.T.);
#4094=ORIENTED_EDGE('',*,*,#2963,.T.);
#4095=ORIENTED_EDGE('',*,*,#2957,.T.);
#4096=ORIENTED_EDGE('',*,*,#2958,.T.);
#4097=ORIENTED_EDGE('',*,*,#2963,.F.);
#4098=ORIENTED_EDGE('',*,*,#2964,.T.);
#4099=ORIENTED_EDGE('',*,*,#2965,.T.);
#4100=ORIENTED_EDGE('',*,*,#2966,.T.);
#4101=ORIENTED_EDGE('',*,*,#2967,.T.);
#4102=ORIENTED_EDGE('',*,*,#2968,.T.);
#4103=ORIENTED_EDGE('',*,*,#2969,.T.);
#4104=ORIENTED_EDGE('',*,*,#2970,.T.);
#4105=ORIENTED_EDGE('',*,*,#2971,.T.);
#4106=ORIENTED_EDGE('',*,*,#2960,.T.);
#4107=ORIENTED_EDGE('',*,*,#2972,.F.);
#4108=ORIENTED_EDGE('',*,*,#2973,.T.);
#4109=ORIENTED_EDGE('',*,*,#2961,.F.);
#4110=ORIENTED_EDGE('',*,*,#2962,.F.);
#4111=ORIENTED_EDGE('',*,*,#2973,.F.);
#4112=ORIENTED_EDGE('',*,*,#2972,.T.);
#4113=ORIENTED_EDGE('',*,*,#2974,.T.);
#4114=ORIENTED_EDGE('',*,*,#2974,.F.);
#4115=ORIENTED_EDGE('',*,*,#2975,.T.);
#4116=ORIENTED_EDGE('',*,*,#2976,.F.);
#4117=ORIENTED_EDGE('',*,*,#2977,.F.);
#4118=ORIENTED_EDGE('',*,*,#2975,.F.);
#4119=ORIENTED_EDGE('',*,*,#2812,.F.);
#4120=ORIENTED_EDGE('',*,*,#2978,.T.);
#4121=ORIENTED_EDGE('',*,*,#2976,.T.);
#4122=ORIENTED_EDGE('',*,*,#2977,.T.);
#4123=ORIENTED_EDGE('',*,*,#2978,.F.);
#4124=ORIENTED_EDGE('',*,*,#2979,.F.);
#4125=ORIENTED_EDGE('',*,*,#2980,.F.);
#4126=ORIENTED_EDGE('',*,*,#2981,.F.);
#4127=ORIENTED_EDGE('',*,*,#2982,.F.);
#4128=ORIENTED_EDGE('',*,*,#2983,.F.);
#4129=ORIENTED_EDGE('',*,*,#2984,.F.);
#4130=ORIENTED_EDGE('',*,*,#2981,.T.);
#4131=ORIENTED_EDGE('',*,*,#2985,.F.);
#4132=ORIENTED_EDGE('',*,*,#2986,.F.);
#4133=ORIENTED_EDGE('',*,*,#2987,.F.);
#4134=ORIENTED_EDGE('',*,*,#2983,.T.);
#4135=ORIENTED_EDGE('',*,*,#2988,.F.);
#4136=ORIENTED_EDGE('',*,*,#2989,.F.);
#4137=ORIENTED_EDGE('',*,*,#2990,.F.);
#4138=ORIENTED_EDGE('',*,*,#2986,.T.);
#4139=ORIENTED_EDGE('',*,*,#2991,.F.);
#4140=ORIENTED_EDGE('',*,*,#2992,.F.);
#4141=ORIENTED_EDGE('',*,*,#2993,.F.);
#4142=ORIENTED_EDGE('',*,*,#2989,.T.);
#4143=ORIENTED_EDGE('',*,*,#2994,.F.);
#4144=ORIENTED_EDGE('',*,*,#2995,.F.);
#4145=ORIENTED_EDGE('',*,*,#2996,.F.);
#4146=ORIENTED_EDGE('',*,*,#2992,.T.);
#4147=ORIENTED_EDGE('',*,*,#2997,.F.);
#4148=ORIENTED_EDGE('',*,*,#2998,.F.);
#4149=ORIENTED_EDGE('',*,*,#2999,.F.);
#4150=ORIENTED_EDGE('',*,*,#2995,.T.);
#4151=ORIENTED_EDGE('',*,*,#3000,.F.);
#4152=ORIENTED_EDGE('',*,*,#2998,.T.);
#4153=ORIENTED_EDGE('',*,*,#3001,.F.);
#4154=ORIENTED_EDGE('',*,*,#2979,.T.);
#4155=ORIENTED_EDGE('',*,*,#3002,.F.);
#4156=ORIENTED_EDGE('',*,*,#2990,.T.);
#4157=ORIENTED_EDGE('',*,*,#3003,.F.);
#4158=ORIENTED_EDGE('',*,*,#3004,.T.);
#4159=ORIENTED_EDGE('',*,*,#3005,.F.);
#4160=ORIENTED_EDGE('',*,*,#2987,.T.);
#4161=ORIENTED_EDGE('',*,*,#3005,.T.);
#4162=ORIENTED_EDGE('',*,*,#3006,.T.);
#4163=ORIENTED_EDGE('',*,*,#3007,.T.);
#4164=ORIENTED_EDGE('',*,*,#2984,.T.);
#4165=ORIENTED_EDGE('',*,*,#3007,.F.);
#4166=ORIENTED_EDGE('',*,*,#3008,.T.);
#4167=ORIENTED_EDGE('',*,*,#3009,.F.);
#4168=ORIENTED_EDGE('',*,*,#2982,.T.);
#4169=ORIENTED_EDGE('',*,*,#3009,.T.);
#4170=ORIENTED_EDGE('',*,*,#3010,.T.);
#4171=ORIENTED_EDGE('',*,*,#3011,.F.);
#4172=ORIENTED_EDGE('',*,*,#2980,.T.);
#4173=ORIENTED_EDGE('',*,*,#3001,.T.);
#4174=ORIENTED_EDGE('',*,*,#3000,.T.);
#4175=ORIENTED_EDGE('',*,*,#2997,.T.);
#4176=ORIENTED_EDGE('',*,*,#2994,.T.);
#4177=ORIENTED_EDGE('',*,*,#2991,.T.);
#4178=ORIENTED_EDGE('',*,*,#2988,.T.);
#4179=ORIENTED_EDGE('',*,*,#2985,.T.);
#4180=ORIENTED_EDGE('',*,*,#2956,.T.);
#4181=ORIENTED_EDGE('',*,*,#3012,.F.);
#4182=ORIENTED_EDGE('',*,*,#2964,.F.);
#4183=ORIENTED_EDGE('',*,*,#3013,.F.);
#4184=ORIENTED_EDGE('',*,*,#3014,.F.);
#4185=ORIENTED_EDGE('',*,*,#3015,.F.);
#4186=ORIENTED_EDGE('',*,*,#3016,.F.);
#4187=ORIENTED_EDGE('',*,*,#3013,.T.);
#4188=ORIENTED_EDGE('',*,*,#2971,.F.);
#4189=ORIENTED_EDGE('',*,*,#3017,.F.);
#4190=ORIENTED_EDGE('',*,*,#3004,.F.);
#4191=ORIENTED_EDGE('',*,*,#3015,.T.);
#4192=ORIENTED_EDGE('',*,*,#2970,.F.);
#4193=ORIENTED_EDGE('',*,*,#3018,.F.);
#4194=ORIENTED_EDGE('',*,*,#3006,.F.);
#4195=ORIENTED_EDGE('',*,*,#3017,.T.);
#4196=ORIENTED_EDGE('',*,*,#2969,.F.);
#4197=ORIENTED_EDGE('',*,*,#3019,.F.);
#4198=ORIENTED_EDGE('',*,*,#3008,.F.);
#4199=ORIENTED_EDGE('',*,*,#3018,.T.);
#4200=ORIENTED_EDGE('',*,*,#2968,.F.);
#4201=ORIENTED_EDGE('',*,*,#3020,.F.);
#4202=ORIENTED_EDGE('',*,*,#3010,.F.);
#4203=ORIENTED_EDGE('',*,*,#3019,.T.);
#4204=ORIENTED_EDGE('',*,*,#2967,.F.);
#4205=ORIENTED_EDGE('',*,*,#3021,.F.);
#4206=ORIENTED_EDGE('',*,*,#3022,.F.);
#4207=ORIENTED_EDGE('',*,*,#3020,.T.);
#4208=ORIENTED_EDGE('',*,*,#2966,.F.);
#4209=ORIENTED_EDGE('',*,*,#3012,.T.);
#4210=ORIENTED_EDGE('',*,*,#3023,.F.);
#4211=ORIENTED_EDGE('',*,*,#3021,.T.);
#4212=ORIENTED_EDGE('',*,*,#2965,.F.);
#4213=ORIENTED_EDGE('',*,*,#2993,.T.);
#4214=ORIENTED_EDGE('',*,*,#3024,.F.);
#4215=ORIENTED_EDGE('',*,*,#3016,.T.);
#4216=ORIENTED_EDGE('',*,*,#3003,.T.);
#4217=ORIENTED_EDGE('',*,*,#2996,.T.);
#4218=ORIENTED_EDGE('',*,*,#3025,.T.);
#4219=ORIENTED_EDGE('',*,*,#3014,.T.);
#4220=ORIENTED_EDGE('',*,*,#3024,.T.);
#4221=ORIENTED_EDGE('',*,*,#3002,.T.);
#4222=ORIENTED_EDGE('',*,*,#3011,.T.);
#4223=ORIENTED_EDGE('',*,*,#3022,.T.);
#4224=ORIENTED_EDGE('',*,*,#3026,.F.);
#4225=ORIENTED_EDGE('',*,*,#2999,.T.);
#4226=ORIENTED_EDGE('',*,*,#3026,.T.);
#4227=ORIENTED_EDGE('',*,*,#3023,.T.);
#4228=ORIENTED_EDGE('',*,*,#3025,.F.);
#4229=ORIENTED_EDGE('',*,*,#3027,.T.);
#4230=ORIENTED_EDGE('',*,*,#3028,.T.);
#4231=ORIENTED_EDGE('',*,*,#3029,.T.);
#4232=ORIENTED_EDGE('',*,*,#3028,.F.);
#4233=ORIENTED_EDGE('',*,*,#3030,.T.);
#4234=ORIENTED_EDGE('',*,*,#3031,.F.);
#4235=ORIENTED_EDGE('',*,*,#3032,.T.);
#4236=ORIENTED_EDGE('',*,*,#3030,.F.);
#4237=ORIENTED_EDGE('',*,*,#3027,.F.);
#4238=ORIENTED_EDGE('',*,*,#3032,.F.);
#4239=ORIENTED_EDGE('',*,*,#3033,.F.);
#4240=ORIENTED_EDGE('',*,*,#3034,.F.);
#4241=ORIENTED_EDGE('',*,*,#3035,.F.);
#4242=ORIENTED_EDGE('',*,*,#3036,.F.);
#4243=ORIENTED_EDGE('',*,*,#3037,.F.);
#4244=ORIENTED_EDGE('',*,*,#3038,.F.);
#4245=ORIENTED_EDGE('',*,*,#3039,.F.);
#4246=ORIENTED_EDGE('',*,*,#3040,.F.);
#4247=ORIENTED_EDGE('',*,*,#3041,.F.);
#4248=ORIENTED_EDGE('',*,*,#3029,.F.);
#4249=ORIENTED_EDGE('',*,*,#3042,.T.);
#4250=ORIENTED_EDGE('',*,*,#3043,.T.);
#4251=ORIENTED_EDGE('',*,*,#3033,.T.);
#4252=ORIENTED_EDGE('',*,*,#3031,.T.);
#4253=ORIENTED_EDGE('',*,*,#3043,.F.);
#4254=ORIENTED_EDGE('',*,*,#3042,.F.);
#4255=ORIENTED_EDGE('',*,*,#3044,.F.);
#4256=ORIENTED_EDGE('',*,*,#3044,.T.);
#4257=ORIENTED_EDGE('',*,*,#3045,.T.);
#4258=ORIENTED_EDGE('',*,*,#3046,.T.);
#4259=ORIENTED_EDGE('',*,*,#3047,.T.);
#4260=ORIENTED_EDGE('',*,*,#3045,.F.);
#4261=ORIENTED_EDGE('',*,*,#3048,.T.);
#4262=ORIENTED_EDGE('',*,*,#3049,.T.);
#4263=ORIENTED_EDGE('',*,*,#3050,.T.);
#4264=ORIENTED_EDGE('',*,*,#3051,.T.);
#4265=ORIENTED_EDGE('',*,*,#3052,.T.);
#4266=ORIENTED_EDGE('',*,*,#3053,.T.);
#4267=ORIENTED_EDGE('',*,*,#3050,.F.);
#4268=ORIENTED_EDGE('',*,*,#3054,.T.);
#4269=ORIENTED_EDGE('',*,*,#3055,.T.);
#4270=ORIENTED_EDGE('',*,*,#3056,.T.);
#4271=ORIENTED_EDGE('',*,*,#3052,.F.);
#4272=ORIENTED_EDGE('',*,*,#3057,.T.);
#4273=ORIENTED_EDGE('',*,*,#3058,.T.);
#4274=ORIENTED_EDGE('',*,*,#3059,.T.);
#4275=ORIENTED_EDGE('',*,*,#3055,.F.);
#4276=ORIENTED_EDGE('',*,*,#3060,.T.);
#4277=ORIENTED_EDGE('',*,*,#3061,.T.);
#4278=ORIENTED_EDGE('',*,*,#3062,.T.);
#4279=ORIENTED_EDGE('',*,*,#3058,.F.);
#4280=ORIENTED_EDGE('',*,*,#3063,.T.);
#4281=ORIENTED_EDGE('',*,*,#3064,.T.);
#4282=ORIENTED_EDGE('',*,*,#3065,.T.);
#4283=ORIENTED_EDGE('',*,*,#3061,.F.);
#4284=ORIENTED_EDGE('',*,*,#3066,.T.);
#4285=ORIENTED_EDGE('',*,*,#3067,.T.);
#4286=ORIENTED_EDGE('',*,*,#3068,.T.);
#4287=ORIENTED_EDGE('',*,*,#3064,.F.);
#4288=ORIENTED_EDGE('',*,*,#3069,.T.);
#4289=ORIENTED_EDGE('',*,*,#3067,.F.);
#4290=ORIENTED_EDGE('',*,*,#3070,.T.);
#4291=ORIENTED_EDGE('',*,*,#3048,.F.);
#4292=ORIENTED_EDGE('',*,*,#3071,.T.);
#4293=ORIENTED_EDGE('',*,*,#3060,.F.);
#4294=ORIENTED_EDGE('',*,*,#3072,.T.);
#4295=ORIENTED_EDGE('',*,*,#3073,.F.);
#4296=ORIENTED_EDGE('',*,*,#3074,.T.);
#4297=ORIENTED_EDGE('',*,*,#3057,.F.);
#4298=ORIENTED_EDGE('',*,*,#3075,.F.);
#4299=ORIENTED_EDGE('',*,*,#3076,.F.);
#4300=ORIENTED_EDGE('',*,*,#3072,.F.);
#4301=ORIENTED_EDGE('',*,*,#3054,.F.);
#4302=ORIENTED_EDGE('',*,*,#3077,.T.);
#4303=ORIENTED_EDGE('',*,*,#3078,.F.);
#4304=ORIENTED_EDGE('',*,*,#3075,.T.);
#4305=ORIENTED_EDGE('',*,*,#3049,.F.);
#4306=ORIENTED_EDGE('',*,*,#3079,.T.);
#4307=ORIENTED_EDGE('',*,*,#3080,.F.);
#4308=ORIENTED_EDGE('',*,*,#3077,.F.);
#4309=ORIENTED_EDGE('',*,*,#3051,.F.);
#4310=ORIENTED_EDGE('',*,*,#3053,.F.);
#4311=ORIENTED_EDGE('',*,*,#3056,.F.);
#4312=ORIENTED_EDGE('',*,*,#3059,.F.);
#4313=ORIENTED_EDGE('',*,*,#3062,.F.);
#4314=ORIENTED_EDGE('',*,*,#3065,.F.);
#4315=ORIENTED_EDGE('',*,*,#3068,.F.);
#4316=ORIENTED_EDGE('',*,*,#3071,.F.);
#4317=ORIENTED_EDGE('',*,*,#2954,.T.);
#4318=ORIENTED_EDGE('',*,*,#3081,.T.);
#4319=ORIENTED_EDGE('',*,*,#3082,.T.);
#4320=ORIENTED_EDGE('',*,*,#3083,.T.);
#4321=ORIENTED_EDGE('',*,*,#3034,.T.);
#4322=ORIENTED_EDGE('',*,*,#3084,.T.);
#4323=ORIENTED_EDGE('',*,*,#3035,.T.);
#4324=ORIENTED_EDGE('',*,*,#3083,.F.);
#4325=ORIENTED_EDGE('',*,*,#3085,.T.);
#4326=ORIENTED_EDGE('',*,*,#3086,.T.);
#4327=ORIENTED_EDGE('',*,*,#3036,.T.);
#4328=ORIENTED_EDGE('',*,*,#3084,.F.);
#4329=ORIENTED_EDGE('',*,*,#3073,.T.);
#4330=ORIENTED_EDGE('',*,*,#3087,.T.);
#4331=ORIENTED_EDGE('',*,*,#3037,.T.);
#4332=ORIENTED_EDGE('',*,*,#3086,.F.);
#4333=ORIENTED_EDGE('',*,*,#3076,.T.);
#4334=ORIENTED_EDGE('',*,*,#3088,.T.);
#4335=ORIENTED_EDGE('',*,*,#3038,.T.);
#4336=ORIENTED_EDGE('',*,*,#3087,.F.);
#4337=ORIENTED_EDGE('',*,*,#3078,.T.);
#4338=ORIENTED_EDGE('',*,*,#3089,.T.);
#4339=ORIENTED_EDGE('',*,*,#3039,.T.);
#4340=ORIENTED_EDGE('',*,*,#3088,.F.);
#4341=ORIENTED_EDGE('',*,*,#3080,.T.);
#4342=ORIENTED_EDGE('',*,*,#3090,.T.);
#4343=ORIENTED_EDGE('',*,*,#3040,.T.);
#4344=ORIENTED_EDGE('',*,*,#3089,.F.);
#4345=ORIENTED_EDGE('',*,*,#3091,.T.);
#4346=ORIENTED_EDGE('',*,*,#3081,.F.);
#4347=ORIENTED_EDGE('',*,*,#3041,.T.);
#4348=ORIENTED_EDGE('',*,*,#3090,.F.);
#4349=ORIENTED_EDGE('',*,*,#3092,.T.);
#4350=ORIENTED_EDGE('',*,*,#3063,.F.);
#4351=ORIENTED_EDGE('',*,*,#3074,.F.);
#4352=ORIENTED_EDGE('',*,*,#3085,.F.);
#4353=ORIENTED_EDGE('',*,*,#3093,.T.);
#4354=ORIENTED_EDGE('',*,*,#3066,.F.);
#4355=ORIENTED_EDGE('',*,*,#3093,.F.);
#4356=ORIENTED_EDGE('',*,*,#3082,.F.);
#4357=ORIENTED_EDGE('',*,*,#3094,.F.);
#4358=ORIENTED_EDGE('',*,*,#3070,.F.);
#4359=ORIENTED_EDGE('',*,*,#3095,.T.);
#4360=ORIENTED_EDGE('',*,*,#3091,.F.);
#4361=ORIENTED_EDGE('',*,*,#3079,.F.);
#4362=ORIENTED_EDGE('',*,*,#3069,.F.);
#4363=ORIENTED_EDGE('',*,*,#3094,.T.);
#4364=ORIENTED_EDGE('',*,*,#3092,.F.);
#4365=ORIENTED_EDGE('',*,*,#3095,.F.);
#4366=ORIENTED_EDGE('',*,*,#3096,.F.);
#4367=ORIENTED_EDGE('',*,*,#3097,.T.);
#4368=ORIENTED_EDGE('',*,*,#3098,.F.);
#4369=ORIENTED_EDGE('',*,*,#3097,.F.);
#4370=ORIENTED_EDGE('',*,*,#3099,.F.);
#4371=ORIENTED_EDGE('',*,*,#3100,.F.);
#4372=ORIENTED_EDGE('',*,*,#3101,.T.);
#4373=ORIENTED_EDGE('',*,*,#3102,.F.);
#4374=ORIENTED_EDGE('',*,*,#3101,.F.);
#4375=ORIENTED_EDGE('',*,*,#3103,.T.);
#4376=ORIENTED_EDGE('',*,*,#3104,.T.);
#4377=ORIENTED_EDGE('',*,*,#3105,.T.);
#4378=ORIENTED_EDGE('',*,*,#3099,.T.);
#4379=ORIENTED_EDGE('',*,*,#3100,.T.);
#4380=ORIENTED_EDGE('',*,*,#3105,.F.);
#4381=ORIENTED_EDGE('',*,*,#3106,.T.);
#4382=ORIENTED_EDGE('',*,*,#3107,.T.);
#4383=ORIENTED_EDGE('',*,*,#3108,.T.);
#4384=ORIENTED_EDGE('',*,*,#3109,.T.);
#4385=ORIENTED_EDGE('',*,*,#3110,.T.);
#4386=ORIENTED_EDGE('',*,*,#3111,.T.);
#4387=ORIENTED_EDGE('',*,*,#3112,.T.);
#4388=ORIENTED_EDGE('',*,*,#3113,.T.);
#4389=ORIENTED_EDGE('',*,*,#3102,.T.);
#4390=ORIENTED_EDGE('',*,*,#3114,.F.);
#4391=ORIENTED_EDGE('',*,*,#3115,.T.);
#4392=ORIENTED_EDGE('',*,*,#3103,.F.);
#4393=ORIENTED_EDGE('',*,*,#3104,.F.);
#4394=ORIENTED_EDGE('',*,*,#3115,.F.);
#4395=ORIENTED_EDGE('',*,*,#3114,.T.);
#4396=ORIENTED_EDGE('',*,*,#3116,.T.);
#4397=ORIENTED_EDGE('',*,*,#3116,.F.);
#4398=ORIENTED_EDGE('',*,*,#3117,.T.);
#4399=ORIENTED_EDGE('',*,*,#3118,.F.);
#4400=ORIENTED_EDGE('',*,*,#3119,.F.);
#4401=ORIENTED_EDGE('',*,*,#3117,.F.);
#4402=ORIENTED_EDGE('',*,*,#3047,.F.);
#4403=ORIENTED_EDGE('',*,*,#3120,.T.);
#4404=ORIENTED_EDGE('',*,*,#3118,.T.);
#4405=ORIENTED_EDGE('',*,*,#3119,.T.);
#4406=ORIENTED_EDGE('',*,*,#3120,.F.);
#4407=ORIENTED_EDGE('',*,*,#3046,.F.);
#4408=ORIENTED_EDGE('',*,*,#3121,.F.);
#4409=ORIENTED_EDGE('',*,*,#3122,.F.);
#4410=ORIENTED_EDGE('',*,*,#3123,.F.);
#4411=ORIENTED_EDGE('',*,*,#3124,.F.);
#4412=ORIENTED_EDGE('',*,*,#3125,.F.);
#4413=ORIENTED_EDGE('',*,*,#3126,.F.);
#4414=ORIENTED_EDGE('',*,*,#3123,.T.);
#4415=ORIENTED_EDGE('',*,*,#3127,.F.);
#4416=ORIENTED_EDGE('',*,*,#3128,.F.);
#4417=ORIENTED_EDGE('',*,*,#3129,.F.);
#4418=ORIENTED_EDGE('',*,*,#3125,.T.);
#4419=ORIENTED_EDGE('',*,*,#3130,.F.);
#4420=ORIENTED_EDGE('',*,*,#3131,.F.);
#4421=ORIENTED_EDGE('',*,*,#3132,.F.);
#4422=ORIENTED_EDGE('',*,*,#3128,.T.);
#4423=ORIENTED_EDGE('',*,*,#3133,.F.);
#4424=ORIENTED_EDGE('',*,*,#3134,.F.);
#4425=ORIENTED_EDGE('',*,*,#3135,.F.);
#4426=ORIENTED_EDGE('',*,*,#3131,.T.);
#4427=ORIENTED_EDGE('',*,*,#3136,.F.);
#4428=ORIENTED_EDGE('',*,*,#3137,.F.);
#4429=ORIENTED_EDGE('',*,*,#3138,.F.);
#4430=ORIENTED_EDGE('',*,*,#3134,.T.);
#4431=ORIENTED_EDGE('',*,*,#3139,.F.);
#4432=ORIENTED_EDGE('',*,*,#3140,.F.);
#4433=ORIENTED_EDGE('',*,*,#3141,.F.);
#4434=ORIENTED_EDGE('',*,*,#3137,.T.);
#4435=ORIENTED_EDGE('',*,*,#3142,.F.);
#4436=ORIENTED_EDGE('',*,*,#3140,.T.);
#4437=ORIENTED_EDGE('',*,*,#3143,.F.);
#4438=ORIENTED_EDGE('',*,*,#3121,.T.);
#4439=ORIENTED_EDGE('',*,*,#3144,.F.);
#4440=ORIENTED_EDGE('',*,*,#3132,.T.);
#4441=ORIENTED_EDGE('',*,*,#3145,.F.);
#4442=ORIENTED_EDGE('',*,*,#3146,.T.);
#4443=ORIENTED_EDGE('',*,*,#3147,.F.);
#4444=ORIENTED_EDGE('',*,*,#3129,.T.);
#4445=ORIENTED_EDGE('',*,*,#3147,.T.);
#4446=ORIENTED_EDGE('',*,*,#3148,.T.);
#4447=ORIENTED_EDGE('',*,*,#3149,.T.);
#4448=ORIENTED_EDGE('',*,*,#3126,.T.);
#4449=ORIENTED_EDGE('',*,*,#3149,.F.);
#4450=ORIENTED_EDGE('',*,*,#3150,.T.);
#4451=ORIENTED_EDGE('',*,*,#3151,.F.);
#4452=ORIENTED_EDGE('',*,*,#3124,.T.);
#4453=ORIENTED_EDGE('',*,*,#3151,.T.);
#4454=ORIENTED_EDGE('',*,*,#3152,.T.);
#4455=ORIENTED_EDGE('',*,*,#3153,.F.);
#4456=ORIENTED_EDGE('',*,*,#3122,.T.);
#4457=ORIENTED_EDGE('',*,*,#3143,.T.);
#4458=ORIENTED_EDGE('',*,*,#3142,.T.);
#4459=ORIENTED_EDGE('',*,*,#3139,.T.);
#4460=ORIENTED_EDGE('',*,*,#3136,.T.);
#4461=ORIENTED_EDGE('',*,*,#3133,.T.);
#4462=ORIENTED_EDGE('',*,*,#3130,.T.);
#4463=ORIENTED_EDGE('',*,*,#3127,.T.);
#4464=ORIENTED_EDGE('',*,*,#3098,.T.);
#4465=ORIENTED_EDGE('',*,*,#3154,.F.);
#4466=ORIENTED_EDGE('',*,*,#3106,.F.);
#4467=ORIENTED_EDGE('',*,*,#3155,.F.);
#4468=ORIENTED_EDGE('',*,*,#3156,.F.);
#4469=ORIENTED_EDGE('',*,*,#3157,.F.);
#4470=ORIENTED_EDGE('',*,*,#3158,.F.);
#4471=ORIENTED_EDGE('',*,*,#3155,.T.);
#4472=ORIENTED_EDGE('',*,*,#3113,.F.);
#4473=ORIENTED_EDGE('',*,*,#3159,.F.);
#4474=ORIENTED_EDGE('',*,*,#3146,.F.);
#4475=ORIENTED_EDGE('',*,*,#3157,.T.);
#4476=ORIENTED_EDGE('',*,*,#3112,.F.);
#4477=ORIENTED_EDGE('',*,*,#3160,.F.);
#4478=ORIENTED_EDGE('',*,*,#3148,.F.);
#4479=ORIENTED_EDGE('',*,*,#3159,.T.);
#4480=ORIENTED_EDGE('',*,*,#3111,.F.);
#4481=ORIENTED_EDGE('',*,*,#3161,.F.);
#4482=ORIENTED_EDGE('',*,*,#3150,.F.);
#4483=ORIENTED_EDGE('',*,*,#3160,.T.);
#4484=ORIENTED_EDGE('',*,*,#3110,.F.);
#4485=ORIENTED_EDGE('',*,*,#3162,.F.);
#4486=ORIENTED_EDGE('',*,*,#3152,.F.);
#4487=ORIENTED_EDGE('',*,*,#3161,.T.);
#4488=ORIENTED_EDGE('',*,*,#3109,.F.);
#4489=ORIENTED_EDGE('',*,*,#3163,.F.);
#4490=ORIENTED_EDGE('',*,*,#3164,.F.);
#4491=ORIENTED_EDGE('',*,*,#3162,.T.);
#4492=ORIENTED_EDGE('',*,*,#3108,.F.);
#4493=ORIENTED_EDGE('',*,*,#3154,.T.);
#4494=ORIENTED_EDGE('',*,*,#3165,.F.);
#4495=ORIENTED_EDGE('',*,*,#3163,.T.);
#4496=ORIENTED_EDGE('',*,*,#3107,.F.);
#4497=ORIENTED_EDGE('',*,*,#3135,.T.);
#4498=ORIENTED_EDGE('',*,*,#3166,.F.);
#4499=ORIENTED_EDGE('',*,*,#3158,.T.);
#4500=ORIENTED_EDGE('',*,*,#3145,.T.);
#4501=ORIENTED_EDGE('',*,*,#3138,.T.);
#4502=ORIENTED_EDGE('',*,*,#3167,.T.);
#4503=ORIENTED_EDGE('',*,*,#3156,.T.);
#4504=ORIENTED_EDGE('',*,*,#3166,.T.);
#4505=ORIENTED_EDGE('',*,*,#3144,.T.);
#4506=ORIENTED_EDGE('',*,*,#3153,.T.);
#4507=ORIENTED_EDGE('',*,*,#3164,.T.);
#4508=ORIENTED_EDGE('',*,*,#3168,.F.);
#4509=ORIENTED_EDGE('',*,*,#3141,.T.);
#4510=ORIENTED_EDGE('',*,*,#3168,.T.);
#4511=ORIENTED_EDGE('',*,*,#3165,.T.);
#4512=ORIENTED_EDGE('',*,*,#3167,.F.);
#4513=ORIENTED_EDGE('',*,*,#3169,.T.);
#4514=ORIENTED_EDGE('',*,*,#3170,.T.);
#4515=ORIENTED_EDGE('',*,*,#3171,.T.);
#4516=ORIENTED_EDGE('',*,*,#3170,.F.);
#4517=ORIENTED_EDGE('',*,*,#3172,.T.);
#4518=ORIENTED_EDGE('',*,*,#3173,.F.);
#4519=ORIENTED_EDGE('',*,*,#3174,.T.);
#4520=ORIENTED_EDGE('',*,*,#3172,.F.);
#4521=ORIENTED_EDGE('',*,*,#3169,.F.);
#4522=ORIENTED_EDGE('',*,*,#3174,.F.);
#4523=ORIENTED_EDGE('',*,*,#3175,.F.);
#4524=ORIENTED_EDGE('',*,*,#3176,.F.);
#4525=ORIENTED_EDGE('',*,*,#3177,.F.);
#4526=ORIENTED_EDGE('',*,*,#3178,.F.);
#4527=ORIENTED_EDGE('',*,*,#3179,.F.);
#4528=ORIENTED_EDGE('',*,*,#3180,.F.);
#4529=ORIENTED_EDGE('',*,*,#3181,.F.);
#4530=ORIENTED_EDGE('',*,*,#3182,.F.);
#4531=ORIENTED_EDGE('',*,*,#3183,.F.);
#4532=ORIENTED_EDGE('',*,*,#3171,.F.);
#4533=ORIENTED_EDGE('',*,*,#3184,.T.);
#4534=ORIENTED_EDGE('',*,*,#3185,.T.);
#4535=ORIENTED_EDGE('',*,*,#3175,.T.);
#4536=ORIENTED_EDGE('',*,*,#3173,.T.);
#4537=ORIENTED_EDGE('',*,*,#3185,.F.);
#4538=ORIENTED_EDGE('',*,*,#3184,.F.);
#4539=ORIENTED_EDGE('',*,*,#3186,.F.);
#4540=ORIENTED_EDGE('',*,*,#3186,.T.);
#4541=ORIENTED_EDGE('',*,*,#3187,.T.);
#4542=ORIENTED_EDGE('',*,*,#3188,.T.);
#4543=ORIENTED_EDGE('',*,*,#3189,.T.);
#4544=ORIENTED_EDGE('',*,*,#3187,.F.);
#4545=ORIENTED_EDGE('',*,*,#2835,.T.);
#4546=ORIENTED_EDGE('',*,*,#2836,.T.);
#4547=ORIENTED_EDGE('',*,*,#3190,.T.);
#4548=ORIENTED_EDGE('',*,*,#3188,.F.);
#4549=ORIENTED_EDGE('',*,*,#3189,.F.);
#4550=ORIENTED_EDGE('',*,*,#3190,.F.);
#4551=ORIENTED_EDGE('',*,*,#3191,.T.);
#4552=ORIENTED_EDGE('',*,*,#3192,.T.);
#4553=ORIENTED_EDGE('',*,*,#3193,.T.);
#4554=ORIENTED_EDGE('',*,*,#3194,.T.);
#4555=ORIENTED_EDGE('',*,*,#3195,.T.);
#4556=ORIENTED_EDGE('',*,*,#3196,.T.);
#4557=ORIENTED_EDGE('',*,*,#3193,.F.);
#4558=ORIENTED_EDGE('',*,*,#3197,.T.);
#4559=ORIENTED_EDGE('',*,*,#3198,.T.);
#4560=ORIENTED_EDGE('',*,*,#3199,.T.);
#4561=ORIENTED_EDGE('',*,*,#3195,.F.);
#4562=ORIENTED_EDGE('',*,*,#3200,.T.);
#4563=ORIENTED_EDGE('',*,*,#3201,.T.);
#4564=ORIENTED_EDGE('',*,*,#3202,.T.);
#4565=ORIENTED_EDGE('',*,*,#3198,.F.);
#4566=ORIENTED_EDGE('',*,*,#3203,.T.);
#4567=ORIENTED_EDGE('',*,*,#3204,.T.);
#4568=ORIENTED_EDGE('',*,*,#3205,.T.);
#4569=ORIENTED_EDGE('',*,*,#3201,.F.);
#4570=ORIENTED_EDGE('',*,*,#3206,.T.);
#4571=ORIENTED_EDGE('',*,*,#3207,.T.);
#4572=ORIENTED_EDGE('',*,*,#3208,.T.);
#4573=ORIENTED_EDGE('',*,*,#3204,.F.);
#4574=ORIENTED_EDGE('',*,*,#3209,.T.);
#4575=ORIENTED_EDGE('',*,*,#3210,.T.);
#4576=ORIENTED_EDGE('',*,*,#3211,.T.);
#4577=ORIENTED_EDGE('',*,*,#3207,.F.);
#4578=ORIENTED_EDGE('',*,*,#3212,.T.);
#4579=ORIENTED_EDGE('',*,*,#3210,.F.);
#4580=ORIENTED_EDGE('',*,*,#3213,.T.);
#4581=ORIENTED_EDGE('',*,*,#3191,.F.);
#4582=ORIENTED_EDGE('',*,*,#3214,.T.);
#4583=ORIENTED_EDGE('',*,*,#3203,.F.);
#4584=ORIENTED_EDGE('',*,*,#3215,.T.);
#4585=ORIENTED_EDGE('',*,*,#3216,.F.);
#4586=ORIENTED_EDGE('',*,*,#3217,.T.);
#4587=ORIENTED_EDGE('',*,*,#3200,.F.);
#4588=ORIENTED_EDGE('',*,*,#3218,.F.);
#4589=ORIENTED_EDGE('',*,*,#3219,.F.);
#4590=ORIENTED_EDGE('',*,*,#3215,.F.);
#4591=ORIENTED_EDGE('',*,*,#3197,.F.);
#4592=ORIENTED_EDGE('',*,*,#3220,.T.);
#4593=ORIENTED_EDGE('',*,*,#3221,.F.);
#4594=ORIENTED_EDGE('',*,*,#3218,.T.);
#4595=ORIENTED_EDGE('',*,*,#3192,.F.);
#4596=ORIENTED_EDGE('',*,*,#3222,.T.);
#4597=ORIENTED_EDGE('',*,*,#3223,.F.);
#4598=ORIENTED_EDGE('',*,*,#3220,.F.);
#4599=ORIENTED_EDGE('',*,*,#3194,.F.);
#4600=ORIENTED_EDGE('',*,*,#3196,.F.);
#4601=ORIENTED_EDGE('',*,*,#3199,.F.);
#4602=ORIENTED_EDGE('',*,*,#3202,.F.);
#4603=ORIENTED_EDGE('',*,*,#3205,.F.);
#4604=ORIENTED_EDGE('',*,*,#3208,.F.);
#4605=ORIENTED_EDGE('',*,*,#3211,.F.);
#4606=ORIENTED_EDGE('',*,*,#3214,.F.);
#4607=ORIENTED_EDGE('',*,*,#3096,.T.);
#4608=ORIENTED_EDGE('',*,*,#3224,.T.);
#4609=ORIENTED_EDGE('',*,*,#3225,.T.);
#4610=ORIENTED_EDGE('',*,*,#3226,.T.);
#4611=ORIENTED_EDGE('',*,*,#3176,.T.);
#4612=ORIENTED_EDGE('',*,*,#3227,.T.);
#4613=ORIENTED_EDGE('',*,*,#3177,.T.);
#4614=ORIENTED_EDGE('',*,*,#3226,.F.);
#4615=ORIENTED_EDGE('',*,*,#3228,.T.);
#4616=ORIENTED_EDGE('',*,*,#3229,.T.);
#4617=ORIENTED_EDGE('',*,*,#3178,.T.);
#4618=ORIENTED_EDGE('',*,*,#3227,.F.);
#4619=ORIENTED_EDGE('',*,*,#3216,.T.);
#4620=ORIENTED_EDGE('',*,*,#3230,.T.);
#4621=ORIENTED_EDGE('',*,*,#3179,.T.);
#4622=ORIENTED_EDGE('',*,*,#3229,.F.);
#4623=ORIENTED_EDGE('',*,*,#3219,.T.);
#4624=ORIENTED_EDGE('',*,*,#3231,.T.);
#4625=ORIENTED_EDGE('',*,*,#3180,.T.);
#4626=ORIENTED_EDGE('',*,*,#3230,.F.);
#4627=ORIENTED_EDGE('',*,*,#3221,.T.);
#4628=ORIENTED_EDGE('',*,*,#3232,.T.);
#4629=ORIENTED_EDGE('',*,*,#3181,.T.);
#4630=ORIENTED_EDGE('',*,*,#3231,.F.);
#4631=ORIENTED_EDGE('',*,*,#3223,.T.);
#4632=ORIENTED_EDGE('',*,*,#3233,.T.);
#4633=ORIENTED_EDGE('',*,*,#3182,.T.);
#4634=ORIENTED_EDGE('',*,*,#3232,.F.);
#4635=ORIENTED_EDGE('',*,*,#3234,.T.);
#4636=ORIENTED_EDGE('',*,*,#3224,.F.);
#4637=ORIENTED_EDGE('',*,*,#3183,.T.);
#4638=ORIENTED_EDGE('',*,*,#3233,.F.);
#4639=ORIENTED_EDGE('',*,*,#3235,.T.);
#4640=ORIENTED_EDGE('',*,*,#3206,.F.);
#4641=ORIENTED_EDGE('',*,*,#3217,.F.);
#4642=ORIENTED_EDGE('',*,*,#3228,.F.);
#4643=ORIENTED_EDGE('',*,*,#3236,.T.);
#4644=ORIENTED_EDGE('',*,*,#3209,.F.);
#4645=ORIENTED_EDGE('',*,*,#3236,.F.);
#4646=ORIENTED_EDGE('',*,*,#3225,.F.);
#4647=ORIENTED_EDGE('',*,*,#3237,.F.);
#4648=ORIENTED_EDGE('',*,*,#3213,.F.);
#4649=ORIENTED_EDGE('',*,*,#3238,.T.);
#4650=ORIENTED_EDGE('',*,*,#3234,.F.);
#4651=ORIENTED_EDGE('',*,*,#3222,.F.);
#4652=ORIENTED_EDGE('',*,*,#3212,.F.);
#4653=ORIENTED_EDGE('',*,*,#3237,.T.);
#4654=ORIENTED_EDGE('',*,*,#3235,.F.);
#4655=ORIENTED_EDGE('',*,*,#3238,.F.);
#4656=ORIENTED_EDGE('',*,*,#3239,.F.);
#4657=ORIENTED_EDGE('',*,*,#3240,.T.);
#4658=ORIENTED_EDGE('',*,*,#3241,.F.);
#4659=ORIENTED_EDGE('',*,*,#3240,.F.);
#4660=ORIENTED_EDGE('',*,*,#3242,.F.);
#4661=ORIENTED_EDGE('',*,*,#3243,.F.);
#4662=ORIENTED_EDGE('',*,*,#3244,.T.);
#4663=ORIENTED_EDGE('',*,*,#3245,.F.);
#4664=ORIENTED_EDGE('',*,*,#3244,.F.);
#4665=ORIENTED_EDGE('',*,*,#3246,.T.);
#4666=ORIENTED_EDGE('',*,*,#3247,.T.);
#4667=ORIENTED_EDGE('',*,*,#3248,.T.);
#4668=ORIENTED_EDGE('',*,*,#3242,.T.);
#4669=ORIENTED_EDGE('',*,*,#3243,.T.);
#4670=ORIENTED_EDGE('',*,*,#3248,.F.);
#4671=ORIENTED_EDGE('',*,*,#3249,.T.);
#4672=ORIENTED_EDGE('',*,*,#3250,.T.);
#4673=ORIENTED_EDGE('',*,*,#3251,.T.);
#4674=ORIENTED_EDGE('',*,*,#3252,.T.);
#4675=ORIENTED_EDGE('',*,*,#3253,.T.);
#4676=ORIENTED_EDGE('',*,*,#3254,.T.);
#4677=ORIENTED_EDGE('',*,*,#3255,.T.);
#4678=ORIENTED_EDGE('',*,*,#3256,.T.);
#4679=ORIENTED_EDGE('',*,*,#3245,.T.);
#4680=ORIENTED_EDGE('',*,*,#3257,.F.);
#4681=ORIENTED_EDGE('',*,*,#3258,.T.);
#4682=ORIENTED_EDGE('',*,*,#3246,.F.);
#4683=ORIENTED_EDGE('',*,*,#3247,.F.);
#4684=ORIENTED_EDGE('',*,*,#3258,.F.);
#4685=ORIENTED_EDGE('',*,*,#3257,.T.);
#4686=ORIENTED_EDGE('',*,*,#3259,.T.);
#4687=ORIENTED_EDGE('',*,*,#3259,.F.);
#4688=ORIENTED_EDGE('',*,*,#3260,.T.);
#4689=ORIENTED_EDGE('',*,*,#3261,.F.);
#4690=ORIENTED_EDGE('',*,*,#3262,.F.);
#4691=ORIENTED_EDGE('',*,*,#3260,.F.);
#4692=ORIENTED_EDGE('',*,*,#2905,.F.);
#4693=ORIENTED_EDGE('',*,*,#3263,.T.);
#4694=ORIENTED_EDGE('',*,*,#3261,.T.);
#4695=ORIENTED_EDGE('',*,*,#3262,.T.);
#4696=ORIENTED_EDGE('',*,*,#3263,.F.);
#4697=ORIENTED_EDGE('',*,*,#2904,.F.);
#4698=ORIENTED_EDGE('',*,*,#3264,.F.);
#4699=ORIENTED_EDGE('',*,*,#3265,.F.);
#4700=ORIENTED_EDGE('',*,*,#3266,.F.);
#4701=ORIENTED_EDGE('',*,*,#3267,.F.);
#4702=ORIENTED_EDGE('',*,*,#3268,.F.);
#4703=ORIENTED_EDGE('',*,*,#3269,.F.);
#4704=ORIENTED_EDGE('',*,*,#3266,.T.);
#4705=ORIENTED_EDGE('',*,*,#3270,.F.);
#4706=ORIENTED_EDGE('',*,*,#3271,.F.);
#4707=ORIENTED_EDGE('',*,*,#3272,.F.);
#4708=ORIENTED_EDGE('',*,*,#3268,.T.);
#4709=ORIENTED_EDGE('',*,*,#3273,.F.);
#4710=ORIENTED_EDGE('',*,*,#3274,.F.);
#4711=ORIENTED_EDGE('',*,*,#3275,.F.);
#4712=ORIENTED_EDGE('',*,*,#3271,.T.);
#4713=ORIENTED_EDGE('',*,*,#3276,.F.);
#4714=ORIENTED_EDGE('',*,*,#3277,.F.);
#4715=ORIENTED_EDGE('',*,*,#3278,.F.);
#4716=ORIENTED_EDGE('',*,*,#3274,.T.);
#4717=ORIENTED_EDGE('',*,*,#3279,.F.);
#4718=ORIENTED_EDGE('',*,*,#3280,.F.);
#4719=ORIENTED_EDGE('',*,*,#3281,.F.);
#4720=ORIENTED_EDGE('',*,*,#3277,.T.);
#4721=ORIENTED_EDGE('',*,*,#3282,.F.);
#4722=ORIENTED_EDGE('',*,*,#3283,.F.);
#4723=ORIENTED_EDGE('',*,*,#3284,.F.);
#4724=ORIENTED_EDGE('',*,*,#3280,.T.);
#4725=ORIENTED_EDGE('',*,*,#3285,.F.);
#4726=ORIENTED_EDGE('',*,*,#3283,.T.);
#4727=ORIENTED_EDGE('',*,*,#3286,.F.);
#4728=ORIENTED_EDGE('',*,*,#3264,.T.);
#4729=ORIENTED_EDGE('',*,*,#3287,.F.);
#4730=ORIENTED_EDGE('',*,*,#3275,.T.);
#4731=ORIENTED_EDGE('',*,*,#3288,.F.);
#4732=ORIENTED_EDGE('',*,*,#3289,.T.);
#4733=ORIENTED_EDGE('',*,*,#3290,.F.);
#4734=ORIENTED_EDGE('',*,*,#3272,.T.);
#4735=ORIENTED_EDGE('',*,*,#3290,.T.);
#4736=ORIENTED_EDGE('',*,*,#3291,.T.);
#4737=ORIENTED_EDGE('',*,*,#3292,.T.);
#4738=ORIENTED_EDGE('',*,*,#3269,.T.);
#4739=ORIENTED_EDGE('',*,*,#3292,.F.);
#4740=ORIENTED_EDGE('',*,*,#3293,.T.);
#4741=ORIENTED_EDGE('',*,*,#3294,.F.);
#4742=ORIENTED_EDGE('',*,*,#3267,.T.);
#4743=ORIENTED_EDGE('',*,*,#3294,.T.);
#4744=ORIENTED_EDGE('',*,*,#3295,.T.);
#4745=ORIENTED_EDGE('',*,*,#3296,.F.);
#4746=ORIENTED_EDGE('',*,*,#3265,.T.);
#4747=ORIENTED_EDGE('',*,*,#3286,.T.);
#4748=ORIENTED_EDGE('',*,*,#3285,.T.);
#4749=ORIENTED_EDGE('',*,*,#3282,.T.);
#4750=ORIENTED_EDGE('',*,*,#3279,.T.);
#4751=ORIENTED_EDGE('',*,*,#3276,.T.);
#4752=ORIENTED_EDGE('',*,*,#3273,.T.);
#4753=ORIENTED_EDGE('',*,*,#3270,.T.);
#4754=ORIENTED_EDGE('',*,*,#3241,.T.);
#4755=ORIENTED_EDGE('',*,*,#3297,.F.);
#4756=ORIENTED_EDGE('',*,*,#3249,.F.);
#4757=ORIENTED_EDGE('',*,*,#3298,.F.);
#4758=ORIENTED_EDGE('',*,*,#3299,.F.);
#4759=ORIENTED_EDGE('',*,*,#3300,.F.);
#4760=ORIENTED_EDGE('',*,*,#3301,.F.);
#4761=ORIENTED_EDGE('',*,*,#3298,.T.);
#4762=ORIENTED_EDGE('',*,*,#3256,.F.);
#4763=ORIENTED_EDGE('',*,*,#3302,.F.);
#4764=ORIENTED_EDGE('',*,*,#3289,.F.);
#4765=ORIENTED_EDGE('',*,*,#3300,.T.);
#4766=ORIENTED_EDGE('',*,*,#3255,.F.);
#4767=ORIENTED_EDGE('',*,*,#3303,.F.);
#4768=ORIENTED_EDGE('',*,*,#3291,.F.);
#4769=ORIENTED_EDGE('',*,*,#3302,.T.);
#4770=ORIENTED_EDGE('',*,*,#3254,.F.);
#4771=ORIENTED_EDGE('',*,*,#3304,.F.);
#4772=ORIENTED_EDGE('',*,*,#3293,.F.);
#4773=ORIENTED_EDGE('',*,*,#3303,.T.);
#4774=ORIENTED_EDGE('',*,*,#3253,.F.);
#4775=ORIENTED_EDGE('',*,*,#3305,.F.);
#4776=ORIENTED_EDGE('',*,*,#3295,.F.);
#4777=ORIENTED_EDGE('',*,*,#3304,.T.);
#4778=ORIENTED_EDGE('',*,*,#3252,.F.);
#4779=ORIENTED_EDGE('',*,*,#3306,.F.);
#4780=ORIENTED_EDGE('',*,*,#3307,.F.);
#4781=ORIENTED_EDGE('',*,*,#3305,.T.);
#4782=ORIENTED_EDGE('',*,*,#3251,.F.);
#4783=ORIENTED_EDGE('',*,*,#3297,.T.);
#4784=ORIENTED_EDGE('',*,*,#3308,.F.);
#4785=ORIENTED_EDGE('',*,*,#3306,.T.);
#4786=ORIENTED_EDGE('',*,*,#3250,.F.);
#4787=ORIENTED_EDGE('',*,*,#3278,.T.);
#4788=ORIENTED_EDGE('',*,*,#3309,.F.);
#4789=ORIENTED_EDGE('',*,*,#3301,.T.);
#4790=ORIENTED_EDGE('',*,*,#3288,.T.);
#4791=ORIENTED_EDGE('',*,*,#3281,.T.);
#4792=ORIENTED_EDGE('',*,*,#3310,.T.);
#4793=ORIENTED_EDGE('',*,*,#3299,.T.);
#4794=ORIENTED_EDGE('',*,*,#3309,.T.);
#4795=ORIENTED_EDGE('',*,*,#3287,.T.);
#4796=ORIENTED_EDGE('',*,*,#3296,.T.);
#4797=ORIENTED_EDGE('',*,*,#3307,.T.);
#4798=ORIENTED_EDGE('',*,*,#3311,.F.);
#4799=ORIENTED_EDGE('',*,*,#3284,.T.);
#4800=ORIENTED_EDGE('',*,*,#3311,.T.);
#4801=ORIENTED_EDGE('',*,*,#3308,.T.);
#4802=ORIENTED_EDGE('',*,*,#3310,.F.);
#4803=ORIENTED_EDGE('',*,*,#3312,.T.);
#4804=ORIENTED_EDGE('',*,*,#3313,.T.);
#4805=ORIENTED_EDGE('',*,*,#3314,.T.);
#4806=ORIENTED_EDGE('',*,*,#3313,.F.);
#4807=ORIENTED_EDGE('',*,*,#3315,.T.);
#4808=ORIENTED_EDGE('',*,*,#3316,.F.);
#4809=ORIENTED_EDGE('',*,*,#3317,.T.);
#4810=ORIENTED_EDGE('',*,*,#3315,.F.);
#4811=ORIENTED_EDGE('',*,*,#3312,.F.);
#4812=ORIENTED_EDGE('',*,*,#3317,.F.);
#4813=ORIENTED_EDGE('',*,*,#3318,.F.);
#4814=ORIENTED_EDGE('',*,*,#3319,.F.);
#4815=ORIENTED_EDGE('',*,*,#3320,.F.);
#4816=ORIENTED_EDGE('',*,*,#3321,.F.);
#4817=ORIENTED_EDGE('',*,*,#3322,.F.);
#4818=ORIENTED_EDGE('',*,*,#3323,.F.);
#4819=ORIENTED_EDGE('',*,*,#3324,.F.);
#4820=ORIENTED_EDGE('',*,*,#3325,.F.);
#4821=ORIENTED_EDGE('',*,*,#3326,.F.);
#4822=ORIENTED_EDGE('',*,*,#3314,.F.);
#4823=ORIENTED_EDGE('',*,*,#3327,.T.);
#4824=ORIENTED_EDGE('',*,*,#3328,.T.);
#4825=ORIENTED_EDGE('',*,*,#3318,.T.);
#4826=ORIENTED_EDGE('',*,*,#3316,.T.);
#4827=ORIENTED_EDGE('',*,*,#3328,.F.);
#4828=ORIENTED_EDGE('',*,*,#3327,.F.);
#4829=ORIENTED_EDGE('',*,*,#3329,.F.);
#4830=ORIENTED_EDGE('',*,*,#3329,.T.);
#4831=ORIENTED_EDGE('',*,*,#3330,.T.);
#4832=ORIENTED_EDGE('',*,*,#3331,.T.);
#4833=ORIENTED_EDGE('',*,*,#3332,.T.);
#4834=ORIENTED_EDGE('',*,*,#3330,.F.);
#4835=ORIENTED_EDGE('',*,*,#3333,.F.);
#4836=ORIENTED_EDGE('',*,*,#3334,.T.);
#4837=ORIENTED_EDGE('',*,*,#3331,.F.);
#4838=ORIENTED_EDGE('',*,*,#3332,.F.);
#4839=ORIENTED_EDGE('',*,*,#3334,.F.);
#4840=ORIENTED_EDGE('',*,*,#3335,.T.);
#4841=ORIENTED_EDGE('',*,*,#3336,.T.);
#4842=ORIENTED_EDGE('',*,*,#3337,.T.);
#4843=ORIENTED_EDGE('',*,*,#3338,.T.);
#4844=ORIENTED_EDGE('',*,*,#3339,.T.);
#4845=ORIENTED_EDGE('',*,*,#3340,.T.);
#4846=ORIENTED_EDGE('',*,*,#3337,.F.);
#4847=ORIENTED_EDGE('',*,*,#3341,.T.);
#4848=ORIENTED_EDGE('',*,*,#3342,.T.);
#4849=ORIENTED_EDGE('',*,*,#3343,.T.);
#4850=ORIENTED_EDGE('',*,*,#3339,.F.);
#4851=ORIENTED_EDGE('',*,*,#3344,.T.);
#4852=ORIENTED_EDGE('',*,*,#3345,.T.);
#4853=ORIENTED_EDGE('',*,*,#3346,.T.);
#4854=ORIENTED_EDGE('',*,*,#3342,.F.);
#4855=ORIENTED_EDGE('',*,*,#3347,.T.);
#4856=ORIENTED_EDGE('',*,*,#3348,.T.);
#4857=ORIENTED_EDGE('',*,*,#3349,.T.);
#4858=ORIENTED_EDGE('',*,*,#3345,.F.);
#4859=ORIENTED_EDGE('',*,*,#3350,.T.);
#4860=ORIENTED_EDGE('',*,*,#3351,.T.);
#4861=ORIENTED_EDGE('',*,*,#3352,.T.);
#4862=ORIENTED_EDGE('',*,*,#3348,.F.);
#4863=ORIENTED_EDGE('',*,*,#3353,.T.);
#4864=ORIENTED_EDGE('',*,*,#3354,.T.);
#4865=ORIENTED_EDGE('',*,*,#3355,.T.);
#4866=ORIENTED_EDGE('',*,*,#3351,.F.);
#4867=ORIENTED_EDGE('',*,*,#3356,.T.);
#4868=ORIENTED_EDGE('',*,*,#3354,.F.);
#4869=ORIENTED_EDGE('',*,*,#3357,.T.);
#4870=ORIENTED_EDGE('',*,*,#3335,.F.);
#4871=ORIENTED_EDGE('',*,*,#3358,.T.);
#4872=ORIENTED_EDGE('',*,*,#3347,.F.);
#4873=ORIENTED_EDGE('',*,*,#3359,.T.);
#4874=ORIENTED_EDGE('',*,*,#3360,.F.);
#4875=ORIENTED_EDGE('',*,*,#3361,.T.);
#4876=ORIENTED_EDGE('',*,*,#3344,.F.);
#4877=ORIENTED_EDGE('',*,*,#3362,.F.);
#4878=ORIENTED_EDGE('',*,*,#3363,.F.);
#4879=ORIENTED_EDGE('',*,*,#3359,.F.);
#4880=ORIENTED_EDGE('',*,*,#3341,.F.);
#4881=ORIENTED_EDGE('',*,*,#3364,.T.);
#4882=ORIENTED_EDGE('',*,*,#3365,.F.);
#4883=ORIENTED_EDGE('',*,*,#3362,.T.);
#4884=ORIENTED_EDGE('',*,*,#3336,.F.);
#4885=ORIENTED_EDGE('',*,*,#3366,.T.);
#4886=ORIENTED_EDGE('',*,*,#3367,.F.);
#4887=ORIENTED_EDGE('',*,*,#3364,.F.);
#4888=ORIENTED_EDGE('',*,*,#3338,.F.);
#4889=ORIENTED_EDGE('',*,*,#3340,.F.);
#4890=ORIENTED_EDGE('',*,*,#3343,.F.);
#4891=ORIENTED_EDGE('',*,*,#3346,.F.);
#4892=ORIENTED_EDGE('',*,*,#3349,.F.);
#4893=ORIENTED_EDGE('',*,*,#3352,.F.);
#4894=ORIENTED_EDGE('',*,*,#3355,.F.);
#4895=ORIENTED_EDGE('',*,*,#3358,.F.);
#4896=ORIENTED_EDGE('',*,*,#3239,.T.);
#4897=ORIENTED_EDGE('',*,*,#3368,.T.);
#4898=ORIENTED_EDGE('',*,*,#3369,.T.);
#4899=ORIENTED_EDGE('',*,*,#3370,.T.);
#4900=ORIENTED_EDGE('',*,*,#3319,.T.);
#4901=ORIENTED_EDGE('',*,*,#3371,.T.);
#4902=ORIENTED_EDGE('',*,*,#3320,.T.);
#4903=ORIENTED_EDGE('',*,*,#3370,.F.);
#4904=ORIENTED_EDGE('',*,*,#3372,.T.);
#4905=ORIENTED_EDGE('',*,*,#3373,.T.);
#4906=ORIENTED_EDGE('',*,*,#3321,.T.);
#4907=ORIENTED_EDGE('',*,*,#3371,.F.);
#4908=ORIENTED_EDGE('',*,*,#3360,.T.);
#4909=ORIENTED_EDGE('',*,*,#3374,.T.);
#4910=ORIENTED_EDGE('',*,*,#3322,.T.);
#4911=ORIENTED_EDGE('',*,*,#3373,.F.);
#4912=ORIENTED_EDGE('',*,*,#3363,.T.);
#4913=ORIENTED_EDGE('',*,*,#3375,.T.);
#4914=ORIENTED_EDGE('',*,*,#3323,.T.);
#4915=ORIENTED_EDGE('',*,*,#3374,.F.);
#4916=ORIENTED_EDGE('',*,*,#3365,.T.);
#4917=ORIENTED_EDGE('',*,*,#3376,.T.);
#4918=ORIENTED_EDGE('',*,*,#3324,.T.);
#4919=ORIENTED_EDGE('',*,*,#3375,.F.);
#4920=ORIENTED_EDGE('',*,*,#3367,.T.);
#4921=ORIENTED_EDGE('',*,*,#3377,.T.);
#4922=ORIENTED_EDGE('',*,*,#3325,.T.);
#4923=ORIENTED_EDGE('',*,*,#3376,.F.);
#4924=ORIENTED_EDGE('',*,*,#3378,.T.);
#4925=ORIENTED_EDGE('',*,*,#3368,.F.);
#4926=ORIENTED_EDGE('',*,*,#3326,.T.);
#4927=ORIENTED_EDGE('',*,*,#3377,.F.);
#4928=ORIENTED_EDGE('',*,*,#3379,.T.);
#4929=ORIENTED_EDGE('',*,*,#3350,.F.);
#4930=ORIENTED_EDGE('',*,*,#3361,.F.);
#4931=ORIENTED_EDGE('',*,*,#3372,.F.);
#4932=ORIENTED_EDGE('',*,*,#3380,.T.);
#4933=ORIENTED_EDGE('',*,*,#3353,.F.);
#4934=ORIENTED_EDGE('',*,*,#3380,.F.);
#4935=ORIENTED_EDGE('',*,*,#3369,.F.);
#4936=ORIENTED_EDGE('',*,*,#3381,.F.);
#4937=ORIENTED_EDGE('',*,*,#3333,.T.);
#4938=ORIENTED_EDGE('',*,*,#3357,.F.);
#4939=ORIENTED_EDGE('',*,*,#3382,.T.);
#4940=ORIENTED_EDGE('',*,*,#3378,.F.);
#4941=ORIENTED_EDGE('',*,*,#3366,.F.);
#4942=ORIENTED_EDGE('',*,*,#3356,.F.);
#4943=ORIENTED_EDGE('',*,*,#3381,.T.);
#4944=ORIENTED_EDGE('',*,*,#3379,.F.);
#4945=ORIENTED_EDGE('',*,*,#3382,.F.);
#4946=ORIENTED_EDGE('',*,*,#3383,.F.);
#4947=ORIENTED_EDGE('',*,*,#3384,.F.);
#4948=ORIENTED_EDGE('',*,*,#3385,.F.);
#4949=ORIENTED_EDGE('',*,*,#3386,.F.);
#4950=ORIENTED_EDGE('',*,*,#3387,.F.);
#4951=ORIENTED_EDGE('',*,*,#3388,.F.);
#4952=ORIENTED_EDGE('',*,*,#3389,.F.);
#4953=ORIENTED_EDGE('',*,*,#3390,.T.);
#4954=ORIENTED_EDGE('',*,*,#3391,.F.);
#4955=ORIENTED_EDGE('',*,*,#3390,.F.);
#4956=ORIENTED_EDGE('',*,*,#3392,.F.);
#4957=ORIENTED_EDGE('',*,*,#3393,.T.);
#4958=ORIENTED_EDGE('',*,*,#3394,.F.);
#4959=ORIENTED_EDGE('',*,*,#3393,.F.);
#4960=ORIENTED_EDGE('',*,*,#3386,.T.);
#4961=ORIENTED_EDGE('',*,*,#3395,.F.);
#4962=ORIENTED_EDGE('',*,*,#3396,.F.);
#4963=ORIENTED_EDGE('',*,*,#3397,.F.);
#4964=ORIENTED_EDGE('',*,*,#3398,.T.);
#4965=ORIENTED_EDGE('',*,*,#3395,.T.);
#4966=ORIENTED_EDGE('',*,*,#3385,.T.);
#4967=ORIENTED_EDGE('',*,*,#3399,.T.);
#4968=ORIENTED_EDGE('',*,*,#3383,.T.);
#4969=ORIENTED_EDGE('',*,*,#3396,.T.);
#4970=ORIENTED_EDGE('',*,*,#3398,.F.);
#4971=ORIENTED_EDGE('',*,*,#3389,.T.);
#4972=ORIENTED_EDGE('',*,*,#3394,.T.);
#4973=ORIENTED_EDGE('',*,*,#3387,.T.);
#4974=ORIENTED_EDGE('',*,*,#3400,.T.);
#4975=ORIENTED_EDGE('',*,*,#3401,.T.);
#4976=ORIENTED_EDGE('',*,*,#3400,.F.);
#4977=ORIENTED_EDGE('',*,*,#3388,.T.);
#4978=ORIENTED_EDGE('',*,*,#3392,.T.);
#4979=ORIENTED_EDGE('',*,*,#3391,.T.);
#4980=ORIENTED_EDGE('',*,*,#3401,.F.);
#4981=ORIENTED_EDGE('',*,*,#3402,.T.);
#4982=ORIENTED_EDGE('',*,*,#3403,.T.);
#4983=ORIENTED_EDGE('',*,*,#3404,.T.);
#4984=ORIENTED_EDGE('',*,*,#3403,.F.);
#4985=ORIENTED_EDGE('',*,*,#3404,.F.);
#4986=ORIENTED_EDGE('',*,*,#3405,.T.);
#4987=ORIENTED_EDGE('',*,*,#3406,.T.);
#4988=ORIENTED_EDGE('',*,*,#3405,.F.);
#4989=ORIENTED_EDGE('',*,*,#3402,.F.);
#4990=ORIENTED_EDGE('',*,*,#3407,.F.);
#4991=ORIENTED_EDGE('',*,*,#3408,.T.);
#4992=ORIENTED_EDGE('',*,*,#3409,.T.);
#4993=ORIENTED_EDGE('',*,*,#3408,.F.);
#4994=ORIENTED_EDGE('',*,*,#3407,.T.);
#4995=ORIENTED_EDGE('',*,*,#3410,.F.);
#4996=ORIENTED_EDGE('',*,*,#3411,.F.);
#4997=ORIENTED_EDGE('',*,*,#3412,.T.);
#4998=ORIENTED_EDGE('',*,*,#3410,.T.);
#4999=ORIENTED_EDGE('',*,*,#3412,.F.);
#5000=ORIENTED_EDGE('',*,*,#3413,.F.);
#5001=ORIENTED_EDGE('',*,*,#3411,.T.);
#5002=ORIENTED_EDGE('',*,*,#3414,.F.);
#5003=ORIENTED_EDGE('',*,*,#3415,.T.);
#5004=ORIENTED_EDGE('',*,*,#3413,.T.);
#5005=ORIENTED_EDGE('',*,*,#3415,.F.);
#5006=ORIENTED_EDGE('',*,*,#3414,.T.);
#5007=ORIENTED_EDGE('',*,*,#3416,.F.);
#5008=ORIENTED_EDGE('',*,*,#3417,.F.);
#5009=ORIENTED_EDGE('',*,*,#3418,.T.);
#5010=ORIENTED_EDGE('',*,*,#3416,.T.);
#5011=ORIENTED_EDGE('',*,*,#3418,.F.);
#5012=ORIENTED_EDGE('',*,*,#3406,.F.);
#5013=ORIENTED_EDGE('',*,*,#3417,.T.);
#5014=ORIENTED_EDGE('',*,*,#3384,.T.);
#5015=ORIENTED_EDGE('',*,*,#3399,.F.);
#5016=ORIENTED_EDGE('',*,*,#3397,.T.);
#5017=ORIENTED_EDGE('',*,*,#3419,.F.);
#5018=ORIENTED_EDGE('',*,*,#3420,.F.);
#5019=ORIENTED_EDGE('',*,*,#3421,.T.);
#5020=ORIENTED_EDGE('',*,*,#3419,.T.);
#5021=ORIENTED_EDGE('',*,*,#3421,.F.);
#5022=ORIENTED_EDGE('',*,*,#3409,.F.);
#5023=ORIENTED_EDGE('',*,*,#3420,.T.);
#5024=TOROIDAL_SURFACE('',#5587,6.25000000000001,1.5);
#5025=TOROIDAL_SURFACE('',#5598,6.25,1.5);
#5026=TOROIDAL_SURFACE('',#5624,27.5,2.5);
#5027=TOROIDAL_SURFACE('',#5630,3.25,1.5);
#5028=TOROIDAL_SURFACE('',#5635,3.25000000000001,1.5);
#5029=TOROIDAL_SURFACE('',#5647,6.25,1.5);
#5030=TOROIDAL_SURFACE('',#5653,6.25000000000001,1.5);
#5031=TOROIDAL_SURFACE('',#5661,27.5,2.5);
#5032=TOROIDAL_SURFACE('',#5677,3.25000000000001,1.5);
#5033=TOROIDAL_SURFACE('',#5682,3.25,1.5);
#5034=TOROIDAL_SURFACE('',#5688,6.,2.5);
#5035=TOROIDAL_SURFACE('',#5693,27.5,2.5);
#5036=TOROIDAL_SURFACE('',#5696,10.,2.5);
#5037=TOROIDAL_SURFACE('',#5701,10.,2.5);
#5038=TOROIDAL_SURFACE('',#5706,10.,2.5);
#5039=TOROIDAL_SURFACE('',#5711,10.,2.5);
#5040=TOROIDAL_SURFACE('',#5723,10.,2.5);
#5041=TOROIDAL_SURFACE('',#5727,6.,2.5);
#5042=TOROIDAL_SURFACE('',#5731,27.5,2.5);
#5043=TOROIDAL_SURFACE('',#5734,10.,2.5);
#5044=TOROIDAL_SURFACE('',#5739,10.,2.5);
#5045=TOROIDAL_SURFACE('',#5744,10.,2.5);
#5046=TOROIDAL_SURFACE('',#5765,3.5,1.5);
#5047=TOROIDAL_SURFACE('',#5774,3.5,1.5);
#5048=TOROIDAL_SURFACE('',#5788,26.5,1.5);
#5049=TOROIDAL_SURFACE('',#5803,23.5,1.5);
#5050=TOROIDAL_SURFACE('',#5808,21.5,1.5);
#5051=TOROIDAL_SURFACE('',#5812,32.5,2.5);
#5052=TOROIDAL_SURFACE('',#5817,22.5,2.5);
#5053=TOROIDAL_SURFACE('',#5821,52.5,2.5);
#5054=TOROIDAL_SURFACE('',#5825,22.5,2.5);
#5055=TOROIDAL_SURFACE('',#5829,32.5,2.5);
#5056=TOROIDAL_SURFACE('',#5835,32.5,2.5);
#5057=TOROIDAL_SURFACE('',#5852,32.5,2.5);
#5058=TOROIDAL_SURFACE('',#5855,22.5,2.5);
#5059=TOROIDAL_SURFACE('',#5857,52.5,2.5);
#5060=TOROIDAL_SURFACE('',#5859,22.5,2.5);
#5061=TOROIDAL_SURFACE('',#5861,32.5,2.5);
#5062=TOROIDAL_SURFACE('',#5865,32.5,2.5);
#5063=TOROIDAL_SURFACE('',#5871,26.5,1.5);
#5064=TOROIDAL_SURFACE('',#5886,23.5,1.5);
#5065=TOROIDAL_SURFACE('',#5891,21.5,1.5);
#5066=TOROIDAL_SURFACE('',#5895,32.5,2.5);
#5067=TOROIDAL_SURFACE('',#5900,22.5,2.5);
#5068=TOROIDAL_SURFACE('',#5904,52.5,2.5);
#5069=TOROIDAL_SURFACE('',#5908,22.5,2.5);
#5070=TOROIDAL_SURFACE('',#5912,32.5,2.5);
#5071=TOROIDAL_SURFACE('',#5918,32.5,2.5);
#5072=TOROIDAL_SURFACE('',#5935,32.5,2.5);
#5073=TOROIDAL_SURFACE('',#5938,22.5,2.5);
#5074=TOROIDAL_SURFACE('',#5940,52.5,2.5);
#5075=TOROIDAL_SURFACE('',#5942,22.5,2.5);
#5076=TOROIDAL_SURFACE('',#5944,32.5,2.5);
#5077=TOROIDAL_SURFACE('',#5948,32.5,2.5);
#5078=TOROIDAL_SURFACE('',#5957,26.5,1.5);
#5079=TOROIDAL_SURFACE('',#5972,23.5,1.5);
#5080=TOROIDAL_SURFACE('',#5977,21.5,1.5);
#5081=TOROIDAL_SURFACE('',#5982,32.5,2.5);
#5082=TOROIDAL_SURFACE('',#5987,22.5,2.5);
#5083=TOROIDAL_SURFACE('',#5991,52.5,2.5);
#5084=TOROIDAL_SURFACE('',#5995,22.5,2.5);
#5085=TOROIDAL_SURFACE('',#5999,32.5,2.5);
#5086=TOROIDAL_SURFACE('',#6005,32.5,2.5);
#5087=TOROIDAL_SURFACE('',#6022,32.5,2.5);
#5088=TOROIDAL_SURFACE('',#6025,22.5,2.5);
#5089=TOROIDAL_SURFACE('',#6027,52.5,2.5);
#5090=TOROIDAL_SURFACE('',#6029,22.5,2.5);
#5091=TOROIDAL_SURFACE('',#6031,32.5,2.5);
#5092=TOROIDAL_SURFACE('',#6035,32.5,2.5);
#5093=TOROIDAL_SURFACE('',#6041,26.5,1.5);
#5094=TOROIDAL_SURFACE('',#6056,23.5,1.5);
#5095=TOROIDAL_SURFACE('',#6061,21.5,1.5);
#5096=TOROIDAL_SURFACE('',#6065,32.5,2.5);
#5097=TOROIDAL_SURFACE('',#6070,22.5,2.5);
#5098=TOROIDAL_SURFACE('',#6074,52.5,2.5);
#5099=TOROIDAL_SURFACE('',#6078,22.5,2.5);
#5100=TOROIDAL_SURFACE('',#6082,32.5,2.5);
#5101=TOROIDAL_SURFACE('',#6088,32.5,2.5);
#5102=TOROIDAL_SURFACE('',#6105,32.5,2.5);
#5103=TOROIDAL_SURFACE('',#6108,22.5,2.5);
#5104=TOROIDAL_SURFACE('',#6110,52.5,2.5);
#5105=TOROIDAL_SURFACE('',#6112,22.5,2.5);
#5106=TOROIDAL_SURFACE('',#6114,32.5,2.5);
#5107=TOROIDAL_SURFACE('',#6118,32.5,2.5);
#5108=TOROIDAL_SURFACE('',#6127,26.5,1.5);
#5109=TOROIDAL_SURFACE('',#6142,23.5,1.5);
#5110=TOROIDAL_SURFACE('',#6147,21.5,1.5);
#5111=TOROIDAL_SURFACE('',#6152,32.5,2.5);
#5112=TOROIDAL_SURFACE('',#6157,22.5,2.5);
#5113=TOROIDAL_SURFACE('',#6161,52.5,2.5);
#5114=TOROIDAL_SURFACE('',#6165,22.5,2.5);
#5115=TOROIDAL_SURFACE('',#6169,32.5,2.5);
#5116=TOROIDAL_SURFACE('',#6175,32.5,2.5);
#5117=TOROIDAL_SURFACE('',#6192,32.5,2.5);
#5118=TOROIDAL_SURFACE('',#6195,22.5,2.5);
#5119=TOROIDAL_SURFACE('',#6197,52.5,2.5);
#5120=TOROIDAL_SURFACE('',#6199,22.5,2.5);
#5121=TOROIDAL_SURFACE('',#6201,32.5,2.5);
#5122=TOROIDAL_SURFACE('',#6205,32.5,2.5);
#5123=TOROIDAL_SURFACE('',#6211,26.5,1.5);
#5124=TOROIDAL_SURFACE('',#6226,23.5,1.5);
#5125=TOROIDAL_SURFACE('',#6231,21.5,1.5);
#5126=TOROIDAL_SURFACE('',#6236,32.5,2.5);
#5127=TOROIDAL_SURFACE('',#6241,22.5,2.5);
#5128=TOROIDAL_SURFACE('',#6245,52.5,2.5);
#5129=TOROIDAL_SURFACE('',#6249,22.5,2.5);
#5130=TOROIDAL_SURFACE('',#6253,32.5,2.5);
#5131=TOROIDAL_SURFACE('',#6259,32.5,2.5);
#5132=TOROIDAL_SURFACE('',#6276,32.5,2.5);
#5133=TOROIDAL_SURFACE('',#6279,22.5,2.5);
#5134=TOROIDAL_SURFACE('',#6281,52.5,2.5);
#5135=TOROIDAL_SURFACE('',#6283,22.5,2.5);
#5136=TOROIDAL_SURFACE('',#6285,32.5,2.5);
#5137=TOROIDAL_SURFACE('',#6289,32.5,2.5);
#5138=TOROIDAL_SURFACE('',#6298,26.5,1.5);
#5139=TOROIDAL_SURFACE('',#6313,23.5,1.5);
#5140=TOROIDAL_SURFACE('',#6318,21.5,1.5);
#5141=TOROIDAL_SURFACE('',#6323,32.5,2.5);
#5142=TOROIDAL_SURFACE('',#6328,22.5,2.5);
#5143=TOROIDAL_SURFACE('',#6332,52.5,2.5);
#5144=TOROIDAL_SURFACE('',#6336,22.5,2.5);
#5145=TOROIDAL_SURFACE('',#6340,32.5,2.5);
#5146=TOROIDAL_SURFACE('',#6346,32.5,2.5);
#5147=TOROIDAL_SURFACE('',#6363,32.5,2.5);
#5148=TOROIDAL_SURFACE('',#6366,22.5,2.5);
#5149=TOROIDAL_SURFACE('',#6368,52.5,2.5);
#5150=TOROIDAL_SURFACE('',#6370,22.5,2.5);
#5151=TOROIDAL_SURFACE('',#6372,32.5,2.5);
#5152=TOROIDAL_SURFACE('',#6376,32.5,2.5);
#5153=TOROIDAL_SURFACE('',#6382,26.5,1.5);
#5154=TOROIDAL_SURFACE('',#6397,23.5,1.5);
#5155=TOROIDAL_SURFACE('',#6402,21.5,1.5);
#5156=TOROIDAL_SURFACE('',#6408,32.5,2.5);
#5157=TOROIDAL_SURFACE('',#6413,22.5,2.5);
#5158=TOROIDAL_SURFACE('',#6417,52.5,2.5);
#5159=TOROIDAL_SURFACE('',#6421,22.5,2.5);
#5160=TOROIDAL_SURFACE('',#6425,32.5,2.5);
#5161=TOROIDAL_SURFACE('',#6431,32.5,2.5);
#5162=TOROIDAL_SURFACE('',#6448,32.5,2.5);
#5163=TOROIDAL_SURFACE('',#6451,22.5,2.5);
#5164=TOROIDAL_SURFACE('',#6453,52.5,2.5);
#5165=TOROIDAL_SURFACE('',#6455,22.5,2.5);
#5166=TOROIDAL_SURFACE('',#6457,32.5,2.5);
#5167=TOROIDAL_SURFACE('',#6461,32.5,2.5);
#5168=TOROIDAL_SURFACE('',#6482,35.,5.);
#5169=ADVANCED_FACE('',(#823),#5024,.T.);
#5170=ADVANCED_FACE('',(#824),#815,.F.);
#5171=ADVANCED_FACE('',(#825),#647,.T.);
#5172=ADVANCED_FACE('',(#826),#648,.T.);
#5173=ADVANCED_FACE('',(#827),#5025,.T.);
#5174=ADVANCED_FACE('',(#828),#649,.T.);
#5175=ADVANCED_FACE('',(#829),#816,.F.);
#5176=ADVANCED_FACE('',(#830),#817,.F.);
#5177=ADVANCED_FACE('',(#831),#650,.T.);
#5178=ADVANCED_FACE('',(#832),#818,.F.);
#5179=ADVANCED_FACE('',(#833),#130,.T.);
#5180=ADVANCED_FACE('',(#834),#651,.F.);
#5181=ADVANCED_FACE('',(#835),#652,.T.);
#5182=ADVANCED_FACE('',(#836,#91),#131,.F.);
#5183=ADVANCED_FACE('',(#837,#92),#132,.F.);
#5184=ADVANCED_FACE('',(#838),#5026,.T.);
#5185=ADVANCED_FACE('',(#839),#653,.F.);
#5186=ADVANCED_FACE('',(#840),#5027,.F.);
#5187=ADVANCED_FACE('',(#841),#654,.F.);
#5188=ADVANCED_FACE('',(#842),#5028,.F.);
#5189=ADVANCED_FACE('',(#843),#655,.F.);
#5190=ADVANCED_FACE('',(#844),#133,.T.);
#5191=ADVANCED_FACE('',(#845),#134,.F.);
#5192=ADVANCED_FACE('',(#846),#656,.T.);
#5193=ADVANCED_FACE('',(#847),#657,.T.);
#5194=ADVANCED_FACE('',(#848),#5029,.T.);
#5195=ADVANCED_FACE('',(#849),#819,.F.);
#5196=ADVANCED_FACE('',(#850),#658,.T.);
#5197=ADVANCED_FACE('',(#851),#5030,.T.);
#5198=ADVANCED_FACE('',(#852),#820,.F.);
#5199=ADVANCED_FACE('',(#853),#821,.F.);
#5200=ADVANCED_FACE('',(#854),#659,.T.);
#5201=ADVANCED_FACE('',(#855),#822,.F.);
#5202=ADVANCED_FACE('',(#856),#5031,.T.);
#5203=ADVANCED_FACE('',(#857),#660,.T.);
#5204=ADVANCED_FACE('',(#858,#93),#135,.T.);
#5205=ADVANCED_FACE('',(#859),#136,.T.);
#5206=ADVANCED_FACE('',(#860),#661,.F.);
#5207=ADVANCED_FACE('',(#861),#662,.F.);
#5208=ADVANCED_FACE('',(#862),#5032,.F.);
#5209=ADVANCED_FACE('',(#863),#663,.F.);
#5210=ADVANCED_FACE('',(#864),#5033,.F.);
#5211=ADVANCED_FACE('',(#865),#664,.F.);
#5212=ADVANCED_FACE('',(#866),#137,.T.);
#5213=ADVANCED_FACE('',(#867),#138,.T.);
#5214=ADVANCED_FACE('',(#868),#5034,.T.);
#5215=ADVANCED_FACE('',(#869),#665,.T.);
#5216=ADVANCED_FACE('',(#870),#5035,.T.);
#5217=ADVANCED_FACE('',(#871),#5036,.T.);
#5218=ADVANCED_FACE('',(#872),#666,.T.);
#5219=ADVANCED_FACE('',(#873),#5037,.T.);
#5220=ADVANCED_FACE('',(#874),#667,.T.);
#5221=ADVANCED_FACE('',(#875),#5038,.T.);
#5222=ADVANCED_FACE('',(#876),#668,.T.);
#5223=ADVANCED_FACE('',(#877),#5039,.T.);
#5224=ADVANCED_FACE('',(#878),#669,.T.);
#5225=ADVANCED_FACE('',(#879),#139,.T.);
#5226=ADVANCED_FACE('',(#880),#670,.T.);
#5227=ADVANCED_FACE('',(#881),#671,.F.);
#5228=ADVANCED_FACE('',(#882),#140,.T.);
#5229=ADVANCED_FACE('',(#883),#672,.T.);
#5230=ADVANCED_FACE('',(#884),#5040,.T.);
#5231=ADVANCED_FACE('',(#885),#5041,.T.);
#5232=ADVANCED_FACE('',(#886),#673,.T.);
#5233=ADVANCED_FACE('',(#887),#5042,.T.);
#5234=ADVANCED_FACE('',(#888),#5043,.T.);
#5235=ADVANCED_FACE('',(#889),#674,.T.);
#5236=ADVANCED_FACE('',(#890),#5044,.T.);
#5237=ADVANCED_FACE('',(#891),#675,.T.);
#5238=ADVANCED_FACE('',(#892),#5045,.T.);
#5239=ADVANCED_FACE('',(#893),#676,.T.);
#5240=ADVANCED_FACE('',(#894),#141,.T.);
#5241=ADVANCED_FACE('',(#895),#677,.T.);
#5242=ADVANCED_FACE('',(#896),#142,.T.);
#5243=ADVANCED_FACE('',(#897),#678,.T.);
#5244=ADVANCED_FACE('',(#898,#94),#143,.T.);
#5245=ADVANCED_FACE('',(#899),#679,.F.);
#5246=ADVANCED_FACE('',(#900),#680,.F.);
#5247=ADVANCED_FACE('',(#901),#681,.F.);
#5248=ADVANCED_FACE('',(#902),#144,.T.);
#5249=ADVANCED_FACE('',(#903),#5046,.T.);
#5250=ADVANCED_FACE('',(#904),#682,.T.);
#5251=ADVANCED_FACE('',(#905),#145,.T.);
#5252=ADVANCED_FACE('',(#906),#5047,.T.);
#5253=ADVANCED_FACE('',(#907),#146,.T.);
#5254=ADVANCED_FACE('',(#908),#147,.F.);
#5255=ADVANCED_FACE('',(#909),#683,.T.);
#5256=ADVANCED_FACE('',(#910),#5048,.F.);
#5257=ADVANCED_FACE('',(#911),#684,.T.);
#5258=ADVANCED_FACE('',(#912,#95),#148,.F.);
#5259=ADVANCED_FACE('',(#913),#5049,.T.);
#5260=ADVANCED_FACE('',(#914,#96),#149,.F.);
#5261=ADVANCED_FACE('',(#915),#5050,.F.);
#5262=ADVANCED_FACE('',(#916),#5051,.T.);
#5263=ADVANCED_FACE('',(#917),#5052,.T.);
#5264=ADVANCED_FACE('',(#918),#5053,.T.);
#5265=ADVANCED_FACE('',(#919),#5054,.T.);
#5266=ADVANCED_FACE('',(#920),#5055,.T.);
#5267=ADVANCED_FACE('',(#921),#685,.T.);
#5268=ADVANCED_FACE('',(#922),#5056,.T.);
#5269=ADVANCED_FACE('',(#923),#686,.T.);
#5270=ADVANCED_FACE('',(#924),#687,.T.);
#5271=ADVANCED_FACE('',(#925),#688,.T.);
#5272=ADVANCED_FACE('',(#926),#689,.T.);
#5273=ADVANCED_FACE('',(#927),#690,.F.);
#5274=ADVANCED_FACE('',(#928,#97),#150,.T.);
#5275=ADVANCED_FACE('',(#929),#691,.T.);
#5276=ADVANCED_FACE('',(#930),#5057,.T.);
#5277=ADVANCED_FACE('',(#931),#5058,.T.);
#5278=ADVANCED_FACE('',(#932),#5059,.T.);
#5279=ADVANCED_FACE('',(#933),#5060,.T.);
#5280=ADVANCED_FACE('',(#934),#5061,.T.);
#5281=ADVANCED_FACE('',(#935),#692,.T.);
#5282=ADVANCED_FACE('',(#936),#5062,.T.);
#5283=ADVANCED_FACE('',(#937),#693,.F.);
#5284=ADVANCED_FACE('',(#938),#151,.F.);
#5285=ADVANCED_FACE('',(#939),#152,.F.);
#5286=ADVANCED_FACE('',(#940),#694,.T.);
#5287=ADVANCED_FACE('',(#941),#5063,.F.);
#5288=ADVANCED_FACE('',(#942),#695,.T.);
#5289=ADVANCED_FACE('',(#943,#98),#153,.T.);
#5290=ADVANCED_FACE('',(#944),#5064,.T.);
#5291=ADVANCED_FACE('',(#945,#99),#154,.T.);
#5292=ADVANCED_FACE('',(#946),#5065,.F.);
#5293=ADVANCED_FACE('',(#947),#5066,.T.);
#5294=ADVANCED_FACE('',(#948),#5067,.T.);
#5295=ADVANCED_FACE('',(#949),#5068,.T.);
#5296=ADVANCED_FACE('',(#950),#5069,.T.);
#5297=ADVANCED_FACE('',(#951),#5070,.T.);
#5298=ADVANCED_FACE('',(#952),#696,.T.);
#5299=ADVANCED_FACE('',(#953),#5071,.T.);
#5300=ADVANCED_FACE('',(#954),#697,.T.);
#5301=ADVANCED_FACE('',(#955),#698,.T.);
#5302=ADVANCED_FACE('',(#956),#699,.T.);
#5303=ADVANCED_FACE('',(#957),#700,.T.);
#5304=ADVANCED_FACE('',(#958),#701,.F.);
#5305=ADVANCED_FACE('',(#959,#100),#155,.F.);
#5306=ADVANCED_FACE('',(#960),#702,.T.);
#5307=ADVANCED_FACE('',(#961),#5072,.T.);
#5308=ADVANCED_FACE('',(#962),#5073,.T.);
#5309=ADVANCED_FACE('',(#963),#5074,.T.);
#5310=ADVANCED_FACE('',(#964),#5075,.T.);
#5311=ADVANCED_FACE('',(#965),#5076,.T.);
#5312=ADVANCED_FACE('',(#966),#703,.T.);
#5313=ADVANCED_FACE('',(#967),#5077,.T.);
#5314=ADVANCED_FACE('',(#968),#704,.F.);
#5315=ADVANCED_FACE('',(#969),#156,.T.);
#5316=ADVANCED_FACE('',(#970),#157,.T.);
#5317=ADVANCED_FACE('',(#971),#705,.T.);
#5318=ADVANCED_FACE('',(#972),#706,.T.);
#5319=ADVANCED_FACE('',(#973),#5078,.F.);
#5320=ADVANCED_FACE('',(#974),#707,.T.);
#5321=ADVANCED_FACE('',(#975,#101),#158,.F.);
#5322=ADVANCED_FACE('',(#976),#5079,.T.);
#5323=ADVANCED_FACE('',(#977,#102),#159,.F.);
#5324=ADVANCED_FACE('',(#978),#5080,.F.);
#5325=ADVANCED_FACE('',(#979),#708,.T.);
#5326=ADVANCED_FACE('',(#980),#5081,.T.);
#5327=ADVANCED_FACE('',(#981),#5082,.T.);
#5328=ADVANCED_FACE('',(#982),#5083,.T.);
#5329=ADVANCED_FACE('',(#983),#5084,.T.);
#5330=ADVANCED_FACE('',(#984),#5085,.T.);
#5331=ADVANCED_FACE('',(#985),#709,.T.);
#5332=ADVANCED_FACE('',(#986),#5086,.T.);
#5333=ADVANCED_FACE('',(#987),#710,.T.);
#5334=ADVANCED_FACE('',(#988),#711,.T.);
#5335=ADVANCED_FACE('',(#989),#712,.T.);
#5336=ADVANCED_FACE('',(#990),#713,.T.);
#5337=ADVANCED_FACE('',(#991),#714,.F.);
#5338=ADVANCED_FACE('',(#992,#103),#160,.T.);
#5339=ADVANCED_FACE('',(#993),#715,.T.);
#5340=ADVANCED_FACE('',(#994),#5087,.T.);
#5341=ADVANCED_FACE('',(#995),#5088,.T.);
#5342=ADVANCED_FACE('',(#996),#5089,.T.);
#5343=ADVANCED_FACE('',(#997),#5090,.T.);
#5344=ADVANCED_FACE('',(#998),#5091,.T.);
#5345=ADVANCED_FACE('',(#999),#716,.T.);
#5346=ADVANCED_FACE('',(#1000),#5092,.T.);
#5347=ADVANCED_FACE('',(#1001),#717,.F.);
#5348=ADVANCED_FACE('',(#1002),#161,.F.);
#5349=ADVANCED_FACE('',(#1003),#162,.F.);
#5350=ADVANCED_FACE('',(#1004),#718,.T.);
#5351=ADVANCED_FACE('',(#1005),#5093,.F.);
#5352=ADVANCED_FACE('',(#1006),#719,.T.);
#5353=ADVANCED_FACE('',(#1007,#104),#163,.T.);
#5354=ADVANCED_FACE('',(#1008),#5094,.T.);
#5355=ADVANCED_FACE('',(#1009,#105),#164,.T.);
#5356=ADVANCED_FACE('',(#1010),#5095,.F.);
#5357=ADVANCED_FACE('',(#1011),#5096,.T.);
#5358=ADVANCED_FACE('',(#1012),#5097,.T.);
#5359=ADVANCED_FACE('',(#1013),#5098,.T.);
#5360=ADVANCED_FACE('',(#1014),#5099,.T.);
#5361=ADVANCED_FACE('',(#1015),#5100,.T.);
#5362=ADVANCED_FACE('',(#1016),#720,.T.);
#5363=ADVANCED_FACE('',(#1017),#5101,.T.);
#5364=ADVANCED_FACE('',(#1018),#721,.T.);
#5365=ADVANCED_FACE('',(#1019),#722,.T.);
#5366=ADVANCED_FACE('',(#1020),#723,.T.);
#5367=ADVANCED_FACE('',(#1021),#724,.T.);
#5368=ADVANCED_FACE('',(#1022),#725,.F.);
#5369=ADVANCED_FACE('',(#1023,#106),#165,.F.);
#5370=ADVANCED_FACE('',(#1024),#726,.T.);
#5371=ADVANCED_FACE('',(#1025),#5102,.T.);
#5372=ADVANCED_FACE('',(#1026),#5103,.T.);
#5373=ADVANCED_FACE('',(#1027),#5104,.T.);
#5374=ADVANCED_FACE('',(#1028),#5105,.T.);
#5375=ADVANCED_FACE('',(#1029),#5106,.T.);
#5376=ADVANCED_FACE('',(#1030),#727,.T.);
#5377=ADVANCED_FACE('',(#1031),#5107,.T.);
#5378=ADVANCED_FACE('',(#1032),#728,.F.);
#5379=ADVANCED_FACE('',(#1033),#166,.T.);
#5380=ADVANCED_FACE('',(#1034),#167,.T.);
#5381=ADVANCED_FACE('',(#1035),#729,.T.);
#5382=ADVANCED_FACE('',(#1036),#730,.T.);
#5383=ADVANCED_FACE('',(#1037),#5108,.F.);
#5384=ADVANCED_FACE('',(#1038),#731,.T.);
#5385=ADVANCED_FACE('',(#1039,#107),#168,.F.);
#5386=ADVANCED_FACE('',(#1040),#5109,.T.);
#5387=ADVANCED_FACE('',(#1041,#108),#169,.F.);
#5388=ADVANCED_FACE('',(#1042),#5110,.F.);
#5389=ADVANCED_FACE('',(#1043),#732,.T.);
#5390=ADVANCED_FACE('',(#1044),#5111,.T.);
#5391=ADVANCED_FACE('',(#1045),#5112,.T.);
#5392=ADVANCED_FACE('',(#1046),#5113,.T.);
#5393=ADVANCED_FACE('',(#1047),#5114,.T.);
#5394=ADVANCED_FACE('',(#1048),#5115,.T.);
#5395=ADVANCED_FACE('',(#1049),#733,.T.);
#5396=ADVANCED_FACE('',(#1050),#5116,.T.);
#5397=ADVANCED_FACE('',(#1051),#734,.T.);
#5398=ADVANCED_FACE('',(#1052),#735,.T.);
#5399=ADVANCED_FACE('',(#1053),#736,.T.);
#5400=ADVANCED_FACE('',(#1054),#737,.T.);
#5401=ADVANCED_FACE('',(#1055),#738,.F.);
#5402=ADVANCED_FACE('',(#1056,#109),#170,.T.);
#5403=ADVANCED_FACE('',(#1057),#739,.T.);
#5404=ADVANCED_FACE('',(#1058),#5117,.T.);
#5405=ADVANCED_FACE('',(#1059),#5118,.T.);
#5406=ADVANCED_FACE('',(#1060),#5119,.T.);
#5407=ADVANCED_FACE('',(#1061),#5120,.T.);
#5408=ADVANCED_FACE('',(#1062),#5121,.T.);
#5409=ADVANCED_FACE('',(#1063),#740,.T.);
#5410=ADVANCED_FACE('',(#1064),#5122,.T.);
#5411=ADVANCED_FACE('',(#1065),#741,.F.);
#5412=ADVANCED_FACE('',(#1066),#171,.F.);
#5413=ADVANCED_FACE('',(#1067),#172,.F.);
#5414=ADVANCED_FACE('',(#1068),#742,.T.);
#5415=ADVANCED_FACE('',(#1069),#5123,.F.);
#5416=ADVANCED_FACE('',(#1070),#743,.T.);
#5417=ADVANCED_FACE('',(#1071,#110),#173,.T.);
#5418=ADVANCED_FACE('',(#1072),#5124,.T.);
#5419=ADVANCED_FACE('',(#1073,#111),#174,.T.);
#5420=ADVANCED_FACE('',(#1074),#5125,.F.);
#5421=ADVANCED_FACE('',(#1075),#744,.T.);
#5422=ADVANCED_FACE('',(#1076),#5126,.T.);
#5423=ADVANCED_FACE('',(#1077),#5127,.T.);
#5424=ADVANCED_FACE('',(#1078),#5128,.T.);
#5425=ADVANCED_FACE('',(#1079),#5129,.T.);
#5426=ADVANCED_FACE('',(#1080),#5130,.T.);
#5427=ADVANCED_FACE('',(#1081),#745,.T.);
#5428=ADVANCED_FACE('',(#1082),#5131,.T.);
#5429=ADVANCED_FACE('',(#1083),#746,.T.);
#5430=ADVANCED_FACE('',(#1084),#747,.T.);
#5431=ADVANCED_FACE('',(#1085),#748,.T.);
#5432=ADVANCED_FACE('',(#1086),#749,.T.);
#5433=ADVANCED_FACE('',(#1087),#750,.F.);
#5434=ADVANCED_FACE('',(#1088,#112),#175,.F.);
#5435=ADVANCED_FACE('',(#1089),#751,.T.);
#5436=ADVANCED_FACE('',(#1090),#5132,.T.);
#5437=ADVANCED_FACE('',(#1091),#5133,.T.);
#5438=ADVANCED_FACE('',(#1092),#5134,.T.);
#5439=ADVANCED_FACE('',(#1093),#5135,.T.);
#5440=ADVANCED_FACE('',(#1094),#5136,.T.);
#5441=ADVANCED_FACE('',(#1095),#752,.T.);
#5442=ADVANCED_FACE('',(#1096),#5137,.T.);
#5443=ADVANCED_FACE('',(#1097),#753,.F.);
#5444=ADVANCED_FACE('',(#1098),#176,.T.);
#5445=ADVANCED_FACE('',(#1099),#177,.T.);
#5446=ADVANCED_FACE('',(#1100),#754,.T.);
#5447=ADVANCED_FACE('',(#1101),#755,.T.);
#5448=ADVANCED_FACE('',(#1102),#5138,.F.);
#5449=ADVANCED_FACE('',(#1103),#756,.T.);
#5450=ADVANCED_FACE('',(#1104,#113),#178,.F.);
#5451=ADVANCED_FACE('',(#1105),#5139,.T.);
#5452=ADVANCED_FACE('',(#1106,#114),#179,.F.);
#5453=ADVANCED_FACE('',(#1107),#5140,.F.);
#5454=ADVANCED_FACE('',(#1108),#757,.T.);
#5455=ADVANCED_FACE('',(#1109),#5141,.T.);
#5456=ADVANCED_FACE('',(#1110),#5142,.T.);
#5457=ADVANCED_FACE('',(#1111),#5143,.T.);
#5458=ADVANCED_FACE('',(#1112),#5144,.T.);
#5459=ADVANCED_FACE('',(#1113),#5145,.T.);
#5460=ADVANCED_FACE('',(#1114),#758,.T.);
#5461=ADVANCED_FACE('',(#1115),#5146,.T.);
#5462=ADVANCED_FACE('',(#1116),#759,.T.);
#5463=ADVANCED_FACE('',(#1117),#760,.T.);
#5464=ADVANCED_FACE('',(#1118),#761,.T.);
#5465=ADVANCED_FACE('',(#1119),#762,.T.);
#5466=ADVANCED_FACE('',(#1120),#763,.F.);
#5467=ADVANCED_FACE('',(#1121,#115),#180,.T.);
#5468=ADVANCED_FACE('',(#1122),#764,.T.);
#5469=ADVANCED_FACE('',(#1123),#5147,.T.);
#5470=ADVANCED_FACE('',(#1124),#5148,.T.);
#5471=ADVANCED_FACE('',(#1125),#5149,.T.);
#5472=ADVANCED_FACE('',(#1126),#5150,.T.);
#5473=ADVANCED_FACE('',(#1127),#5151,.T.);
#5474=ADVANCED_FACE('',(#1128),#765,.T.);
#5475=ADVANCED_FACE('',(#1129),#5152,.T.);
#5476=ADVANCED_FACE('',(#1130),#766,.F.);
#5477=ADVANCED_FACE('',(#1131),#181,.F.);
#5478=ADVANCED_FACE('',(#1132),#182,.F.);
#5479=ADVANCED_FACE('',(#1133),#767,.T.);
#5480=ADVANCED_FACE('',(#1134),#5153,.F.);
#5481=ADVANCED_FACE('',(#1135),#768,.T.);
#5482=ADVANCED_FACE('',(#1136,#116),#183,.T.);
#5483=ADVANCED_FACE('',(#1137),#5154,.T.);
#5484=ADVANCED_FACE('',(#1138,#117),#184,.T.);
#5485=ADVANCED_FACE('',(#1139),#5155,.F.);
#5486=ADVANCED_FACE('',(#1140),#769,.T.);
#5487=ADVANCED_FACE('',(#1141),#5156,.T.);
#5488=ADVANCED_FACE('',(#1142),#5157,.T.);
#5489=ADVANCED_FACE('',(#1143),#5158,.T.);
#5490=ADVANCED_FACE('',(#1144),#5159,.T.);
#5491=ADVANCED_FACE('',(#1145),#5160,.T.);
#5492=ADVANCED_FACE('',(#1146),#770,.T.);
#5493=ADVANCED_FACE('',(#1147),#5161,.T.);
#5494=ADVANCED_FACE('',(#1148),#771,.T.);
#5495=ADVANCED_FACE('',(#1149),#772,.T.);
#5496=ADVANCED_FACE('',(#1150),#773,.T.);
#5497=ADVANCED_FACE('',(#1151),#774,.T.);
#5498=ADVANCED_FACE('',(#1152),#775,.F.);
#5499=ADVANCED_FACE('',(#1153,#118),#185,.F.);
#5500=ADVANCED_FACE('',(#1154),#776,.T.);
#5501=ADVANCED_FACE('',(#1155),#5162,.T.);
#5502=ADVANCED_FACE('',(#1156),#5163,.T.);
#5503=ADVANCED_FACE('',(#1157),#5164,.T.);
#5504=ADVANCED_FACE('',(#1158),#5165,.T.);
#5505=ADVANCED_FACE('',(#1159),#5166,.T.);
#5506=ADVANCED_FACE('',(#1160),#777,.T.);
#5507=ADVANCED_FACE('',(#1161),#5167,.T.);
#5508=ADVANCED_FACE('',(#1162),#778,.F.);
#5509=ADVANCED_FACE('',(#1163),#186,.T.);
#5510=ADVANCED_FACE('',(#1164),#187,.T.);
#5511=ADVANCED_FACE('',(#1165),#188,.T.);
#5512=ADVANCED_FACE('',(#1166),#779,.T.);
#5513=ADVANCED_FACE('',(#1167,#119),#780,.F.);
#5514=ADVANCED_FACE('',(#1168),#781,.F.);
#5515=ADVANCED_FACE('',(#1169),#782,.F.);
#5516=ADVANCED_FACE('',(#1170),#189,.T.);
#5517=ADVANCED_FACE('',(#1171,#120,#121),#783,.T.);
#5518=ADVANCED_FACE('',(#1172,#122,#123),#784,.F.);
#5519=ADVANCED_FACE('',(#1173),#190,.T.);
#5520=ADVANCED_FACE('',(#1174),#5168,.T.);
#5521=ADVANCED_FACE('',(#1175),#785,.T.);
#5522=ADVANCED_FACE('',(#1176),#191,.T.);
#5523=ADVANCED_FACE('',(#1177),#786,.T.);
#5524=ADVANCED_FACE('',(#1178,#124),#192,.T.);
#5525=ADVANCED_FACE('',(#1179),#787,.T.);
#5526=ADVANCED_FACE('',(#1180,#125),#193,.T.);
#5527=ADVANCED_FACE('',(#1181),#788,.T.);
#5528=ADVANCED_FACE('',(#1182,#126),#194,.T.);
#5529=ADVANCED_FACE('',(#1183),#789,.T.);
#5530=ADVANCED_FACE('',(#1184,#127),#195,.T.);
#5531=ADVANCED_FACE('',(#1185),#196,.T.);
#5532=ADVANCED_FACE('',(#1186,#128),#197,.T.);
#5533=ADVANCED_FACE('',(#1187),#790,.T.);
#5534=ADVANCED_FACE('',(#1188,#129),#198,.T.);
#5535=CLOSED_SHELL('',(#5169,#5170,#5171,#5172,#5173,#5174,#5175,#5176,
#5177,#5178,#5179,#5180,#5181,#5182,#5183,#5184,#5185,#5186,#5187,#5188,
#5189,#5190,#5191,#5192,#5193,#5194,#5195,#5196,#5197,#5198,#5199,#5200,
#5201,#5202,#5203,#5204,#5205,#5206,#5207,#5208,#5209,#5210,#5211,#5212,
#5213,#5214,#5215,#5216,#5217,#5218,#5219,#5220,#5221,#5222,#5223,#5224,
#5225,#5226,#5227,#5228,#5229,#5230,#5231,#5232,#5233,#5234,#5235,#5236,
#5237,#5238,#5239,#5240,#5241,#5242,#5243,#5244,#5245,#5246,#5247,#5248));
#5536=CLOSED_SHELL('',(#5249,#5250,#5251,#5252,#5253));
#5537=CLOSED_SHELL('',(#5254,#5255,#5256,#5257,#5258,#5259,#5260,#5261,
#5262,#5263,#5264,#5265,#5266,#5267,#5268,#5269,#5270,#5271,#5272,#5273,
#5274,#5275,#5276,#5277,#5278,#5279,#5280,#5281,#5282,#5283,#5284,#5285,
#5286,#5287,#5288,#5289,#5290,#5291,#5292,#5293,#5294,#5295,#5296,#5297,
#5298,#5299,#5300,#5301,#5302,#5303,#5304,#5305,#5306,#5307,#5308,#5309,
#5310,#5311,#5312,#5313,#5314,#5315,#5316,#5317,#5318,#5319,#5320,#5321,
#5322,#5323,#5324,#5325,#5326,#5327,#5328,#5329,#5330,#5331,#5332,#5333,
#5334,#5335,#5336,#5337,#5338,#5339,#5340,#5341,#5342,#5343,#5344,#5345,
#5346,#5347,#5348,#5349,#5350,#5351,#5352,#5353,#5354,#5355,#5356,#5357,
#5358,#5359,#5360,#5361,#5362,#5363,#5364,#5365,#5366,#5367,#5368,#5369,
#5370,#5371,#5372,#5373,#5374,#5375,#5376,#5377,#5378,#5379,#5380,#5381,
#5382,#5383,#5384,#5385,#5386,#5387,#5388,#5389,#5390,#5391,#5392,#5393,
#5394,#5395,#5396,#5397,#5398,#5399,#5400,#5401,#5402,#5403,#5404,#5405,
#5406,#5407,#5408,#5409,#5410,#5411,#5412,#5413,#5414,#5415,#5416,#5417,
#5418,#5419,#5420,#5421,#5422,#5423,#5424,#5425,#5426,#5427,#5428,#5429,
#5430,#5431,#5432,#5433,#5434,#5435,#5436,#5437,#5438,#5439,#5440,#5441,
#5442,#5443,#5444,#5445,#5446,#5447,#5448,#5449,#5450,#5451,#5452,#5453,
#5454,#5455,#5456,#5457,#5458,#5459,#5460,#5461,#5462,#5463,#5464,#5465,
#5466,#5467,#5468,#5469,#5470,#5471,#5472,#5473,#5474,#5475,#5476,#5477,
#5478,#5479,#5480,#5481,#5482,#5483,#5484,#5485,#5486,#5487,#5488,#5489,
#5490,#5491,#5492,#5493,#5494,#5495,#5496,#5497,#5498,#5499,#5500,#5501,
#5502,#5503,#5504,#5505,#5506,#5507,#5508,#5509,#5510,#5511,#5512));
#5538=CLOSED_SHELL('',(#5513,#5514,#5515,#5516,#5517,#5518,#5519,#5520,
#5521,#5522,#5523,#5524,#5525,#5526,#5527,#5528,#5529,#5530,#5531,#5532,
#5533,#5534));
#5539=DERIVED_UNIT_ELEMENT(#5547,1.);
#5540=DERIVED_UNIT_ELEMENT(#10809,-3.);
#5541=DERIVED_UNIT_ELEMENT(#5547,1.);
#5542=DERIVED_UNIT_ELEMENT(#10809,-3.);
#5543=DERIVED_UNIT_ELEMENT(#5547,1.);
#5544=DERIVED_UNIT_ELEMENT(#10809,-3.);
#5545=DERIVED_UNIT_ELEMENT(#5547,1.);
#5546=DERIVED_UNIT_ELEMENT(#10809,-3.);
#5547=(
MASS_UNIT()
NAMED_UNIT(*)
SI_UNIT(.KILO.,.GRAM.)
);
#5548=DERIVED_UNIT((#5539,#5540));
#5549=DERIVED_UNIT((#5541,#5542));
#5550=DERIVED_UNIT((#5543,#5544));
#5551=DERIVED_UNIT((#5545,#5546));
#5552=MEASURE_REPRESENTATION_ITEM('density measure',
POSITIVE_RATIO_MEASURE(7850.),#5548);
#5553=MEASURE_REPRESENTATION_ITEM('density measure',
POSITIVE_RATIO_MEASURE(7850.),#5549);
#5554=MEASURE_REPRESENTATION_ITEM('density measure',
POSITIVE_RATIO_MEASURE(7850.),#5550);
#5555=MEASURE_REPRESENTATION_ITEM('density measure',
POSITIVE_RATIO_MEASURE(7850.),#5551);
#5556=PROPERTY_DEFINITION_REPRESENTATION(#5576,#5564);
#5557=PROPERTY_DEFINITION_REPRESENTATION(#5577,#5565);
#5558=PROPERTY_DEFINITION_REPRESENTATION(#5578,#5566);
#5559=PROPERTY_DEFINITION_REPRESENTATION(#5579,#5567);
#5560=PROPERTY_DEFINITION_REPRESENTATION(#5580,#5568);
#5561=PROPERTY_DEFINITION_REPRESENTATION(#5581,#5569);
#5562=PROPERTY_DEFINITION_REPRESENTATION(#5582,#5570);
#5563=PROPERTY_DEFINITION_REPRESENTATION(#5583,#5571);
#5564=REPRESENTATION('material name',(#5572),#10801);
#5565=REPRESENTATION('density',(#5552),#10801);
#5566=REPRESENTATION('material name',(#5573),#10803);
#5567=REPRESENTATION('density',(#5553),#10803);
#5568=REPRESENTATION('material name',(#5574),#10804);
#5569=REPRESENTATION('density',(#5554),#10804);
#5570=REPRESENTATION('material name',(#5575),#10806);
#5571=REPRESENTATION('density',(#5555),#10806);
#5572=DESCRIPTIVE_REPRESENTATION_ITEM('Steel','Steel');
#5573=DESCRIPTIVE_REPRESENTATION_ITEM('Steel','Steel');
#5574=DESCRIPTIVE_REPRESENTATION_ITEM('Steel','Steel');
#5575=DESCRIPTIVE_REPRESENTATION_ITEM('Steel','Steel');
#5576=PROPERTY_DEFINITION('material property','material name',#10855);
#5577=PROPERTY_DEFINITION('material property','density of part',#10855);
#5578=PROPERTY_DEFINITION('material property','material name',#10857);
#5579=PROPERTY_DEFINITION('material property','density of part',#10857);
#5580=PROPERTY_DEFINITION('material property','material name',#10858);
#5581=PROPERTY_DEFINITION('material property','density of part',#10858);
#5582=PROPERTY_DEFINITION('material property','material name',#10860);
#5583=PROPERTY_DEFINITION('material property','density of part',#10860);
#5584=AXIS2_PLACEMENT_3D('',#8613,#6519,#6520);
#5585=AXIS2_PLACEMENT_3D('',#8614,#6521,#6522);
#5586=AXIS2_PLACEMENT_3D('',#8615,#6523,#6524);
#5587=AXIS2_PLACEMENT_3D('',#8616,#6525,#6526);
#5588=AXIS2_PLACEMENT_3D('',#8619,#6527,#6528);
#5589=AXIS2_PLACEMENT_3D('',#8621,#6529,#6530);
#5590=AXIS2_PLACEMENT_3D('',#8623,#6531,#6532);
#5591=AXIS2_PLACEMENT_3D('',#8624,#6533,#6534);
#5592=AXIS2_PLACEMENT_3D('',#8657,#6535,#6536);
#5593=AXIS2_PLACEMENT_3D('',#8668,#6537,#6538);
#5594=AXIS2_PLACEMENT_3D('',#8671,#6539,#6540);
#5595=AXIS2_PLACEMENT_3D('',#8674,#6543,#6544);
#5596=AXIS2_PLACEMENT_3D('',#8677,#6545,#6546);
#5597=AXIS2_PLACEMENT_3D('',#8681,#6548,#6549);
#5598=AXIS2_PLACEMENT_3D('',#8683,#6551,#6552);
#5599=AXIS2_PLACEMENT_3D('',#8686,#6553,#6554);
#5600=AXIS2_PLACEMENT_3D('',#8687,#6555,#6556);
#5601=AXIS2_PLACEMENT_3D('',#8688,#6557,#6558);
#5602=AXIS2_PLACEMENT_3D('',#8689,#6559,#6560);
#5603=AXIS2_PLACEMENT_3D('',#8692,#6561,#6562);
#5604=AXIS2_PLACEMENT_3D('',#8753,#6565,#6566);
#5605=AXIS2_PLACEMENT_3D('',#8762,#6567,#6568);
#5606=AXIS2_PLACEMENT_3D('',#8765,#6569,#6570);
#5607=AXIS2_PLACEMENT_3D('',#8808,#6573,#6574);
#5608=AXIS2_PLACEMENT_3D('',#8814,#6578,#6579);
#5609=AXIS2_PLACEMENT_3D('',#8817,#6581,#6582);
#5610=AXIS2_PLACEMENT_3D('',#8818,#6583,#6584);
#5611=AXIS2_PLACEMENT_3D('',#8820,#6585,#6586);
#5612=AXIS2_PLACEMENT_3D('',#8824,#6588,#6589);
#5613=AXIS2_PLACEMENT_3D('',#8826,#6591,#6592);
#5614=AXIS2_PLACEMENT_3D('',#8828,#6593,#6594);
#5615=AXIS2_PLACEMENT_3D('',#8830,#6595,#6596);
#5616=AXIS2_PLACEMENT_3D('',#8834,#6598,#6599);
#5617=AXIS2_PLACEMENT_3D('',#8838,#6601,#6602);
#5618=AXIS2_PLACEMENT_3D('',#8842,#6604,#6605);
#5619=AXIS2_PLACEMENT_3D('',#8843,#6606,#6607);
#5620=AXIS2_PLACEMENT_3D('',#8845,#6608,#6609);
#5621=AXIS2_PLACEMENT_3D('',#8846,#6610,#6611);
#5622=AXIS2_PLACEMENT_3D('',#8848,#6612,#6613);
#5623=AXIS2_PLACEMENT_3D('',#8851,#6615,#6616);
#5624=AXIS2_PLACEMENT_3D('',#8852,#6617,#6618);
#5625=AXIS2_PLACEMENT_3D('',#8854,#6619,#6620);
#5626=AXIS2_PLACEMENT_3D('',#8855,#6621,#6622);
#5627=AXIS2_PLACEMENT_3D('',#8856,#6623,#6624);
#5628=AXIS2_PLACEMENT_3D('',#8859,#6625,#6626);
#5629=AXIS2_PLACEMENT_3D('',#8862,#6628,#6629);
#5630=AXIS2_PLACEMENT_3D('',#8864,#6631,#6632);
#5631=AXIS2_PLACEMENT_3D('',#8866,#6633,#6634);
#5632=AXIS2_PLACEMENT_3D('',#8867,#6635,#6636);
#5633=AXIS2_PLACEMENT_3D('',#8868,#6637,#6638);
#5634=AXIS2_PLACEMENT_3D('',#8870,#6639,#6640);
#5635=AXIS2_PLACEMENT_3D('',#8872,#6642,#6643);
#5636=AXIS2_PLACEMENT_3D('',#8873,#6644,#6645);
#5637=AXIS2_PLACEMENT_3D('',#8874,#6646,#6647);
#5638=AXIS2_PLACEMENT_3D('',#8875,#6648,#6649);
#5639=AXIS2_PLACEMENT_3D('',#8877,#6651,#6652);
#5640=AXIS2_PLACEMENT_3D('',#8878,#6653,#6654);
#5641=AXIS2_PLACEMENT_3D('',#8879,#6655,#6656);
#5642=AXIS2_PLACEMENT_3D('',#8882,#6657,#6658);
#5643=AXIS2_PLACEMENT_3D('',#8886,#6660,#6661);
#5644=AXIS2_PLACEMENT_3D('',#8888,#6663,#6664);
#5645=AXIS2_PLACEMENT_3D('',#8891,#6665,#6666);
#5646=AXIS2_PLACEMENT_3D('',#8895,#6668,#6669);
#5647=AXIS2_PLACEMENT_3D('',#8897,#6671,#6672);
#5648=AXIS2_PLACEMENT_3D('',#8898,#6673,#6674);
#5649=AXIS2_PLACEMENT_3D('',#8899,#6675,#6676);
#5650=AXIS2_PLACEMENT_3D('',#8926,#6677,#6678);
#5651=AXIS2_PLACEMENT_3D('',#8935,#6679,#6680);
#5652=AXIS2_PLACEMENT_3D('',#8938,#6681,#6682);
#5653=AXIS2_PLACEMENT_3D('',#8941,#6685,#6686);
#5654=AXIS2_PLACEMENT_3D('',#8944,#6687,#6688);
#5655=AXIS2_PLACEMENT_3D('',#8946,#6689,#6690);
#5656=AXIS2_PLACEMENT_3D('',#8948,#6691,#6692);
#5657=AXIS2_PLACEMENT_3D('',#8949,#6693,#6694);
#5658=AXIS2_PLACEMENT_3D('',#9022,#6695,#6696);
#5659=AXIS2_PLACEMENT_3D('',#9033,#6697,#6698);
#5660=AXIS2_PLACEMENT_3D('',#9036,#6699,#6700);
#5661=AXIS2_PLACEMENT_3D('',#9071,#6703,#6704);
#5662=AXIS2_PLACEMENT_3D('',#9073,#6705,#6706);
#5663=AXIS2_PLACEMENT_3D('',#9075,#6707,#6708);
#5664=AXIS2_PLACEMENT_3D('',#9077,#6709,#6710);
#5665=AXIS2_PLACEMENT_3D('',#9078,#6711,#6712);
#5666=AXIS2_PLACEMENT_3D('',#9079,#6713,#6714);
#5667=AXIS2_PLACEMENT_3D('',#9083,#6716,#6717);
#5668=AXIS2_PLACEMENT_3D('',#9085,#6719,#6720);
#5669=AXIS2_PLACEMENT_3D('',#9088,#6722,#6723);
#5670=AXIS2_PLACEMENT_3D('',#9090,#6724,#6725);
#5671=AXIS2_PLACEMENT_3D('',#9091,#6726,#6727);
#5672=AXIS2_PLACEMENT_3D('',#9097,#6731,#6732);
#5673=AXIS2_PLACEMENT_3D('',#9100,#6734,#6735);
#5674=AXIS2_PLACEMENT_3D('',#9101,#6736,#6737);
#5675=AXIS2_PLACEMENT_3D('',#9104,#6738,#6739);
#5676=AXIS2_PLACEMENT_3D('',#9107,#6741,#6742);
#5677=AXIS2_PLACEMENT_3D('',#9109,#6744,#6745);
#5678=AXIS2_PLACEMENT_3D('',#9111,#6746,#6747);
#5679=AXIS2_PLACEMENT_3D('',#9112,#6748,#6749);
#5680=AXIS2_PLACEMENT_3D('',#9113,#6750,#6751);
#5681=AXIS2_PLACEMENT_3D('',#9115,#6752,#6753);
#5682=AXIS2_PLACEMENT_3D('',#9117,#6755,#6756);
#5683=AXIS2_PLACEMENT_3D('',#9118,#6757,#6758);
#5684=AXIS2_PLACEMENT_3D('',#9119,#6759,#6760);
#5685=AXIS2_PLACEMENT_3D('',#9120,#6761,#6762);
#5686=AXIS2_PLACEMENT_3D('',#9122,#6764,#6765);
#5687=AXIS2_PLACEMENT_3D('',#9123,#6766,#6767);
#5688=AXIS2_PLACEMENT_3D('',#9124,#6768,#6769);
#5689=AXIS2_PLACEMENT_3D('',#9126,#6770,#6771);
#5690=AXIS2_PLACEMENT_3D('',#9127,#6772,#6773);
#5691=AXIS2_PLACEMENT_3D('',#9128,#6774,#6775);
#5692=AXIS2_PLACEMENT_3D('',#9131,#6777,#6778);
#5693=AXIS2_PLACEMENT_3D('',#9132,#6779,#6780);
#5694=AXIS2_PLACEMENT_3D('',#9134,#6781,#6782);
#5695=AXIS2_PLACEMENT_3D('',#9135,#6783,#6784);
#5696=AXIS2_PLACEMENT_3D('',#9136,#6785,#6786);
#5697=AXIS2_PLACEMENT_3D('',#9138,#6787,#6788);
#5698=AXIS2_PLACEMENT_3D('',#9139,#6789,#6790);
#5699=AXIS2_PLACEMENT_3D('',#9140,#6791,#6792);
#5700=AXIS2_PLACEMENT_3D('',#9142,#6793,#6794);
#5701=AXIS2_PLACEMENT_3D('',#9144,#6796,#6797);
#5702=AXIS2_PLACEMENT_3D('',#9146,#6798,#6799);
#5703=AXIS2_PLACEMENT_3D('',#9147,#6800,#6801);
#5704=AXIS2_PLACEMENT_3D('',#9148,#6802,#6803);
#5705=AXIS2_PLACEMENT_3D('',#9150,#6804,#6805);
#5706=AXIS2_PLACEMENT_3D('',#9152,#6807,#6808);
#5707=AXIS2_PLACEMENT_3D('',#9154,#6809,#6810);
#5708=AXIS2_PLACEMENT_3D('',#9155,#6811,#6812);
#5709=AXIS2_PLACEMENT_3D('',#9156,#6813,#6814);
#5710=AXIS2_PLACEMENT_3D('',#9158,#6815,#6816);
#5711=AXIS2_PLACEMENT_3D('',#9160,#6818,#6819);
#5712=AXIS2_PLACEMENT_3D('',#9161,#6820,#6821);
#5713=AXIS2_PLACEMENT_3D('',#9162,#6822,#6823);
#5714=AXIS2_PLACEMENT_3D('',#9166,#6825,#6826);
#5715=AXIS2_PLACEMENT_3D('',#9168,#6828,#6829);
#5716=AXIS2_PLACEMENT_3D('',#9172,#6832,#6833);
#5717=AXIS2_PLACEMENT_3D('',#9175,#6835,#6836);
#5718=AXIS2_PLACEMENT_3D('',#9176,#6837,#6838);
#5719=AXIS2_PLACEMENT_3D('',#9179,#6840,#6841);
#5720=AXIS2_PLACEMENT_3D('',#9180,#6842,#6843);
#5721=AXIS2_PLACEMENT_3D('',#9184,#6846,#6847);
#5722=AXIS2_PLACEMENT_3D('',#9186,#6849,#6850);
#5723=AXIS2_PLACEMENT_3D('',#9187,#6851,#6852);
#5724=AXIS2_PLACEMENT_3D('',#9190,#6853,#6854);
#5725=AXIS2_PLACEMENT_3D('',#9191,#6855,#6856);
#5726=AXIS2_PLACEMENT_3D('',#9192,#6857,#6858);
#5727=AXIS2_PLACEMENT_3D('',#9193,#6859,#6860);
#5728=AXIS2_PLACEMENT_3D('',#9194,#6861,#6862);
#5729=AXIS2_PLACEMENT_3D('',#9195,#6863,#6864);
#5730=AXIS2_PLACEMENT_3D('',#9196,#6865,#6866);
#5731=AXIS2_PLACEMENT_3D('',#9197,#6867,#6868);
#5732=AXIS2_PLACEMENT_3D('',#9199,#6869,#6870);
#5733=AXIS2_PLACEMENT_3D('',#9200,#6871,#6872);
#5734=AXIS2_PLACEMENT_3D('',#9201,#6873,#6874);
#5735=AXIS2_PLACEMENT_3D('',#9203,#6875,#6876);
#5736=AXIS2_PLACEMENT_3D('',#9204,#6877,#6878);
#5737=AXIS2_PLACEMENT_3D('',#9205,#6879,#6880);
#5738=AXIS2_PLACEMENT_3D('',#9207,#6881,#6882);
#5739=AXIS2_PLACEMENT_3D('',#9209,#6884,#6885);
#5740=AXIS2_PLACEMENT_3D('',#9211,#6886,#6887);
#5741=AXIS2_PLACEMENT_3D('',#9212,#6888,#6889);
#5742=AXIS2_PLACEMENT_3D('',#9213,#6890,#6891);
#5743=AXIS2_PLACEMENT_3D('',#9216,#6892,#6893);
#5744=AXIS2_PLACEMENT_3D('',#9219,#6896,#6897);
#5745=AXIS2_PLACEMENT_3D('',#9222,#6898,#6899);
#5746=AXIS2_PLACEMENT_3D('',#9223,#6900,#6901);
#5747=AXIS2_PLACEMENT_3D('',#9224,#6902,#6903);
#5748=AXIS2_PLACEMENT_3D('',#9225,#6904,#6905);
#5749=AXIS2_PLACEMENT_3D('',#9228,#6908,#6909);
#5750=AXIS2_PLACEMENT_3D('',#9230,#6911,#6912);
#5751=AXIS2_PLACEMENT_3D('',#9232,#6914,#6915);
#5752=AXIS2_PLACEMENT_3D('',#9234,#6917,#6918);
#5753=AXIS2_PLACEMENT_3D('',#9236,#6920,#6921);
#5754=AXIS2_PLACEMENT_3D('',#9238,#6922,#6923);
#5755=AXIS2_PLACEMENT_3D('',#9239,#6924,#6925);
#5756=AXIS2_PLACEMENT_3D('',#9241,#6927,#6928);
#5757=AXIS2_PLACEMENT_3D('',#9243,#6930,#6931);
#5758=AXIS2_PLACEMENT_3D('',#9245,#6933,#6934);
#5759=AXIS2_PLACEMENT_3D('',#9246,#6935,#6936);
#5760=AXIS2_PLACEMENT_3D('',#9247,#6937,#6938);
#5761=AXIS2_PLACEMENT_3D('',#9248,#6939,#6940);
#5762=AXIS2_PLACEMENT_3D('',#9249,#6941,#6942);
#5763=AXIS2_PLACEMENT_3D('',#9250,#6943,#6944);
#5764=AXIS2_PLACEMENT_3D('',#9251,#6945,#6946);
#5765=AXIS2_PLACEMENT_3D('',#9252,#6947,#6948);
#5766=AXIS2_PLACEMENT_3D('',#9254,#6949,#6950);
#5767=AXIS2_PLACEMENT_3D('',#9256,#6951,#6952);
#5768=AXIS2_PLACEMENT_3D('',#9258,#6953,#6954);
#5769=AXIS2_PLACEMENT_3D('',#9259,#6955,#6956);
#5770=AXIS2_PLACEMENT_3D('',#9260,#6957,#6958);
#5771=AXIS2_PLACEMENT_3D('',#9264,#6960,#6961);
#5772=AXIS2_PLACEMENT_3D('',#9265,#6962,#6963);
#5773=AXIS2_PLACEMENT_3D('',#9266,#6964,#6965);
#5774=AXIS2_PLACEMENT_3D('',#9267,#6966,#6967);
#5775=AXIS2_PLACEMENT_3D('',#9269,#6968,#6969);
#5776=AXIS2_PLACEMENT_3D('',#9270,#6970,#6971);
#5777=AXIS2_PLACEMENT_3D('',#9271,#6972,#6973);
#5778=AXIS2_PLACEMENT_3D('',#9272,#6974,#6975);
#5779=AXIS2_PLACEMENT_3D('',#9273,#6976,#6977);
#5780=AXIS2_PLACEMENT_3D('',#9274,#6978,#6979);
#5781=AXIS2_PLACEMENT_3D('',#9275,#6980,#6981);
#5782=AXIS2_PLACEMENT_3D('',#9276,#6982,#6983);
#5783=AXIS2_PLACEMENT_3D('',#9277,#6984,#6985);
#5784=AXIS2_PLACEMENT_3D('',#9279,#6986,#6987);
#5785=AXIS2_PLACEMENT_3D('',#9280,#6988,#6989);
#5786=AXIS2_PLACEMENT_3D('',#9282,#6990,#6991);
#5787=AXIS2_PLACEMENT_3D('',#9285,#6993,#6994);
#5788=AXIS2_PLACEMENT_3D('',#9286,#6995,#6996);
#5789=AXIS2_PLACEMENT_3D('',#9289,#6997,#6998);
#5790=AXIS2_PLACEMENT_3D('',#9290,#6999,#7000);
#5791=AXIS2_PLACEMENT_3D('',#9292,#7001,#7002);
#5792=AXIS2_PLACEMENT_3D('',#9293,#7003,#7004);
#5793=AXIS2_PLACEMENT_3D('',#9294,#7005,#7006);
#5794=AXIS2_PLACEMENT_3D('',#9297,#7007,#7008);
#5795=AXIS2_PLACEMENT_3D('',#9298,#7009,#7010);
#5796=AXIS2_PLACEMENT_3D('',#9300,#7012,#7013);
#5797=AXIS2_PLACEMENT_3D('',#9305,#7015,#7016);
#5798=AXIS2_PLACEMENT_3D('',#9309,#7018,#7019);
#5799=AXIS2_PLACEMENT_3D('',#9311,#7020,#7021);
#5800=AXIS2_PLACEMENT_3D('',#9313,#7022,#7023);
#5801=AXIS2_PLACEMENT_3D('',#9315,#7024,#7025);
#5802=AXIS2_PLACEMENT_3D('',#9316,#7026,#7027);
#5803=AXIS2_PLACEMENT_3D('',#9317,#7028,#7029);
#5804=AXIS2_PLACEMENT_3D('',#9319,#7030,#7031);
#5805=AXIS2_PLACEMENT_3D('',#9320,#7032,#7033);
#5806=AXIS2_PLACEMENT_3D('',#9321,#7034,#7035);
#5807=AXIS2_PLACEMENT_3D('',#9323,#7036,#7037);
#5808=AXIS2_PLACEMENT_3D('',#9324,#7038,#7039);
#5809=AXIS2_PLACEMENT_3D('',#9326,#7040,#7041);
#5810=AXIS2_PLACEMENT_3D('',#9328,#7042,#7043);
#5811=AXIS2_PLACEMENT_3D('',#9329,#7044,#7045);
#5812=AXIS2_PLACEMENT_3D('',#9330,#7046,#7047);
#5813=AXIS2_PLACEMENT_3D('',#9333,#7048,#7049);
#5814=AXIS2_PLACEMENT_3D('',#9335,#7050,#7051);
#5815=AXIS2_PLACEMENT_3D('',#9337,#7052,#7053);
#5816=AXIS2_PLACEMENT_3D('',#9338,#7054,#7055);
#5817=AXIS2_PLACEMENT_3D('',#9339,#7056,#7057);
#5818=AXIS2_PLACEMENT_3D('',#9342,#7058,#7059);
#5819=AXIS2_PLACEMENT_3D('',#9343,#7060,#7061);
#5820=AXIS2_PLACEMENT_3D('',#9344,#7062,#7063);
#5821=AXIS2_PLACEMENT_3D('',#9345,#7064,#7065);
#5822=AXIS2_PLACEMENT_3D('',#9348,#7066,#7067);
#5823=AXIS2_PLACEMENT_3D('',#9349,#7068,#7069);
#5824=AXIS2_PLACEMENT_3D('',#9350,#7070,#7071);
#5825=AXIS2_PLACEMENT_3D('',#9351,#7072,#7073);
#5826=AXIS2_PLACEMENT_3D('',#9354,#7074,#7075);
#5827=AXIS2_PLACEMENT_3D('',#9355,#7076,#7077);
#5828=AXIS2_PLACEMENT_3D('',#9356,#7078,#7079);
#5829=AXIS2_PLACEMENT_3D('',#9357,#7080,#7081);
#5830=AXIS2_PLACEMENT_3D('',#9360,#7082,#7083);
#5831=AXIS2_PLACEMENT_3D('',#9361,#7084,#7085);
#5832=AXIS2_PLACEMENT_3D('',#9362,#7086,#7087);
#5833=AXIS2_PLACEMENT_3D('',#9363,#7088,#7089);
#5834=AXIS2_PLACEMENT_3D('',#9366,#7090,#7091);
#5835=AXIS2_PLACEMENT_3D('',#9369,#7094,#7095);
#5836=AXIS2_PLACEMENT_3D('',#9372,#7096,#7097);
#5837=AXIS2_PLACEMENT_3D('',#9373,#7098,#7099);
#5838=AXIS2_PLACEMENT_3D('',#9374,#7100,#7101);
#5839=AXIS2_PLACEMENT_3D('',#9375,#7102,#7103);
#5840=AXIS2_PLACEMENT_3D('',#9378,#7106,#7107);
#5841=AXIS2_PLACEMENT_3D('',#9382,#7109,#7110);
#5842=AXIS2_PLACEMENT_3D('',#9384,#7112,#7113);
#5843=AXIS2_PLACEMENT_3D('',#9386,#7114,#7115);
#5844=AXIS2_PLACEMENT_3D('',#9388,#7117,#7118);
#5845=AXIS2_PLACEMENT_3D('',#9390,#7119,#7120);
#5846=AXIS2_PLACEMENT_3D('',#9392,#7122,#7123);
#5847=AXIS2_PLACEMENT_3D('',#9394,#7124,#7125);
#5848=AXIS2_PLACEMENT_3D('',#9396,#7127,#7128);
#5849=AXIS2_PLACEMENT_3D('',#9397,#7129,#7130);
#5850=AXIS2_PLACEMENT_3D('',#9399,#7131,#7132);
#5851=AXIS2_PLACEMENT_3D('',#9401,#7133,#7134);
#5852=AXIS2_PLACEMENT_3D('',#9403,#7136,#7137);
#5853=AXIS2_PLACEMENT_3D('',#9404,#7138,#7139);
#5854=AXIS2_PLACEMENT_3D('',#9405,#7140,#7141);
#5855=AXIS2_PLACEMENT_3D('',#9406,#7142,#7143);
#5856=AXIS2_PLACEMENT_3D('',#9407,#7144,#7145);
#5857=AXIS2_PLACEMENT_3D('',#9408,#7146,#7147);
#5858=AXIS2_PLACEMENT_3D('',#9409,#7148,#7149);
#5859=AXIS2_PLACEMENT_3D('',#9410,#7150,#7151);
#5860=AXIS2_PLACEMENT_3D('',#9411,#7152,#7153);
#5861=AXIS2_PLACEMENT_3D('',#9412,#7154,#7155);
#5862=AXIS2_PLACEMENT_3D('',#9413,#7156,#7157);
#5863=AXIS2_PLACEMENT_3D('',#9414,#7158,#7159);
#5864=AXIS2_PLACEMENT_3D('',#9416,#7160,#7161);
#5865=AXIS2_PLACEMENT_3D('',#9418,#7163,#7164);
#5866=AXIS2_PLACEMENT_3D('',#9419,#7165,#7166);
#5867=AXIS2_PLACEMENT_3D('',#9420,#7167,#7168);
#5868=AXIS2_PLACEMENT_3D('',#9422,#7170,#7171);
#5869=AXIS2_PLACEMENT_3D('',#9424,#7173,#7174);
#5870=AXIS2_PLACEMENT_3D('',#9426,#7176,#7177);
#5871=AXIS2_PLACEMENT_3D('',#9427,#7178,#7179);
#5872=AXIS2_PLACEMENT_3D('',#9430,#7180,#7181);
#5873=AXIS2_PLACEMENT_3D('',#9432,#7182,#7183);
#5874=AXIS2_PLACEMENT_3D('',#9433,#7184,#7185);
#5875=AXIS2_PLACEMENT_3D('',#9434,#7186,#7187);
#5876=AXIS2_PLACEMENT_3D('',#9435,#7188,#7189);
#5877=AXIS2_PLACEMENT_3D('',#9438,#7190,#7191);
#5878=AXIS2_PLACEMENT_3D('',#9440,#7193,#7194);
#5879=AXIS2_PLACEMENT_3D('',#9441,#7195,#7196);
#5880=AXIS2_PLACEMENT_3D('',#9446,#7198,#7199);
#5881=AXIS2_PLACEMENT_3D('',#9448,#7200,#7201);
#5882=AXIS2_PLACEMENT_3D('',#9450,#7202,#7203);
#5883=AXIS2_PLACEMENT_3D('',#9452,#7204,#7205);
#5884=AXIS2_PLACEMENT_3D('',#9454,#7206,#7207);
#5885=AXIS2_PLACEMENT_3D('',#9457,#7209,#7210);
#5886=AXIS2_PLACEMENT_3D('',#9458,#7211,#7212);
#5887=AXIS2_PLACEMENT_3D('',#9460,#7213,#7214);
#5888=AXIS2_PLACEMENT_3D('',#9461,#7215,#7216);
#5889=AXIS2_PLACEMENT_3D('',#9462,#7217,#7218);
#5890=AXIS2_PLACEMENT_3D('',#9464,#7219,#7220);
#5891=AXIS2_PLACEMENT_3D('',#9465,#7221,#7222);
#5892=AXIS2_PLACEMENT_3D('',#9467,#7223,#7224);
#5893=AXIS2_PLACEMENT_3D('',#9469,#7225,#7226);
#5894=AXIS2_PLACEMENT_3D('',#9470,#7227,#7228);
#5895=AXIS2_PLACEMENT_3D('',#9471,#7229,#7230);
#5896=AXIS2_PLACEMENT_3D('',#9474,#7231,#7232);
#5897=AXIS2_PLACEMENT_3D('',#9476,#7233,#7234);
#5898=AXIS2_PLACEMENT_3D('',#9478,#7235,#7236);
#5899=AXIS2_PLACEMENT_3D('',#9479,#7237,#7238);
#5900=AXIS2_PLACEMENT_3D('',#9480,#7239,#7240);
#5901=AXIS2_PLACEMENT_3D('',#9483,#7241,#7242);
#5902=AXIS2_PLACEMENT_3D('',#9484,#7243,#7244);
#5903=AXIS2_PLACEMENT_3D('',#9485,#7245,#7246);
#5904=AXIS2_PLACEMENT_3D('',#9486,#7247,#7248);
#5905=AXIS2_PLACEMENT_3D('',#9489,#7249,#7250);
#5906=AXIS2_PLACEMENT_3D('',#9490,#7251,#7252);
#5907=AXIS2_PLACEMENT_3D('',#9491,#7253,#7254);
#5908=AXIS2_PLACEMENT_3D('',#9492,#7255,#7256);
#5909=AXIS2_PLACEMENT_3D('',#9495,#7257,#7258);
#5910=AXIS2_PLACEMENT_3D('',#9496,#7259,#7260);
#5911=AXIS2_PLACEMENT_3D('',#9497,#7261,#7262);
#5912=AXIS2_PLACEMENT_3D('',#9498,#7263,#7264);
#5913=AXIS2_PLACEMENT_3D('',#9501,#7265,#7266);
#5914=AXIS2_PLACEMENT_3D('',#9502,#7267,#7268);
#5915=AXIS2_PLACEMENT_3D('',#9503,#7269,#7270);
#5916=AXIS2_PLACEMENT_3D('',#9504,#7271,#7272);
#5917=AXIS2_PLACEMENT_3D('',#9507,#7273,#7274);
#5918=AXIS2_PLACEMENT_3D('',#9510,#7277,#7278);
#5919=AXIS2_PLACEMENT_3D('',#9513,#7279,#7280);
#5920=AXIS2_PLACEMENT_3D('',#9514,#7281,#7282);
#5921=AXIS2_PLACEMENT_3D('',#9515,#7283,#7284);
#5922=AXIS2_PLACEMENT_3D('',#9516,#7285,#7286);
#5923=AXIS2_PLACEMENT_3D('',#9519,#7289,#7290);
#5924=AXIS2_PLACEMENT_3D('',#9523,#7292,#7293);
#5925=AXIS2_PLACEMENT_3D('',#9525,#7295,#7296);
#5926=AXIS2_PLACEMENT_3D('',#9528,#7298,#7299);
#5927=AXIS2_PLACEMENT_3D('',#9529,#7300,#7301);
#5928=AXIS2_PLACEMENT_3D('',#9532,#7303,#7304);
#5929=AXIS2_PLACEMENT_3D('',#9533,#7305,#7306);
#5930=AXIS2_PLACEMENT_3D('',#9536,#7308,#7309);
#5931=AXIS2_PLACEMENT_3D('',#9537,#7310,#7311);
#5932=AXIS2_PLACEMENT_3D('',#9538,#7312,#7313);
#5933=AXIS2_PLACEMENT_3D('',#9540,#7314,#7315);
#5934=AXIS2_PLACEMENT_3D('',#9543,#7317,#7318);
#5935=AXIS2_PLACEMENT_3D('',#9544,#7319,#7320);
#5936=AXIS2_PLACEMENT_3D('',#9545,#7321,#7322);
#5937=AXIS2_PLACEMENT_3D('',#9546,#7323,#7324);
#5938=AXIS2_PLACEMENT_3D('',#9547,#7325,#7326);
#5939=AXIS2_PLACEMENT_3D('',#9548,#7327,#7328);
#5940=AXIS2_PLACEMENT_3D('',#9549,#7329,#7330);
#5941=AXIS2_PLACEMENT_3D('',#9550,#7331,#7332);
#5942=AXIS2_PLACEMENT_3D('',#9551,#7333,#7334);
#5943=AXIS2_PLACEMENT_3D('',#9552,#7335,#7336);
#5944=AXIS2_PLACEMENT_3D('',#9553,#7337,#7338);
#5945=AXIS2_PLACEMENT_3D('',#9554,#7339,#7340);
#5946=AXIS2_PLACEMENT_3D('',#9555,#7341,#7342);
#5947=AXIS2_PLACEMENT_3D('',#9557,#7343,#7344);
#5948=AXIS2_PLACEMENT_3D('',#9559,#7346,#7347);
#5949=AXIS2_PLACEMENT_3D('',#9560,#7348,#7349);
#5950=AXIS2_PLACEMENT_3D('',#9561,#7350,#7351);
#5951=AXIS2_PLACEMENT_3D('',#9563,#7353,#7354);
#5952=AXIS2_PLACEMENT_3D('',#9565,#7356,#7357);
#5953=AXIS2_PLACEMENT_3D('',#9567,#7359,#7360);
#5954=AXIS2_PLACEMENT_3D('',#9568,#7361,#7362);
#5955=AXIS2_PLACEMENT_3D('',#9570,#7363,#7364);
#5956=AXIS2_PLACEMENT_3D('',#9573,#7366,#7367);
#5957=AXIS2_PLACEMENT_3D('',#9574,#7368,#7369);
#5958=AXIS2_PLACEMENT_3D('',#9577,#7370,#7371);
#5959=AXIS2_PLACEMENT_3D('',#9578,#7372,#7373);
#5960=AXIS2_PLACEMENT_3D('',#9580,#7374,#7375);
#5961=AXIS2_PLACEMENT_3D('',#9581,#7376,#7377);
#5962=AXIS2_PLACEMENT_3D('',#9582,#7378,#7379);
#5963=AXIS2_PLACEMENT_3D('',#9585,#7380,#7381);
#5964=AXIS2_PLACEMENT_3D('',#9586,#7382,#7383);
#5965=AXIS2_PLACEMENT_3D('',#9588,#7385,#7386);
#5966=AXIS2_PLACEMENT_3D('',#9593,#7388,#7389);
#5967=AXIS2_PLACEMENT_3D('',#9597,#7391,#7392);
#5968=AXIS2_PLACEMENT_3D('',#9599,#7393,#7394);
#5969=AXIS2_PLACEMENT_3D('',#9601,#7395,#7396);
#5970=AXIS2_PLACEMENT_3D('',#9603,#7397,#7398);
#5971=AXIS2_PLACEMENT_3D('',#9604,#7399,#7400);
#5972=AXIS2_PLACEMENT_3D('',#9605,#7401,#7402);
#5973=AXIS2_PLACEMENT_3D('',#9607,#7403,#7404);
#5974=AXIS2_PLACEMENT_3D('',#9608,#7405,#7406);
#5975=AXIS2_PLACEMENT_3D('',#9609,#7407,#7408);
#5976=AXIS2_PLACEMENT_3D('',#9611,#7409,#7410);
#5977=AXIS2_PLACEMENT_3D('',#9612,#7411,#7412);
#5978=AXIS2_PLACEMENT_3D('',#9614,#7413,#7414);
#5979=AXIS2_PLACEMENT_3D('',#9616,#7415,#7416);
#5980=AXIS2_PLACEMENT_3D('',#9617,#7417,#7418);
#5981=AXIS2_PLACEMENT_3D('',#9618,#7419,#7420);
#5982=AXIS2_PLACEMENT_3D('',#9620,#7422,#7423);
#5983=AXIS2_PLACEMENT_3D('',#9623,#7424,#7425);
#5984=AXIS2_PLACEMENT_3D('',#9625,#7426,#7427);
#5985=AXIS2_PLACEMENT_3D('',#9627,#7428,#7429);
#5986=AXIS2_PLACEMENT_3D('',#9628,#7430,#7431);
#5987=AXIS2_PLACEMENT_3D('',#9629,#7432,#7433);
#5988=AXIS2_PLACEMENT_3D('',#9632,#7434,#7435);
#5989=AXIS2_PLACEMENT_3D('',#9633,#7436,#7437);
#5990=AXIS2_PLACEMENT_3D('',#9634,#7438,#7439);
#5991=AXIS2_PLACEMENT_3D('',#9635,#7440,#7441);
#5992=AXIS2_PLACEMENT_3D('',#9638,#7442,#7443);
#5993=AXIS2_PLACEMENT_3D('',#9639,#7444,#7445);
#5994=AXIS2_PLACEMENT_3D('',#9640,#7446,#7447);
#5995=AXIS2_PLACEMENT_3D('',#9641,#7448,#7449);
#5996=AXIS2_PLACEMENT_3D('',#9644,#7450,#7451);
#5997=AXIS2_PLACEMENT_3D('',#9645,#7452,#7453);
#5998=AXIS2_PLACEMENT_3D('',#9646,#7454,#7455);
#5999=AXIS2_PLACEMENT_3D('',#9647,#7456,#7457);
#6000=AXIS2_PLACEMENT_3D('',#9650,#7458,#7459);
#6001=AXIS2_PLACEMENT_3D('',#9651,#7460,#7461);
#6002=AXIS2_PLACEMENT_3D('',#9652,#7462,#7463);
#6003=AXIS2_PLACEMENT_3D('',#9653,#7464,#7465);
#6004=AXIS2_PLACEMENT_3D('',#9656,#7466,#7467);
#6005=AXIS2_PLACEMENT_3D('',#9659,#7470,#7471);
#6006=AXIS2_PLACEMENT_3D('',#9662,#7472,#7473);
#6007=AXIS2_PLACEMENT_3D('',#9663,#7474,#7475);
#6008=AXIS2_PLACEMENT_3D('',#9664,#7476,#7477);
#6009=AXIS2_PLACEMENT_3D('',#9665,#7478,#7479);
#6010=AXIS2_PLACEMENT_3D('',#9668,#7482,#7483);
#6011=AXIS2_PLACEMENT_3D('',#9672,#7485,#7486);
#6012=AXIS2_PLACEMENT_3D('',#9674,#7488,#7489);
#6013=AXIS2_PLACEMENT_3D('',#9676,#7490,#7491);
#6014=AXIS2_PLACEMENT_3D('',#9678,#7493,#7494);
#6015=AXIS2_PLACEMENT_3D('',#9680,#7495,#7496);
#6016=AXIS2_PLACEMENT_3D('',#9682,#7498,#7499);
#6017=AXIS2_PLACEMENT_3D('',#9684,#7500,#7501);
#6018=AXIS2_PLACEMENT_3D('',#9686,#7503,#7504);
#6019=AXIS2_PLACEMENT_3D('',#9687,#7505,#7506);
#6020=AXIS2_PLACEMENT_3D('',#9689,#7507,#7508);
#6021=AXIS2_PLACEMENT_3D('',#9691,#7509,#7510);
#6022=AXIS2_PLACEMENT_3D('',#9693,#7512,#7513);
#6023=AXIS2_PLACEMENT_3D('',#9694,#7514,#7515);
#6024=AXIS2_PLACEMENT_3D('',#9695,#7516,#7517);
#6025=AXIS2_PLACEMENT_3D('',#9696,#7518,#7519);
#6026=AXIS2_PLACEMENT_3D('',#9697,#7520,#7521);
#6027=AXIS2_PLACEMENT_3D('',#9698,#7522,#7523);
#6028=AXIS2_PLACEMENT_3D('',#9699,#7524,#7525);
#6029=AXIS2_PLACEMENT_3D('',#9700,#7526,#7527);
#6030=AXIS2_PLACEMENT_3D('',#9701,#7528,#7529);
#6031=AXIS2_PLACEMENT_3D('',#9702,#7530,#7531);
#6032=AXIS2_PLACEMENT_3D('',#9703,#7532,#7533);
#6033=AXIS2_PLACEMENT_3D('',#9704,#7534,#7535);
#6034=AXIS2_PLACEMENT_3D('',#9706,#7536,#7537);
#6035=AXIS2_PLACEMENT_3D('',#9708,#7539,#7540);
#6036=AXIS2_PLACEMENT_3D('',#9709,#7541,#7542);
#6037=AXIS2_PLACEMENT_3D('',#9710,#7543,#7544);
#6038=AXIS2_PLACEMENT_3D('',#9712,#7546,#7547);
#6039=AXIS2_PLACEMENT_3D('',#9714,#7549,#7550);
#6040=AXIS2_PLACEMENT_3D('',#9716,#7552,#7553);
#6041=AXIS2_PLACEMENT_3D('',#9717,#7554,#7555);
#6042=AXIS2_PLACEMENT_3D('',#9720,#7556,#7557);
#6043=AXIS2_PLACEMENT_3D('',#9722,#7558,#7559);
#6044=AXIS2_PLACEMENT_3D('',#9723,#7560,#7561);
#6045=AXIS2_PLACEMENT_3D('',#9724,#7562,#7563);
#6046=AXIS2_PLACEMENT_3D('',#9725,#7564,#7565);
#6047=AXIS2_PLACEMENT_3D('',#9728,#7566,#7567);
#6048=AXIS2_PLACEMENT_3D('',#9730,#7569,#7570);
#6049=AXIS2_PLACEMENT_3D('',#9731,#7571,#7572);
#6050=AXIS2_PLACEMENT_3D('',#9736,#7574,#7575);
#6051=AXIS2_PLACEMENT_3D('',#9738,#7576,#7577);
#6052=AXIS2_PLACEMENT_3D('',#9740,#7578,#7579);
#6053=AXIS2_PLACEMENT_3D('',#9742,#7580,#7581);
#6054=AXIS2_PLACEMENT_3D('',#9744,#7582,#7583);
#6055=AXIS2_PLACEMENT_3D('',#9747,#7585,#7586);
#6056=AXIS2_PLACEMENT_3D('',#9748,#7587,#7588);
#6057=AXIS2_PLACEMENT_3D('',#9750,#7589,#7590);
#6058=AXIS2_PLACEMENT_3D('',#9751,#7591,#7592);
#6059=AXIS2_PLACEMENT_3D('',#9752,#7593,#7594);
#6060=AXIS2_PLACEMENT_3D('',#9754,#7595,#7596);
#6061=AXIS2_PLACEMENT_3D('',#9755,#7597,#7598);
#6062=AXIS2_PLACEMENT_3D('',#9757,#7599,#7600);
#6063=AXIS2_PLACEMENT_3D('',#9759,#7601,#7602);
#6064=AXIS2_PLACEMENT_3D('',#9760,#7603,#7604);
#6065=AXIS2_PLACEMENT_3D('',#9761,#7605,#7606);
#6066=AXIS2_PLACEMENT_3D('',#9764,#7607,#7608);
#6067=AXIS2_PLACEMENT_3D('',#9766,#7609,#7610);
#6068=AXIS2_PLACEMENT_3D('',#9768,#7611,#7612);
#6069=AXIS2_PLACEMENT_3D('',#9769,#7613,#7614);
#6070=AXIS2_PLACEMENT_3D('',#9770,#7615,#7616);
#6071=AXIS2_PLACEMENT_3D('',#9773,#7617,#7618);
#6072=AXIS2_PLACEMENT_3D('',#9774,#7619,#7620);
#6073=AXIS2_PLACEMENT_3D('',#9775,#7621,#7622);
#6074=AXIS2_PLACEMENT_3D('',#9776,#7623,#7624);
#6075=AXIS2_PLACEMENT_3D('',#9779,#7625,#7626);
#6076=AXIS2_PLACEMENT_3D('',#9780,#7627,#7628);
#6077=AXIS2_PLACEMENT_3D('',#9781,#7629,#7630);
#6078=AXIS2_PLACEMENT_3D('',#9782,#7631,#7632);
#6079=AXIS2_PLACEMENT_3D('',#9785,#7633,#7634);
#6080=AXIS2_PLACEMENT_3D('',#9786,#7635,#7636);
#6081=AXIS2_PLACEMENT_3D('',#9787,#7637,#7638);
#6082=AXIS2_PLACEMENT_3D('',#9788,#7639,#7640);
#6083=AXIS2_PLACEMENT_3D('',#9791,#7641,#7642);
#6084=AXIS2_PLACEMENT_3D('',#9792,#7643,#7644);
#6085=AXIS2_PLACEMENT_3D('',#9793,#7645,#7646);
#6086=AXIS2_PLACEMENT_3D('',#9794,#7647,#7648);
#6087=AXIS2_PLACEMENT_3D('',#9797,#7649,#7650);
#6088=AXIS2_PLACEMENT_3D('',#9800,#7653,#7654);
#6089=AXIS2_PLACEMENT_3D('',#9803,#7655,#7656);
#6090=AXIS2_PLACEMENT_3D('',#9804,#7657,#7658);
#6091=AXIS2_PLACEMENT_3D('',#9805,#7659,#7660);
#6092=AXIS2_PLACEMENT_3D('',#9806,#7661,#7662);
#6093=AXIS2_PLACEMENT_3D('',#9809,#7665,#7666);
#6094=AXIS2_PLACEMENT_3D('',#9813,#7668,#7669);
#6095=AXIS2_PLACEMENT_3D('',#9815,#7671,#7672);
#6096=AXIS2_PLACEMENT_3D('',#9818,#7674,#7675);
#6097=AXIS2_PLACEMENT_3D('',#9819,#7676,#7677);
#6098=AXIS2_PLACEMENT_3D('',#9822,#7679,#7680);
#6099=AXIS2_PLACEMENT_3D('',#9823,#7681,#7682);
#6100=AXIS2_PLACEMENT_3D('',#9826,#7684,#7685);
#6101=AXIS2_PLACEMENT_3D('',#9827,#7686,#7687);
#6102=AXIS2_PLACEMENT_3D('',#9828,#7688,#7689);
#6103=AXIS2_PLACEMENT_3D('',#9830,#7690,#7691);
#6104=AXIS2_PLACEMENT_3D('',#9833,#7693,#7694);
#6105=AXIS2_PLACEMENT_3D('',#9834,#7695,#7696);
#6106=AXIS2_PLACEMENT_3D('',#9835,#7697,#7698);
#6107=AXIS2_PLACEMENT_3D('',#9836,#7699,#7700);
#6108=AXIS2_PLACEMENT_3D('',#9837,#7701,#7702);
#6109=AXIS2_PLACEMENT_3D('',#9838,#7703,#7704);
#6110=AXIS2_PLACEMENT_3D('',#9839,#7705,#7706);
#6111=AXIS2_PLACEMENT_3D('',#9840,#7707,#7708);
#6112=AXIS2_PLACEMENT_3D('',#9841,#7709,#7710);
#6113=AXIS2_PLACEMENT_3D('',#9842,#7711,#7712);
#6114=AXIS2_PLACEMENT_3D('',#9843,#7713,#7714);
#6115=AXIS2_PLACEMENT_3D('',#9844,#7715,#7716);
#6116=AXIS2_PLACEMENT_3D('',#9845,#7717,#7718);
#6117=AXIS2_PLACEMENT_3D('',#9847,#7719,#7720);
#6118=AXIS2_PLACEMENT_3D('',#9849,#7722,#7723);
#6119=AXIS2_PLACEMENT_3D('',#9850,#7724,#7725);
#6120=AXIS2_PLACEMENT_3D('',#9851,#7726,#7727);
#6121=AXIS2_PLACEMENT_3D('',#9853,#7729,#7730);
#6122=AXIS2_PLACEMENT_3D('',#9855,#7732,#7733);
#6123=AXIS2_PLACEMENT_3D('',#9857,#7735,#7736);
#6124=AXIS2_PLACEMENT_3D('',#9858,#7737,#7738);
#6125=AXIS2_PLACEMENT_3D('',#9860,#7739,#7740);
#6126=AXIS2_PLACEMENT_3D('',#9863,#7742,#7743);
#6127=AXIS2_PLACEMENT_3D('',#9864,#7744,#7745);
#6128=AXIS2_PLACEMENT_3D('',#9867,#7746,#7747);
#6129=AXIS2_PLACEMENT_3D('',#9868,#7748,#7749);
#6130=AXIS2_PLACEMENT_3D('',#9870,#7750,#7751);
#6131=AXIS2_PLACEMENT_3D('',#9871,#7752,#7753);
#6132=AXIS2_PLACEMENT_3D('',#9872,#7754,#7755);
#6133=AXIS2_PLACEMENT_3D('',#9875,#7756,#7757);
#6134=AXIS2_PLACEMENT_3D('',#9876,#7758,#7759);
#6135=AXIS2_PLACEMENT_3D('',#9878,#7761,#7762);
#6136=AXIS2_PLACEMENT_3D('',#9883,#7764,#7765);
#6137=AXIS2_PLACEMENT_3D('',#9887,#7767,#7768);
#6138=AXIS2_PLACEMENT_3D('',#9889,#7769,#7770);
#6139=AXIS2_PLACEMENT_3D('',#9891,#7771,#7772);
#6140=AXIS2_PLACEMENT_3D('',#9893,#7773,#7774);
#6141=AXIS2_PLACEMENT_3D('',#9894,#7775,#7776);
#6142=AXIS2_PLACEMENT_3D('',#9895,#7777,#7778);
#6143=AXIS2_PLACEMENT_3D('',#9897,#7779,#7780);
#6144=AXIS2_PLACEMENT_3D('',#9898,#7781,#7782);
#6145=AXIS2_PLACEMENT_3D('',#9899,#7783,#7784);
#6146=AXIS2_PLACEMENT_3D('',#9901,#7785,#7786);
#6147=AXIS2_PLACEMENT_3D('',#9902,#7787,#7788);
#6148=AXIS2_PLACEMENT_3D('',#9904,#7789,#7790);
#6149=AXIS2_PLACEMENT_3D('',#9906,#7791,#7792);
#6150=AXIS2_PLACEMENT_3D('',#9907,#7793,#7794);
#6151=AXIS2_PLACEMENT_3D('',#9908,#7795,#7796);
#6152=AXIS2_PLACEMENT_3D('',#9910,#7798,#7799);
#6153=AXIS2_PLACEMENT_3D('',#9913,#7800,#7801);
#6154=AXIS2_PLACEMENT_3D('',#9915,#7802,#7803);
#6155=AXIS2_PLACEMENT_3D('',#9917,#7804,#7805);
#6156=AXIS2_PLACEMENT_3D('',#9918,#7806,#7807);
#6157=AXIS2_PLACEMENT_3D('',#9919,#7808,#7809);
#6158=AXIS2_PLACEMENT_3D('',#9922,#7810,#7811);
#6159=AXIS2_PLACEMENT_3D('',#9923,#7812,#7813);
#6160=AXIS2_PLACEMENT_3D('',#9924,#7814,#7815);
#6161=AXIS2_PLACEMENT_3D('',#9925,#7816,#7817);
#6162=AXIS2_PLACEMENT_3D('',#9928,#7818,#7819);
#6163=AXIS2_PLACEMENT_3D('',#9929,#7820,#7821);
#6164=AXIS2_PLACEMENT_3D('',#9930,#7822,#7823);
#6165=AXIS2_PLACEMENT_3D('',#9931,#7824,#7825);
#6166=AXIS2_PLACEMENT_3D('',#9934,#7826,#7827);
#6167=AXIS2_PLACEMENT_3D('',#9935,#7828,#7829);
#6168=AXIS2_PLACEMENT_3D('',#9936,#7830,#7831);
#6169=AXIS2_PLACEMENT_3D('',#9937,#7832,#7833);
#6170=AXIS2_PLACEMENT_3D('',#9940,#7834,#7835);
#6171=AXIS2_PLACEMENT_3D('',#9941,#7836,#7837);
#6172=AXIS2_PLACEMENT_3D('',#9942,#7838,#7839);
#6173=AXIS2_PLACEMENT_3D('',#9943,#7840,#7841);
#6174=AXIS2_PLACEMENT_3D('',#9946,#7842,#7843);
#6175=AXIS2_PLACEMENT_3D('',#9949,#7846,#7847);
#6176=AXIS2_PLACEMENT_3D('',#9952,#7848,#7849);
#6177=AXIS2_PLACEMENT_3D('',#9953,#7850,#7851);
#6178=AXIS2_PLACEMENT_3D('',#9954,#7852,#7853);
#6179=AXIS2_PLACEMENT_3D('',#9955,#7854,#7855);
#6180=AXIS2_PLACEMENT_3D('',#9958,#7858,#7859);
#6181=AXIS2_PLACEMENT_3D('',#9962,#7861,#7862);
#6182=AXIS2_PLACEMENT_3D('',#9964,#7864,#7865);
#6183=AXIS2_PLACEMENT_3D('',#9966,#7866,#7867);
#6184=AXIS2_PLACEMENT_3D('',#9968,#7869,#7870);
#6185=AXIS2_PLACEMENT_3D('',#9970,#7871,#7872);
#6186=AXIS2_PLACEMENT_3D('',#9972,#7874,#7875);
#6187=AXIS2_PLACEMENT_3D('',#9974,#7876,#7877);
#6188=AXIS2_PLACEMENT_3D('',#9976,#7879,#7880);
#6189=AXIS2_PLACEMENT_3D('',#9977,#7881,#7882);
#6190=AXIS2_PLACEMENT_3D('',#9979,#7883,#7884);
#6191=AXIS2_PLACEMENT_3D('',#9981,#7885,#7886);
#6192=AXIS2_PLACEMENT_3D('',#9983,#7888,#7889);
#6193=AXIS2_PLACEMENT_3D('',#9984,#7890,#7891);
#6194=AXIS2_PLACEMENT_3D('',#9985,#7892,#7893);
#6195=AXIS2_PLACEMENT_3D('',#9986,#7894,#7895);
#6196=AXIS2_PLACEMENT_3D('',#9987,#7896,#7897);
#6197=AXIS2_PLACEMENT_3D('',#9988,#7898,#7899);
#6198=AXIS2_PLACEMENT_3D('',#9989,#7900,#7901);
#6199=AXIS2_PLACEMENT_3D('',#9990,#7902,#7903);
#6200=AXIS2_PLACEMENT_3D('',#9991,#7904,#7905);
#6201=AXIS2_PLACEMENT_3D('',#9992,#7906,#7907);
#6202=AXIS2_PLACEMENT_3D('',#9993,#7908,#7909);
#6203=AXIS2_PLACEMENT_3D('',#9994,#7910,#7911);
#6204=AXIS2_PLACEMENT_3D('',#9996,#7912,#7913);
#6205=AXIS2_PLACEMENT_3D('',#9998,#7915,#7916);
#6206=AXIS2_PLACEMENT_3D('',#9999,#7917,#7918);
#6207=AXIS2_PLACEMENT_3D('',#10000,#7919,#7920);
#6208=AXIS2_PLACEMENT_3D('',#10002,#7922,#7923);
#6209=AXIS2_PLACEMENT_3D('',#10004,#7925,#7926);
#6210=AXIS2_PLACEMENT_3D('',#10006,#7928,#7929);
#6211=AXIS2_PLACEMENT_3D('',#10007,#7930,#7931);
#6212=AXIS2_PLACEMENT_3D('',#10010,#7932,#7933);
#6213=AXIS2_PLACEMENT_3D('',#10012,#7934,#7935);
#6214=AXIS2_PLACEMENT_3D('',#10013,#7936,#7937);
#6215=AXIS2_PLACEMENT_3D('',#10014,#7938,#7939);
#6216=AXIS2_PLACEMENT_3D('',#10015,#7940,#7941);
#6217=AXIS2_PLACEMENT_3D('',#10018,#7942,#7943);
#6218=AXIS2_PLACEMENT_3D('',#10020,#7945,#7946);
#6219=AXIS2_PLACEMENT_3D('',#10021,#7947,#7948);
#6220=AXIS2_PLACEMENT_3D('',#10026,#7950,#7951);
#6221=AXIS2_PLACEMENT_3D('',#10028,#7952,#7953);
#6222=AXIS2_PLACEMENT_3D('',#10030,#7954,#7955);
#6223=AXIS2_PLACEMENT_3D('',#10032,#7956,#7957);
#6224=AXIS2_PLACEMENT_3D('',#10034,#7958,#7959);
#6225=AXIS2_PLACEMENT_3D('',#10037,#7961,#7962);
#6226=AXIS2_PLACEMENT_3D('',#10038,#7963,#7964);
#6227=AXIS2_PLACEMENT_3D('',#10040,#7965,#7966);
#6228=AXIS2_PLACEMENT_3D('',#10041,#7967,#7968);
#6229=AXIS2_PLACEMENT_3D('',#10042,#7969,#7970);
#6230=AXIS2_PLACEMENT_3D('',#10044,#7971,#7972);
#6231=AXIS2_PLACEMENT_3D('',#10045,#7973,#7974);
#6232=AXIS2_PLACEMENT_3D('',#10047,#7975,#7976);
#6233=AXIS2_PLACEMENT_3D('',#10049,#7977,#7978);
#6234=AXIS2_PLACEMENT_3D('',#10050,#7979,#7980);
#6235=AXIS2_PLACEMENT_3D('',#10051,#7981,#7982);
#6236=AXIS2_PLACEMENT_3D('',#10053,#7984,#7985);
#6237=AXIS2_PLACEMENT_3D('',#10056,#7986,#7987);
#6238=AXIS2_PLACEMENT_3D('',#10058,#7988,#7989);
#6239=AXIS2_PLACEMENT_3D('',#10060,#7990,#7991);
#6240=AXIS2_PLACEMENT_3D('',#10061,#7992,#7993);
#6241=AXIS2_PLACEMENT_3D('',#10062,#7994,#7995);
#6242=AXIS2_PLACEMENT_3D('',#10065,#7996,#7997);
#6243=AXIS2_PLACEMENT_3D('',#10066,#7998,#7999);
#6244=AXIS2_PLACEMENT_3D('',#10067,#8000,#8001);
#6245=AXIS2_PLACEMENT_3D('',#10068,#8002,#8003);
#6246=AXIS2_PLACEMENT_3D('',#10071,#8004,#8005);
#6247=AXIS2_PLACEMENT_3D('',#10072,#8006,#8007);
#6248=AXIS2_PLACEMENT_3D('',#10073,#8008,#8009);
#6249=AXIS2_PLACEMENT_3D('',#10074,#8010,#8011);
#6250=AXIS2_PLACEMENT_3D('',#10077,#8012,#8013);
#6251=AXIS2_PLACEMENT_3D('',#10078,#8014,#8015);
#6252=AXIS2_PLACEMENT_3D('',#10079,#8016,#8017);
#6253=AXIS2_PLACEMENT_3D('',#10080,#8018,#8019);
#6254=AXIS2_PLACEMENT_3D('',#10083,#8020,#8021);
#6255=AXIS2_PLACEMENT_3D('',#10084,#8022,#8023);
#6256=AXIS2_PLACEMENT_3D('',#10085,#8024,#8025);
#6257=AXIS2_PLACEMENT_3D('',#10086,#8026,#8027);
#6258=AXIS2_PLACEMENT_3D('',#10089,#8028,#8029);
#6259=AXIS2_PLACEMENT_3D('',#10092,#8032,#8033);
#6260=AXIS2_PLACEMENT_3D('',#10095,#8034,#8035);
#6261=AXIS2_PLACEMENT_3D('',#10096,#8036,#8037);
#6262=AXIS2_PLACEMENT_3D('',#10097,#8038,#8039);
#6263=AXIS2_PLACEMENT_3D('',#10098,#8040,#8041);
#6264=AXIS2_PLACEMENT_3D('',#10101,#8044,#8045);
#6265=AXIS2_PLACEMENT_3D('',#10105,#8047,#8048);
#6266=AXIS2_PLACEMENT_3D('',#10107,#8050,#8051);
#6267=AXIS2_PLACEMENT_3D('',#10110,#8053,#8054);
#6268=AXIS2_PLACEMENT_3D('',#10111,#8055,#8056);
#6269=AXIS2_PLACEMENT_3D('',#10114,#8058,#8059);
#6270=AXIS2_PLACEMENT_3D('',#10115,#8060,#8061);
#6271=AXIS2_PLACEMENT_3D('',#10118,#8063,#8064);
#6272=AXIS2_PLACEMENT_3D('',#10119,#8065,#8066);
#6273=AXIS2_PLACEMENT_3D('',#10120,#8067,#8068);
#6274=AXIS2_PLACEMENT_3D('',#10122,#8069,#8070);
#6275=AXIS2_PLACEMENT_3D('',#10125,#8072,#8073);
#6276=AXIS2_PLACEMENT_3D('',#10126,#8074,#8075);
#6277=AXIS2_PLACEMENT_3D('',#10127,#8076,#8077);
#6278=AXIS2_PLACEMENT_3D('',#10128,#8078,#8079);
#6279=AXIS2_PLACEMENT_3D('',#10129,#8080,#8081);
#6280=AXIS2_PLACEMENT_3D('',#10130,#8082,#8083);
#6281=AXIS2_PLACEMENT_3D('',#10131,#8084,#8085);
#6282=AXIS2_PLACEMENT_3D('',#10132,#8086,#8087);
#6283=AXIS2_PLACEMENT_3D('',#10133,#8088,#8089);
#6284=AXIS2_PLACEMENT_3D('',#10134,#8090,#8091);
#6285=AXIS2_PLACEMENT_3D('',#10135,#8092,#8093);
#6286=AXIS2_PLACEMENT_3D('',#10136,#8094,#8095);
#6287=AXIS2_PLACEMENT_3D('',#10137,#8096,#8097);
#6288=AXIS2_PLACEMENT_3D('',#10139,#8098,#8099);
#6289=AXIS2_PLACEMENT_3D('',#10141,#8101,#8102);
#6290=AXIS2_PLACEMENT_3D('',#10142,#8103,#8104);
#6291=AXIS2_PLACEMENT_3D('',#10143,#8105,#8106);
#6292=AXIS2_PLACEMENT_3D('',#10145,#8108,#8109);
#6293=AXIS2_PLACEMENT_3D('',#10147,#8111,#8112);
#6294=AXIS2_PLACEMENT_3D('',#10149,#8114,#8115);
#6295=AXIS2_PLACEMENT_3D('',#10150,#8116,#8117);
#6296=AXIS2_PLACEMENT_3D('',#10152,#8118,#8119);
#6297=AXIS2_PLACEMENT_3D('',#10155,#8121,#8122);
#6298=AXIS2_PLACEMENT_3D('',#10156,#8123,#8124);
#6299=AXIS2_PLACEMENT_3D('',#10159,#8125,#8126);
#6300=AXIS2_PLACEMENT_3D('',#10160,#8127,#8128);
#6301=AXIS2_PLACEMENT_3D('',#10162,#8129,#8130);
#6302=AXIS2_PLACEMENT_3D('',#10163,#8131,#8132);
#6303=AXIS2_PLACEMENT_3D('',#10164,#8133,#8134);
#6304=AXIS2_PLACEMENT_3D('',#10167,#8135,#8136);
#6305=AXIS2_PLACEMENT_3D('',#10168,#8137,#8138);
#6306=AXIS2_PLACEMENT_3D('',#10170,#8140,#8141);
#6307=AXIS2_PLACEMENT_3D('',#10175,#8143,#8144);
#6308=AXIS2_PLACEMENT_3D('',#10179,#8146,#8147);
#6309=AXIS2_PLACEMENT_3D('',#10181,#8148,#8149);
#6310=AXIS2_PLACEMENT_3D('',#10183,#8150,#8151);
#6311=AXIS2_PLACEMENT_3D('',#10185,#8152,#8153);
#6312=AXIS2_PLACEMENT_3D('',#10186,#8154,#8155);
#6313=AXIS2_PLACEMENT_3D('',#10187,#8156,#8157);
#6314=AXIS2_PLACEMENT_3D('',#10189,#8158,#8159);
#6315=AXIS2_PLACEMENT_3D('',#10190,#8160,#8161);
#6316=AXIS2_PLACEMENT_3D('',#10191,#8162,#8163);
#6317=AXIS2_PLACEMENT_3D('',#10193,#8164,#8165);
#6318=AXIS2_PLACEMENT_3D('',#10194,#8166,#8167);
#6319=AXIS2_PLACEMENT_3D('',#10196,#8168,#8169);
#6320=AXIS2_PLACEMENT_3D('',#10198,#8170,#8171);
#6321=AXIS2_PLACEMENT_3D('',#10199,#8172,#8173);
#6322=AXIS2_PLACEMENT_3D('',#10200,#8174,#8175);
#6323=AXIS2_PLACEMENT_3D('',#10202,#8177,#8178);
#6324=AXIS2_PLACEMENT_3D('',#10205,#8179,#8180);
#6325=AXIS2_PLACEMENT_3D('',#10207,#8181,#8182);
#6326=AXIS2_PLACEMENT_3D('',#10209,#8183,#8184);
#6327=AXIS2_PLACEMENT_3D('',#10210,#8185,#8186);
#6328=AXIS2_PLACEMENT_3D('',#10211,#8187,#8188);
#6329=AXIS2_PLACEMENT_3D('',#10214,#8189,#8190);
#6330=AXIS2_PLACEMENT_3D('',#10215,#8191,#8192);
#6331=AXIS2_PLACEMENT_3D('',#10216,#8193,#8194);
#6332=AXIS2_PLACEMENT_3D('',#10217,#8195,#8196);
#6333=AXIS2_PLACEMENT_3D('',#10220,#8197,#8198);
#6334=AXIS2_PLACEMENT_3D('',#10221,#8199,#8200);
#6335=AXIS2_PLACEMENT_3D('',#10222,#8201,#8202);
#6336=AXIS2_PLACEMENT_3D('',#10223,#8203,#8204);
#6337=AXIS2_PLACEMENT_3D('',#10226,#8205,#8206);
#6338=AXIS2_PLACEMENT_3D('',#10227,#8207,#8208);
#6339=AXIS2_PLACEMENT_3D('',#10228,#8209,#8210);
#6340=AXIS2_PLACEMENT_3D('',#10229,#8211,#8212);
#6341=AXIS2_PLACEMENT_3D('',#10232,#8213,#8214);
#6342=AXIS2_PLACEMENT_3D('',#10233,#8215,#8216);
#6343=AXIS2_PLACEMENT_3D('',#10234,#8217,#8218);
#6344=AXIS2_PLACEMENT_3D('',#10235,#8219,#8220);
#6345=AXIS2_PLACEMENT_3D('',#10238,#8221,#8222);
#6346=AXIS2_PLACEMENT_3D('',#10241,#8225,#8226);
#6347=AXIS2_PLACEMENT_3D('',#10244,#8227,#8228);
#6348=AXIS2_PLACEMENT_3D('',#10245,#8229,#8230);
#6349=AXIS2_PLACEMENT_3D('',#10246,#8231,#8232);
#6350=AXIS2_PLACEMENT_3D('',#10247,#8233,#8234);
#6351=AXIS2_PLACEMENT_3D('',#10250,#8237,#8238);
#6352=AXIS2_PLACEMENT_3D('',#10254,#8240,#8241);
#6353=AXIS2_PLACEMENT_3D('',#10256,#8243,#8244);
#6354=AXIS2_PLACEMENT_3D('',#10258,#8245,#8246);
#6355=AXIS2_PLACEMENT_3D('',#10260,#8248,#8249);
#6356=AXIS2_PLACEMENT_3D('',#10262,#8250,#8251);
#6357=AXIS2_PLACEMENT_3D('',#10264,#8253,#8254);
#6358=AXIS2_PLACEMENT_3D('',#10266,#8255,#8256);
#6359=AXIS2_PLACEMENT_3D('',#10268,#8258,#8259);
#6360=AXIS2_PLACEMENT_3D('',#10269,#8260,#8261);
#6361=AXIS2_PLACEMENT_3D('',#10271,#8262,#8263);
#6362=AXIS2_PLACEMENT_3D('',#10273,#8264,#8265);
#6363=AXIS2_PLACEMENT_3D('',#10275,#8267,#8268);
#6364=AXIS2_PLACEMENT_3D('',#10276,#8269,#8270);
#6365=AXIS2_PLACEMENT_3D('',#10277,#8271,#8272);
#6366=AXIS2_PLACEMENT_3D('',#10278,#8273,#8274);
#6367=AXIS2_PLACEMENT_3D('',#10279,#8275,#8276);
#6368=AXIS2_PLACEMENT_3D('',#10280,#8277,#8278);
#6369=AXIS2_PLACEMENT_3D('',#10281,#8279,#8280);
#6370=AXIS2_PLACEMENT_3D('',#10282,#8281,#8282);
#6371=AXIS2_PLACEMENT_3D('',#10283,#8283,#8284);
#6372=AXIS2_PLACEMENT_3D('',#10284,#8285,#8286);
#6373=AXIS2_PLACEMENT_3D('',#10285,#8287,#8288);
#6374=AXIS2_PLACEMENT_3D('',#10286,#8289,#8290);
#6375=AXIS2_PLACEMENT_3D('',#10288,#8291,#8292);
#6376=AXIS2_PLACEMENT_3D('',#10290,#8294,#8295);
#6377=AXIS2_PLACEMENT_3D('',#10291,#8296,#8297);
#6378=AXIS2_PLACEMENT_3D('',#10292,#8298,#8299);
#6379=AXIS2_PLACEMENT_3D('',#10294,#8301,#8302);
#6380=AXIS2_PLACEMENT_3D('',#10296,#8304,#8305);
#6381=AXIS2_PLACEMENT_3D('',#10298,#8307,#8308);
#6382=AXIS2_PLACEMENT_3D('',#10299,#8309,#8310);
#6383=AXIS2_PLACEMENT_3D('',#10302,#8311,#8312);
#6384=AXIS2_PLACEMENT_3D('',#10304,#8313,#8314);
#6385=AXIS2_PLACEMENT_3D('',#10305,#8315,#8316);
#6386=AXIS2_PLACEMENT_3D('',#10306,#8317,#8318);
#6387=AXIS2_PLACEMENT_3D('',#10307,#8319,#8320);
#6388=AXIS2_PLACEMENT_3D('',#10310,#8321,#8322);
#6389=AXIS2_PLACEMENT_3D('',#10312,#8324,#8325);
#6390=AXIS2_PLACEMENT_3D('',#10313,#8326,#8327);
#6391=AXIS2_PLACEMENT_3D('',#10318,#8329,#8330);
#6392=AXIS2_PLACEMENT_3D('',#10320,#8331,#8332);
#6393=AXIS2_PLACEMENT_3D('',#10322,#8333,#8334);
#6394=AXIS2_PLACEMENT_3D('',#10324,#8335,#8336);
#6395=AXIS2_PLACEMENT_3D('',#10326,#8337,#8338);
#6396=AXIS2_PLACEMENT_3D('',#10329,#8340,#8341);
#6397=AXIS2_PLACEMENT_3D('',#10330,#8342,#8343);
#6398=AXIS2_PLACEMENT_3D('',#10332,#8344,#8345);
#6399=AXIS2_PLACEMENT_3D('',#10333,#8346,#8347);
#6400=AXIS2_PLACEMENT_3D('',#10334,#8348,#8349);
#6401=AXIS2_PLACEMENT_3D('',#10336,#8350,#8351);
#6402=AXIS2_PLACEMENT_3D('',#10337,#8352,#8353);
#6403=AXIS2_PLACEMENT_3D('',#10339,#8354,#8355);
#6404=AXIS2_PLACEMENT_3D('',#10341,#8356,#8357);
#6405=AXIS2_PLACEMENT_3D('',#10342,#8358,#8359);
#6406=AXIS2_PLACEMENT_3D('',#10343,#8360,#8361);
#6407=AXIS2_PLACEMENT_3D('',#10345,#8362,#8363);
#6408=AXIS2_PLACEMENT_3D('',#10347,#8365,#8366);
#6409=AXIS2_PLACEMENT_3D('',#10350,#8367,#8368);
#6410=AXIS2_PLACEMENT_3D('',#10352,#8369,#8370);
#6411=AXIS2_PLACEMENT_3D('',#10354,#8371,#8372);
#6412=AXIS2_PLACEMENT_3D('',#10355,#8373,#8374);
#6413=AXIS2_PLACEMENT_3D('',#10356,#8375,#8376);
#6414=AXIS2_PLACEMENT_3D('',#10359,#8377,#8378);
#6415=AXIS2_PLACEMENT_3D('',#10360,#8379,#8380);
#6416=AXIS2_PLACEMENT_3D('',#10361,#8381,#8382);
#6417=AXIS2_PLACEMENT_3D('',#10362,#8383,#8384);
#6418=AXIS2_PLACEMENT_3D('',#10365,#8385,#8386);
#6419=AXIS2_PLACEMENT_3D('',#10366,#8387,#8388);
#6420=AXIS2_PLACEMENT_3D('',#10367,#8389,#8390);
#6421=AXIS2_PLACEMENT_3D('',#10368,#8391,#8392);
#6422=AXIS2_PLACEMENT_3D('',#10371,#8393,#8394);
#6423=AXIS2_PLACEMENT_3D('',#10372,#8395,#8396);
#6424=AXIS2_PLACEMENT_3D('',#10373,#8397,#8398);
#6425=AXIS2_PLACEMENT_3D('',#10374,#8399,#8400);
#6426=AXIS2_PLACEMENT_3D('',#10377,#8401,#8402);
#6427=AXIS2_PLACEMENT_3D('',#10378,#8403,#8404);
#6428=AXIS2_PLACEMENT_3D('',#10379,#8405,#8406);
#6429=AXIS2_PLACEMENT_3D('',#10380,#8407,#8408);
#6430=AXIS2_PLACEMENT_3D('',#10383,#8409,#8410);
#6431=AXIS2_PLACEMENT_3D('',#10386,#8413,#8414);
#6432=AXIS2_PLACEMENT_3D('',#10389,#8415,#8416);
#6433=AXIS2_PLACEMENT_3D('',#10390,#8417,#8418);
#6434=AXIS2_PLACEMENT_3D('',#10391,#8419,#8420);
#6435=AXIS2_PLACEMENT_3D('',#10392,#8421,#8422);
#6436=AXIS2_PLACEMENT_3D('',#10395,#8425,#8426);
#6437=AXIS2_PLACEMENT_3D('',#10399,#8428,#8429);
#6438=AXIS2_PLACEMENT_3D('',#10401,#8431,#8432);
#6439=AXIS2_PLACEMENT_3D('',#10404,#8434,#8435);
#6440=AXIS2_PLACEMENT_3D('',#10405,#8436,#8437);
#6441=AXIS2_PLACEMENT_3D('',#10408,#8439,#8440);
#6442=AXIS2_PLACEMENT_3D('',#10409,#8441,#8442);
#6443=AXIS2_PLACEMENT_3D('',#10412,#8444,#8445);
#6444=AXIS2_PLACEMENT_3D('',#10413,#8446,#8447);
#6445=AXIS2_PLACEMENT_3D('',#10414,#8448,#8449);
#6446=AXIS2_PLACEMENT_3D('',#10416,#8450,#8451);
#6447=AXIS2_PLACEMENT_3D('',#10419,#8453,#8454);
#6448=AXIS2_PLACEMENT_3D('',#10420,#8455,#8456);
#6449=AXIS2_PLACEMENT_3D('',#10421,#8457,#8458);
#6450=AXIS2_PLACEMENT_3D('',#10422,#8459,#8460);
#6451=AXIS2_PLACEMENT_3D('',#10423,#8461,#8462);
#6452=AXIS2_PLACEMENT_3D('',#10424,#8463,#8464);
#6453=AXIS2_PLACEMENT_3D('',#10425,#8465,#8466);
#6454=AXIS2_PLACEMENT_3D('',#10426,#8467,#8468);
#6455=AXIS2_PLACEMENT_3D('',#10427,#8469,#8470);
#6456=AXIS2_PLACEMENT_3D('',#10428,#8471,#8472);
#6457=AXIS2_PLACEMENT_3D('',#10429,#8473,#8474);
#6458=AXIS2_PLACEMENT_3D('',#10430,#8475,#8476);
#6459=AXIS2_PLACEMENT_3D('',#10431,#8477,#8478);
#6460=AXIS2_PLACEMENT_3D('',#10433,#8479,#8480);
#6461=AXIS2_PLACEMENT_3D('',#10435,#8482,#8483);
#6462=AXIS2_PLACEMENT_3D('',#10436,#8484,#8485);
#6463=AXIS2_PLACEMENT_3D('',#10437,#8486,#8487);
#6464=AXIS2_PLACEMENT_3D('',#10439,#8489,#8490);
#6465=AXIS2_PLACEMENT_3D('',#10441,#8492,#8493);
#6466=AXIS2_PLACEMENT_3D('',#10442,#8494,#8495);
#6467=AXIS2_PLACEMENT_3D('',#10444,#8497,#8498);
#6468=AXIS2_PLACEMENT_3D('',#10445,#8499,#8500);
#6469=AXIS2_PLACEMENT_3D('',#10446,#8501,#8502);
#6470=AXIS2_PLACEMENT_3D('',#10447,#8503,#8504);
#6471=AXIS2_PLACEMENT_3D('',#10576,#8507,#8508);
#6472=AXIS2_PLACEMENT_3D('',#10648,#8510,#8511);
#6473=AXIS2_PLACEMENT_3D('',#10720,#8513,#8514);
#6474=AXIS2_PLACEMENT_3D('',#10722,#8515,#8516);
#6475=AXIS2_PLACEMENT_3D('',#10723,#8517,#8518);
#6476=AXIS2_PLACEMENT_3D('',#10724,#8519,#8520);
#6477=AXIS2_PLACEMENT_3D('',#10726,#8521,#8522);
#6478=AXIS2_PLACEMENT_3D('',#10728,#8524,#8525);
#6479=AXIS2_PLACEMENT_3D('',#10729,#8526,#8527);
#6480=AXIS2_PLACEMENT_3D('',#10732,#8529,#8530);
#6481=AXIS2_PLACEMENT_3D('',#10733,#8531,#8532);
#6482=AXIS2_PLACEMENT_3D('',#10734,#8533,#8534);
#6483=AXIS2_PLACEMENT_3D('',#10736,#8535,#8536);
#6484=AXIS2_PLACEMENT_3D('',#10738,#8537,#8538);
#6485=AXIS2_PLACEMENT_3D('',#10739,#8539,#8540);
#6486=AXIS2_PLACEMENT_3D('',#10740,#8541,#8542);
#6487=AXIS2_PLACEMENT_3D('',#10743,#8544,#8545);
#6488=AXIS2_PLACEMENT_3D('',#10744,#8546,#8547);
#6489=AXIS2_PLACEMENT_3D('',#10745,#8548,#8549);
#6490=AXIS2_PLACEMENT_3D('',#10747,#8550,#8551);
#6491=AXIS2_PLACEMENT_3D('',#10750,#8553,#8554);
#6492=AXIS2_PLACEMENT_3D('',#10751,#8555,#8556);
#6493=AXIS2_PLACEMENT_3D('',#10753,#8557,#8558);
#6494=AXIS2_PLACEMENT_3D('',#10754,#8559,#8560);
#6495=AXIS2_PLACEMENT_3D('',#10756,#8561,#8562);
#6496=AXIS2_PLACEMENT_3D('',#10758,#8564,#8565);
#6497=AXIS2_PLACEMENT_3D('',#10760,#8566,#8567);
#6498=AXIS2_PLACEMENT_3D('',#10761,#8568,#8569);
#6499=AXIS2_PLACEMENT_3D('',#10763,#8570,#8571);
#6500=AXIS2_PLACEMENT_3D('',#10765,#8573,#8574);
#6501=AXIS2_PLACEMENT_3D('',#10767,#8575,#8576);
#6502=AXIS2_PLACEMENT_3D('',#10768,#8577,#8578);
#6503=AXIS2_PLACEMENT_3D('',#10770,#8579,#8580);
#6504=AXIS2_PLACEMENT_3D('',#10772,#8582,#8583);
#6505=AXIS2_PLACEMENT_3D('',#10773,#8584,#8585);
#6506=AXIS2_PLACEMENT_3D('',#10774,#8586,#8587);
#6507=AXIS2_PLACEMENT_3D('',#10776,#8588,#8589);
#6508=AXIS2_PLACEMENT_3D('',#10777,#8590,#8591);
#6509=AXIS2_PLACEMENT_3D('',#10779,#8592,#8593);
#6510=AXIS2_PLACEMENT_3D('',#10781,#8595,#8596);
#6511=AXIS2_PLACEMENT_3D('',#10782,#8597,#8598);
#6512=AXIS2_PLACEMENT_3D('',#10783,#8599,#8600);
#6513=AXIS2_PLACEMENT_3D('',#10784,#8601,#8602);
#6514=AXIS2_PLACEMENT_3D('',#10785,#8603,#8604);
#6515=AXIS2_PLACEMENT_3D('',#10786,#8605,#8606);
#6516=AXIS2_PLACEMENT_3D('',#10787,#8607,#8608);
#6517=AXIS2_PLACEMENT_3D('',#10788,#8609,#8610);
#6518=AXIS2_PLACEMENT_3D('',#10789,#8611,#8612);
#6519=DIRECTION('axis',(0.,0.,1.));
#6520=DIRECTION('refdir',(1.,0.,0.));
#6521=DIRECTION('axis',(0.,0.,1.));
#6522=DIRECTION('refdir',(1.,0.,0.));
#6523=DIRECTION('axis',(0.,0.,1.));
#6524=DIRECTION('refdir',(1.,0.,0.));
#6525=DIRECTION('center_axis',(0.,1.,0.));
#6526=DIRECTION('ref_axis',(0.,0.,1.));
#6527=DIRECTION('center_axis',(0.279999999999999,-4.14483262526724E-16,
0.96));
#6528=DIRECTION('ref_axis',(-1.48029736616688E-15,-1.,0.));
#6529=DIRECTION('center_axis',(0.,1.,0.));
#6530=DIRECTION('ref_axis',(-1.83697019872103E-16,0.,1.));
#6531=DIRECTION('center_axis',(-0.279999999999999,-4.14483262526724E-16,
0.96));
#6532=DIRECTION('ref_axis',(-0.96,0.,-0.279999999999999));
#6533=DIRECTION('center_axis',(0.,-1.,0.));
#6534=DIRECTION('ref_axis',(-1.83697019872103E-16,0.,1.));
#6535=DIRECTION('center_axis',(0.,0.,1.));
#6536=DIRECTION('ref_axis',(-1.,0.,0.));
#6537=DIRECTION('center_axis',(-1.07193947205188E-16,-2.76773581559955E-17,
-1.));
#6538=DIRECTION('ref_axis',(-0.612372435695794,-0.790569415042095,0.));
#6539=DIRECTION('center_axis',(0.,0.,1.));
#6540=DIRECTION('ref_axis',(-1.,0.,0.));
#6541=DIRECTION('',(0.,0.,1.));
#6542=DIRECTION('',(-1.07193947205188E-16,-2.76773581559955E-17,-1.));
#6543=DIRECTION('center_axis',(-1.07193947205188E-16,0.,-1.));
#6544=DIRECTION('ref_axis',(-0.707106781186547,-0.707106781186548,0.));
#6545=DIRECTION('center_axis',(0.,0.,-1.));
#6546=DIRECTION('ref_axis',(-1.48029736616688E-15,-1.,0.));
#6547=DIRECTION('',(-1.07193947205188E-16,0.,-1.));
#6548=DIRECTION('center_axis',(0.,0.,1.));
#6549=DIRECTION('ref_axis',(-1.,0.,0.));
#6550=DIRECTION('',(1.07193947205188E-16,0.,1.));
#6551=DIRECTION('center_axis',(0.,1.,0.));
#6552=DIRECTION('ref_axis',(-1.22464679914735E-16,0.,-1.));
#6553=DIRECTION('center_axis',(0.,0.,-1.));
#6554=DIRECTION('ref_axis',(1.,0.,0.));
#6555=DIRECTION('center_axis',(0.,-1.,0.));
#6556=DIRECTION('ref_axis',(6.12323399573677E-17,0.,-1.));
#6557=DIRECTION('center_axis',(0.,1.,0.));
#6558=DIRECTION('ref_axis',(6.12323399573677E-17,0.,-1.));
#6559=DIRECTION('center_axis',(-1.07193947205188E-16,0.,1.));
#6560=DIRECTION('ref_axis',(0.707106781186547,-0.707106781186548,0.));
#6561=DIRECTION('center_axis',(0.,0.,-1.));
#6562=DIRECTION('ref_axis',(1.,0.,0.));
#6563=DIRECTION('',(1.07193947205188E-16,0.,-1.));
#6564=DIRECTION('',(-1.07193947205188E-16,0.,1.));
#6565=DIRECTION('center_axis',(0.,0.,-1.));
#6566=DIRECTION('ref_axis',(1.,0.,0.));
#6567=DIRECTION('center_axis',(-1.07193947205188E-16,2.7677358155995E-17,
1.));
#6568=DIRECTION('ref_axis',(0.612372435695795,-0.790569415042094,0.));
#6569=DIRECTION('center_axis',(0.,0.,-1.));
#6570=DIRECTION('ref_axis',(1.,0.,0.));
#6571=DIRECTION('',(0.,0.,-1.));
#6572=DIRECTION('',(-1.07193947205188E-16,2.7677358155995E-17,1.));
#6573=DIRECTION('center_axis',(1.,0.,1.07193947205188E-16));
#6574=DIRECTION('ref_axis',(1.07193947205188E-16,0.,-1.));
#6575=DIRECTION('',(0.,1.,0.));
#6576=DIRECTION('',(1.07193947205188E-16,0.,-1.));
#6577=DIRECTION('',(0.,1.,0.));
#6578=DIRECTION('center_axis',(0.,1.,0.));
#6579=DIRECTION('ref_axis',(1.,0.,0.));
#6580=DIRECTION('',(0.,-1.,0.));
#6581=DIRECTION('center_axis',(0.,-1.,0.));
#6582=DIRECTION('ref_axis',(6.12323399573677E-17,0.,-1.));
#6583=DIRECTION('center_axis',(0.,0.,1.));
#6584=DIRECTION('ref_axis',(0.707106781186547,-0.707106781186547,0.));
#6585=DIRECTION('center_axis',(0.,0.,-1.));
#6586=DIRECTION('ref_axis',(1.,0.,0.));
#6587=DIRECTION('',(0.,0.,1.));
#6588=DIRECTION('center_axis',(0.,0.,1.));
#6589=DIRECTION('ref_axis',(0.,-1.,0.));
#6590=DIRECTION('',(0.,0.,-1.));
#6591=DIRECTION('center_axis',(0.,1.,0.));
#6592=DIRECTION('ref_axis',(1.,0.,0.));
#6593=DIRECTION('center_axis',(0.,-1.,0.));
#6594=DIRECTION('ref_axis',(0.795822425754222,0.,-0.605530070819498));
#6595=DIRECTION('center_axis',(0.,1.,0.));
#6596=DIRECTION('ref_axis',(-0.795822425754221,0.,0.605530070819498));
#6597=DIRECTION('',(0.,0.,1.));
#6598=DIRECTION('center_axis',(0.,1.,0.));
#6599=DIRECTION('ref_axis',(-0.707106781186547,0.,-0.707106781186547));
#6600=DIRECTION('',(-1.,0.,0.));
#6601=DIRECTION('center_axis',(0.,1.,0.));
#6602=DIRECTION('ref_axis',(0.707106781186547,0.,-0.707106781186547));
#6603=DIRECTION('',(0.,0.,-1.));
#6604=DIRECTION('center_axis',(0.,1.,0.));
#6605=DIRECTION('ref_axis',(0.795822425754221,0.,0.605530070819498));
#6606=DIRECTION('center_axis',(0.,-1.,0.));
#6607=DIRECTION('ref_axis',(-0.795822425754222,0.,-0.605530070819498));
#6608=DIRECTION('center_axis',(0.,1.,0.));
#6609=DIRECTION('ref_axis',(1.,0.,0.));
#6610=DIRECTION('center_axis',(0.,1.,0.));
#6611=DIRECTION('ref_axis',(1.,0.,0.));
#6612=DIRECTION('center_axis',(0.,1.,0.));
#6613=DIRECTION('ref_axis',(-1.83697019872103E-16,0.,1.));
#6614=DIRECTION('',(0.,0.,1.));
#6615=DIRECTION('center_axis',(0.,1.,0.));
#6616=DIRECTION('ref_axis',(1.,0.,0.));
#6617=DIRECTION('center_axis',(0.,1.,0.));
#6618=DIRECTION('ref_axis',(0.,0.,1.));
#6619=DIRECTION('center_axis',(0.963788819653398,0.,-0.266666666666665));
#6620=DIRECTION('ref_axis',(0.266666666666665,0.,0.963788819653398));
#6621=DIRECTION('center_axis',(0.,1.,0.));
#6622=DIRECTION('ref_axis',(-0.795822425754222,0.,-0.605530070819498));
#6623=DIRECTION('center_axis',(-1.07193947205188E-16,0.,-1.));
#6624=DIRECTION('ref_axis',(0.707106781186547,0.707106781186548,0.));
#6625=DIRECTION('center_axis',(0.,0.,1.));
#6626=DIRECTION('ref_axis',(1.,0.,0.));
#6627=DIRECTION('',(-1.07193947205188E-16,0.,-1.));
#6628=DIRECTION('center_axis',(0.,0.,-1.));
#6629=DIRECTION('ref_axis',(0.,1.,0.));
#6630=DIRECTION('',(1.07193947205188E-16,0.,1.));
#6631=DIRECTION('center_axis',(0.,1.,0.));
#6632=DIRECTION('ref_axis',(-1.22464679914735E-16,0.,-1.));
#6633=DIRECTION('center_axis',(0.,0.,1.));
#6634=DIRECTION('ref_axis',(0.,1.,0.));
#6635=DIRECTION('center_axis',(0.,1.,0.));
#6636=DIRECTION('ref_axis',(6.12323399573677E-17,0.,-1.));
#6637=DIRECTION('center_axis',(-1.07193947205188E-16,0.,1.));
#6638=DIRECTION('ref_axis',(-0.707106781186547,0.707106781186548,0.));
#6639=DIRECTION('center_axis',(0.,0.,1.));
#6640=DIRECTION('ref_axis',(0.,1.,0.));
#6641=DIRECTION('',(-1.07193947205188E-16,0.,1.));
#6642=DIRECTION('center_axis',(0.,1.,0.));
#6643=DIRECTION('ref_axis',(0.,0.,1.));
#6644=DIRECTION('center_axis',(0.,-1.,0.));
#6645=DIRECTION('ref_axis',(6.12323399573675E-17,0.,1.));
#6646=DIRECTION('center_axis',(0.,1.,0.));
#6647=DIRECTION('ref_axis',(6.12323399573675E-17,0.,1.));
#6648=DIRECTION('center_axis',(0.,1.,0.));
#6649=DIRECTION('ref_axis',(1.,0.,0.));
#6650=DIRECTION('',(0.,1.,0.));
#6651=DIRECTION('center_axis',(-1.,0.,1.07193947205188E-16));
#6652=DIRECTION('ref_axis',(1.07193947205188E-16,0.,1.));
#6653=DIRECTION('center_axis',(0.,1.,0.));
#6654=DIRECTION('ref_axis',(1.,0.,0.));
#6655=DIRECTION('center_axis',(1.07193947205188E-16,0.,-1.));
#6656=DIRECTION('ref_axis',(0.707106781186547,0.707106781186548,0.));
#6657=DIRECTION('center_axis',(0.,0.,-1.));
#6658=DIRECTION('ref_axis',(-7.40148683083438E-16,1.,0.));
#6659=DIRECTION('',(1.07193947205188E-16,0.,-1.));
#6660=DIRECTION('center_axis',(0.,0.,1.));
#6661=DIRECTION('ref_axis',(1.,0.,0.));
#6662=DIRECTION('',(-1.07193947205188E-16,0.,1.));
#6663=DIRECTION('center_axis',(1.07193947205188E-16,0.,1.));
#6664=DIRECTION('ref_axis',(-0.707106781186547,0.707106781186548,0.));
#6665=DIRECTION('center_axis',(0.,0.,-1.));
#6666=DIRECTION('ref_axis',(-1.,0.,0.));
#6667=DIRECTION('',(-1.07193947205188E-16,0.,-1.));
#6668=DIRECTION('center_axis',(0.,0.,1.));
#6669=DIRECTION('ref_axis',(0.,1.,0.));
#6670=DIRECTION('',(1.07193947205188E-16,0.,1.));
#6671=DIRECTION('center_axis',(0.,-1.,0.));
#6672=DIRECTION('ref_axis',(0.,0.,-1.));
#6673=DIRECTION('center_axis',(0.,1.,0.));
#6674=DIRECTION('ref_axis',(6.12323399573677E-17,0.,-1.));
#6675=DIRECTION('center_axis',(0.,-1.,0.));
#6676=DIRECTION('ref_axis',(6.12323399573677E-17,0.,-1.));
#6677=DIRECTION('center_axis',(0.,0.,-1.));
#6678=DIRECTION('ref_axis',(-1.,0.,0.));
#6679=DIRECTION('center_axis',(1.07193947205188E-16,-2.76773581559955E-17,
1.));
#6680=DIRECTION('ref_axis',(-0.612372435695794,0.790569415042095,0.));
#6681=DIRECTION('center_axis',(0.,0.,-1.));
#6682=DIRECTION('ref_axis',(-1.,0.,0.));
#6683=DIRECTION('',(0.,0.,-1.));
#6684=DIRECTION('',(1.07193947205188E-16,-2.76773581559955E-17,1.));
#6685=DIRECTION('center_axis',(0.,-1.,0.));
#6686=DIRECTION('ref_axis',(1.22464679914735E-16,0.,1.));
#6687=DIRECTION('center_axis',(-0.279999999999999,4.14483262526724E-16,
0.96));
#6688=DIRECTION('ref_axis',(1.48029736616688E-15,1.,0.));
#6689=DIRECTION('center_axis',(0.,-1.,0.));
#6690=DIRECTION('ref_axis',(-1.83697019872103E-16,0.,1.));
#6691=DIRECTION('center_axis',(0.279999999999999,4.14483262526724E-16,0.96));
#6692=DIRECTION('ref_axis',(0.96,0.,-0.279999999999999));
#6693=DIRECTION('center_axis',(0.,1.,0.));
#6694=DIRECTION('ref_axis',(-1.83697019872103E-16,0.,1.));
#6695=DIRECTION('center_axis',(-1.1842378929335E-14,-3.05768909151952E-15,
1.));
#6696=DIRECTION('ref_axis',(1.,0.,1.1842378929335E-14));
#6697=DIRECTION('center_axis',(1.07193947205188E-16,2.7677358155995E-17,
-1.));
#6698=DIRECTION('ref_axis',(0.612372435695795,0.790569415042094,0.));
#6699=DIRECTION('center_axis',(0.,0.,1.));
#6700=DIRECTION('ref_axis',(1.,0.,0.));
#6701=DIRECTION('',(0.,0.,1.));
#6702=DIRECTION('',(1.07193947205188E-16,2.7677358155995E-17,-1.));
#6703=DIRECTION('center_axis',(0.,-1.,0.));
#6704=DIRECTION('ref_axis',(0.,0.,-1.));
#6705=DIRECTION('center_axis',(0.,0.,-1.));
#6706=DIRECTION('ref_axis',(0.,1.,0.));
#6707=DIRECTION('center_axis',(0.,-1.,0.));
#6708=DIRECTION('ref_axis',(-0.795822425754222,0.,-0.605530070819498));
#6709=DIRECTION('center_axis',(0.963788819653398,0.,-0.266666666666665));
#6710=DIRECTION('ref_axis',(0.,1.,0.));
#6711=DIRECTION('center_axis',(0.,1.,0.));
#6712=DIRECTION('ref_axis',(-0.795822425754222,0.,-0.605530070819498));
#6713=DIRECTION('center_axis',(0.,0.,-1.));
#6714=DIRECTION('ref_axis',(0.707106781186547,0.707106781186547,0.));
#6715=DIRECTION('',(0.,0.,1.));
#6716=DIRECTION('center_axis',(0.,0.,-1.));
#6717=DIRECTION('ref_axis',(0.,1.,0.));
#6718=DIRECTION('',(0.,0.,-1.));
#6719=DIRECTION('center_axis',(0.,1.,0.));
#6720=DIRECTION('ref_axis',(1.,0.,0.));
#6721=DIRECTION('',(0.,0.,-1.));
#6722=DIRECTION('center_axis',(0.,-1.,0.));
#6723=DIRECTION('ref_axis',(-1.83697019872103E-16,0.,1.));
#6724=DIRECTION('center_axis',(0.,-1.,0.));
#6725=DIRECTION('ref_axis',(1.,0.,0.));
#6726=DIRECTION('center_axis',(1.,0.,1.07193947205188E-16));
#6727=DIRECTION('ref_axis',(1.07193947205188E-16,0.,-1.));
#6728=DIRECTION('',(0.,1.,0.));
#6729=DIRECTION('',(-1.07193947205188E-16,0.,1.));
#6730=DIRECTION('',(0.,1.,0.));
#6731=DIRECTION('center_axis',(0.,1.,0.));
#6732=DIRECTION('ref_axis',(1.,0.,0.));
#6733=DIRECTION('',(0.,1.,0.));
#6734=DIRECTION('center_axis',(0.,1.,0.));
#6735=DIRECTION('ref_axis',(6.12323399573675E-17,0.,1.));
#6736=DIRECTION('center_axis',(1.07193947205188E-16,0.,1.));
#6737=DIRECTION('ref_axis',(0.707106781186547,-0.707106781186548,0.));
#6738=DIRECTION('center_axis',(0.,0.,-1.));
#6739=DIRECTION('ref_axis',(1.,0.,0.));
#6740=DIRECTION('',(1.07193947205188E-16,0.,1.));
#6741=DIRECTION('center_axis',(0.,0.,1.));
#6742=DIRECTION('ref_axis',(0.,-1.,0.));
#6743=DIRECTION('',(-1.07193947205188E-16,0.,-1.));
#6744=DIRECTION('center_axis',(0.,-1.,0.));
#6745=DIRECTION('ref_axis',(-1.22464679914735E-16,0.,1.));
#6746=DIRECTION('center_axis',(0.,0.,-1.));
#6747=DIRECTION('ref_axis',(0.,-1.,0.));
#6748=DIRECTION('center_axis',(0.,-1.,0.));
#6749=DIRECTION('ref_axis',(6.12323399573675E-17,0.,1.));
#6750=DIRECTION('center_axis',(1.07193947205188E-16,0.,-1.));
#6751=DIRECTION('ref_axis',(-0.707106781186547,-0.707106781186548,0.));
#6752=DIRECTION('center_axis',(0.,0.,-1.));
#6753=DIRECTION('ref_axis',(0.,-1.,0.));
#6754=DIRECTION('',(1.07193947205188E-16,0.,-1.));
#6755=DIRECTION('center_axis',(0.,-1.,0.));
#6756=DIRECTION('ref_axis',(0.,0.,-1.));
#6757=DIRECTION('center_axis',(0.,1.,0.));
#6758=DIRECTION('ref_axis',(6.12323399573677E-17,0.,-1.));
#6759=DIRECTION('center_axis',(0.,-1.,0.));
#6760=DIRECTION('ref_axis',(6.12323399573677E-17,0.,-1.));
#6761=DIRECTION('center_axis',(0.,1.,0.));
#6762=DIRECTION('ref_axis',(1.,0.,0.));
#6763=DIRECTION('',(0.,-1.,0.));
#6764=DIRECTION('center_axis',(-1.,0.,1.07193947205188E-16));
#6765=DIRECTION('ref_axis',(1.07193947205188E-16,0.,1.));
#6766=DIRECTION('center_axis',(0.,1.,0.));
#6767=DIRECTION('ref_axis',(1.,0.,0.));
#6768=DIRECTION('center_axis',(0.,-1.,0.));
#6769=DIRECTION('ref_axis',(1.22464679914735E-16,0.,1.));
#6770=DIRECTION('center_axis',(0.,-1.,0.));
#6771=DIRECTION('ref_axis',(-1.83697019872103E-16,0.,1.));
#6772=DIRECTION('center_axis',(0.,0.,1.));
#6773=DIRECTION('ref_axis',(-1.,0.,0.));
#6774=DIRECTION('center_axis',(0.,0.,-1.));
#6775=DIRECTION('ref_axis',(-0.707106781186547,-0.707106781186547,0.));
#6776=DIRECTION('',(0.,0.,-1.));
#6777=DIRECTION('center_axis',(0.,0.,1.));
#6778=DIRECTION('ref_axis',(-1.,0.,0.));
#6779=DIRECTION('center_axis',(0.,1.,0.));
#6780=DIRECTION('ref_axis',(0.,0.,1.));
#6781=DIRECTION('center_axis',(0.,1.,0.));
#6782=DIRECTION('ref_axis',(0.795822425754222,0.,-0.605530070819498));
#6783=DIRECTION('center_axis',(0.963788819653398,0.,0.266666666666665));
#6784=DIRECTION('ref_axis',(-0.266666666666665,0.,0.963788819653398));
#6785=DIRECTION('center_axis',(0.,1.,0.));
#6786=DIRECTION('ref_axis',(0.,0.,1.));
#6787=DIRECTION('center_axis',(-8.88178419700125E-16,0.,1.));
#6788=DIRECTION('ref_axis',(-1.,0.,-8.88178419700125E-16));
#6789=DIRECTION('center_axis',(0.,-1.,0.));
#6790=DIRECTION('ref_axis',(-0.795822425754221,0.,0.605530070819498));
#6791=DIRECTION('center_axis',(0.,0.,-1.));
#6792=DIRECTION('ref_axis',(-0.707106781186547,-0.707106781186547,0.));
#6793=DIRECTION('center_axis',(0.,0.,1.));
#6794=DIRECTION('ref_axis',(-1.,0.,0.));
#6795=DIRECTION('',(0.,0.,-1.));
#6796=DIRECTION('center_axis',(0.,1.,0.));
#6797=DIRECTION('ref_axis',(0.,0.,1.));
#6798=DIRECTION('center_axis',(-1.,0.,0.));
#6799=DIRECTION('ref_axis',(0.,0.,-1.));
#6800=DIRECTION('center_axis',(0.,-1.,0.));
#6801=DIRECTION('ref_axis',(-0.707106781186548,0.,-0.707106781186548));
#6802=DIRECTION('center_axis',(1.,0.,0.));
#6803=DIRECTION('ref_axis',(0.,-0.707106781186547,-0.707106781186547));
#6804=DIRECTION('center_axis',(-1.,0.,0.));
#6805=DIRECTION('ref_axis',(0.,0.,-1.));
#6806=DIRECTION('',(1.,0.,0.));
#6807=DIRECTION('center_axis',(0.,1.,0.));
#6808=DIRECTION('ref_axis',(0.,0.,1.));
#6809=DIRECTION('center_axis',(0.,0.,-1.));
#6810=DIRECTION('ref_axis',(1.,0.,0.));
#6811=DIRECTION('center_axis',(0.,-1.,0.));
#6812=DIRECTION('ref_axis',(0.707106781186548,0.,-0.707106781186548));
#6813=DIRECTION('center_axis',(0.,0.,1.));
#6814=DIRECTION('ref_axis',(0.707106781186547,-0.707106781186547,0.));
#6815=DIRECTION('center_axis',(-8.88178419700125E-16,0.,-1.));
#6816=DIRECTION('ref_axis',(1.,0.,-8.88178419700125E-16));
#6817=DIRECTION('',(0.,0.,1.));
#6818=DIRECTION('center_axis',(0.,1.,0.));
#6819=DIRECTION('ref_axis',(0.,0.,1.));
#6820=DIRECTION('center_axis',(0.,-1.,0.));
#6821=DIRECTION('ref_axis',(0.795822425754221,0.,0.605530070819498));
#6822=DIRECTION('center_axis',(0.,1.,0.));
#6823=DIRECTION('ref_axis',(-0.707106781186547,0.,-0.707106781186547));
#6824=DIRECTION('',(0.,1.,0.));
#6825=DIRECTION('center_axis',(0.,1.,0.));
#6826=DIRECTION('ref_axis',(-0.707106781186548,0.,-0.707106781186548));
#6827=DIRECTION('',(0.,-1.,0.));
#6828=DIRECTION('center_axis',(-1.,0.,0.));
#6829=DIRECTION('ref_axis',(0.,0.,1.));
#6830=DIRECTION('',(0.,-1.,0.));
#6831=DIRECTION('',(0.,0.,1.));
#6832=DIRECTION('center_axis',(0.,1.,0.));
#6833=DIRECTION('ref_axis',(1.,0.,0.));
#6834=DIRECTION('',(0.,1.,0.));
#6835=DIRECTION('center_axis',(0.,1.,0.));
#6836=DIRECTION('ref_axis',(-0.795822425754221,0.,0.605530070819498));
#6837=DIRECTION('center_axis',(0.,1.,0.));
#6838=DIRECTION('ref_axis',(1.,0.,7.10542735760101E-16));
#6839=DIRECTION('',(0.,1.,0.));
#6840=DIRECTION('center_axis',(0.,-1.,0.));
#6841=DIRECTION('ref_axis',(0.795822425754222,0.,-0.605530070819498));
#6842=DIRECTION('center_axis',(-1.,0.,0.));
#6843=DIRECTION('ref_axis',(0.,0.,1.));
#6844=DIRECTION('',(0.,1.,0.));
#6845=DIRECTION('',(0.,0.,1.));
#6846=DIRECTION('center_axis',(0.,1.,0.));
#6847=DIRECTION('ref_axis',(1.,0.,0.));
#6848=DIRECTION('',(0.,1.,0.));
#6849=DIRECTION('center_axis',(0.,1.,0.));
#6850=DIRECTION('ref_axis',(-1.83697019872103E-16,0.,1.));
#6851=DIRECTION('center_axis',(0.,-1.,0.));
#6852=DIRECTION('ref_axis',(0.,0.,-1.));
#6853=DIRECTION('center_axis',(8.88178419700125E-16,0.,1.));
#6854=DIRECTION('ref_axis',(1.,0.,-8.88178419700125E-16));
#6855=DIRECTION('center_axis',(0.,-1.,0.));
#6856=DIRECTION('ref_axis',(0.795822425754221,0.,0.605530070819498));
#6857=DIRECTION('center_axis',(0.,1.,0.));
#6858=DIRECTION('ref_axis',(0.795822425754221,0.,0.605530070819498));
#6859=DIRECTION('center_axis',(0.,1.,0.));
#6860=DIRECTION('ref_axis',(0.,0.,1.));
#6861=DIRECTION('center_axis',(0.,0.,1.));
#6862=DIRECTION('ref_axis',(0.,1.,0.));
#6863=DIRECTION('center_axis',(0.,0.,1.));
#6864=DIRECTION('ref_axis',(-0.707106781186547,0.707106781186547,0.));
#6865=DIRECTION('center_axis',(0.,0.,1.));
#6866=DIRECTION('ref_axis',(0.,1.,0.));
#6867=DIRECTION('center_axis',(0.,-1.,0.));
#6868=DIRECTION('ref_axis',(0.,0.,-1.));
#6869=DIRECTION('center_axis',(0.,1.,0.));
#6870=DIRECTION('ref_axis',(0.795822425754222,0.,-0.605530070819498));
#6871=DIRECTION('center_axis',(0.963788819653398,0.,0.266666666666665));
#6872=DIRECTION('ref_axis',(0.,1.,0.));
#6873=DIRECTION('center_axis',(0.,-1.,0.));
#6874=DIRECTION('ref_axis',(0.,0.,-1.));
#6875=DIRECTION('center_axis',(-8.88178419700125E-16,0.,1.));
#6876=DIRECTION('ref_axis',(0.,1.,0.));
#6877=DIRECTION('center_axis',(0.,-1.,0.));
#6878=DIRECTION('ref_axis',(-0.795822425754221,0.,0.605530070819498));
#6879=DIRECTION('center_axis',(0.,0.,1.));
#6880=DIRECTION('ref_axis',(-0.707106781186547,0.707106781186547,0.));
#6881=DIRECTION('center_axis',(0.,0.,1.));
#6882=DIRECTION('ref_axis',(0.,1.,0.));
#6883=DIRECTION('',(0.,0.,-1.));
#6884=DIRECTION('center_axis',(0.,-1.,0.));
#6885=DIRECTION('ref_axis',(0.,0.,-1.));
#6886=DIRECTION('center_axis',(-1.,0.,0.));
#6887=DIRECTION('ref_axis',(0.,1.,0.));
#6888=DIRECTION('center_axis',(0.,-1.,0.));
#6889=DIRECTION('ref_axis',(-0.707106781186547,0.,-0.707106781186547));
#6890=DIRECTION('center_axis',(-1.,0.,0.));
#6891=DIRECTION('ref_axis',(0.,0.707106781186547,-0.707106781186547));
#6892=DIRECTION('center_axis',(-1.,0.,0.));
#6893=DIRECTION('ref_axis',(0.,1.,0.));
#6894=DIRECTION('',(-1.,0.,0.));
#6895=DIRECTION('',(1.,0.,0.));
#6896=DIRECTION('center_axis',(0.,-1.,0.));
#6897=DIRECTION('ref_axis',(0.,0.,-1.));
#6898=DIRECTION('center_axis',(0.,0.,-1.));
#6899=DIRECTION('ref_axis',(0.,1.,0.));
#6900=DIRECTION('center_axis',(0.,1.,0.));
#6901=DIRECTION('ref_axis',(0.707106781186548,0.,-0.707106781186548));
#6902=DIRECTION('center_axis',(0.,-1.,0.));
#6903=DIRECTION('ref_axis',(0.707106781186547,0.,-0.707106781186547));
#6904=DIRECTION('center_axis',(0.,0.,-1.));
#6905=DIRECTION('ref_axis',(0.707106781186547,0.707106781186547,0.));
#6906=DIRECTION('',(0.,0.,1.));
#6907=DIRECTION('',(0.,0.,-1.));
#6908=DIRECTION('center_axis',(0.,0.,-1.));
#6909=DIRECTION('ref_axis',(-1.,0.,0.));
#6910=DIRECTION('',(0.,1.,0.));
#6911=DIRECTION('center_axis',(0.,1.,0.));
#6912=DIRECTION('ref_axis',(0.707106781186547,0.,-0.707106781186547));
#6913=DIRECTION('',(0.,-1.,0.));
#6914=DIRECTION('center_axis',(1.,0.,0.));
#6915=DIRECTION('ref_axis',(0.,0.,-1.));
#6916=DIRECTION('',(0.,1.,0.));
#6917=DIRECTION('center_axis',(0.,-1.,0.));
#6918=DIRECTION('ref_axis',(-1.,0.,0.));
#6919=DIRECTION('',(0.,-1.,0.));
#6920=DIRECTION('center_axis',(0.,1.,0.));
#6921=DIRECTION('ref_axis',(1.,0.,0.));
#6922=DIRECTION('center_axis',(0.,-1.,0.));
#6923=DIRECTION('ref_axis',(1.,0.,0.));
#6924=DIRECTION('center_axis',(0.,1.,0.));
#6925=DIRECTION('ref_axis',(1.,0.,0.));
#6926=DIRECTION('',(0.,-1.,0.));
#6927=DIRECTION('center_axis',(0.,1.,0.));
#6928=DIRECTION('ref_axis',(1.,0.,0.));
#6929=DIRECTION('',(0.,-1.,0.));
#6930=DIRECTION('center_axis',(0.,1.,0.));
#6931=DIRECTION('ref_axis',(5.32907051820076E-16,0.,-1.));
#6932=DIRECTION('',(0.,1.,0.));
#6933=DIRECTION('center_axis',(1.,0.,0.));
#6934=DIRECTION('ref_axis',(0.,0.,-1.));
#6935=DIRECTION('',(0.297098295911042,1.96311799335081E-17,0.954846900066561));
#6936=DIRECTION('',(0.954846900066572,6.10189370340003E-17,-0.297098295911045));
#6937=DIRECTION('',(-0.297098295911063,3.21412710348712E-19,0.954846900066553));
#6938=DIRECTION('',(0.954846900066564,-2.10123990968396E-19,0.297098295911067));
#6939=DIRECTION('',(-0.297098295911062,-1.42052580466647E-18,0.954846900066546));
#6940=DIRECTION('',(0.954846900066562,5.27432277408153E-18,0.297098295911067));
#6941=DIRECTION('',(0.297098295911042,9.74251471822603E-18,0.954846900066555));
#6942=DIRECTION('',(0.954846900066569,2.98847394129632E-17,-0.297098295911046));
#6943=DIRECTION('axis',(0.,0.,1.));
#6944=DIRECTION('refdir',(1.,0.,0.));
#6945=DIRECTION('axis',(0.,0.,1.));
#6946=DIRECTION('refdir',(1.,0.,0.));
#6947=DIRECTION('center_axis',(0.,1.,2.22044604925031E-16));
#6948=DIRECTION('ref_axis',(0.,0.,1.));
#6949=DIRECTION('center_axis',(0.,-1.,-2.22044604925031E-16));
#6950=DIRECTION('ref_axis',(-1.,1.4791141972894E-32,-6.66133814775096E-17));
#6951=DIRECTION('center_axis',(-1.,0.,0.));
#6952=DIRECTION('ref_axis',(0.,0.,-1.));
#6953=DIRECTION('center_axis',(0.,1.,2.22044604925031E-16));
#6954=DIRECTION('ref_axis',(-1.,0.,-6.66133814775096E-17));
#6955=DIRECTION('center_axis',(0.,1.,2.22044604925031E-16));
#6956=DIRECTION('ref_axis',(-1.,0.,-6.66133814775096E-17));
#6957=DIRECTION('center_axis',(0.,1.,2.22044604925031E-16));
#6958=DIRECTION('ref_axis',(1.,0.,0.));
#6959=DIRECTION('',(0.,-1.,-2.22044604925031E-16));
#6960=DIRECTION('center_axis',(0.,-1.,-2.22044604925031E-16));
#6961=DIRECTION('ref_axis',(-1.,0.,6.66133814775096E-17));
#6962=DIRECTION('center_axis',(0.,-1.,-2.22044604925031E-16));
#6963=DIRECTION('ref_axis',(-1.,0.,6.66133814775096E-17));
#6964=DIRECTION('center_axis',(0.,1.,2.22044604925031E-16));
#6965=DIRECTION('ref_axis',(1.,0.,0.));
#6966=DIRECTION('center_axis',(0.,-1.,-2.22044604925031E-16));
#6967=DIRECTION('ref_axis',(0.,2.66453525910038E-16,-1.));
#6968=DIRECTION('center_axis',(0.,1.,2.22044604925031E-16));
#6969=DIRECTION('ref_axis',(-1.,-1.4791141972894E-32,6.66133814775096E-17));
#6970=DIRECTION('center_axis',(-1.,0.,0.));
#6971=DIRECTION('ref_axis',(0.,-2.22044604925031E-16,1.));
#6972=DIRECTION('center_axis',(0.,-1.,-2.22044604925031E-16));
#6973=DIRECTION('ref_axis',(-1.,0.,0.));
#6974=DIRECTION('',(6.12323399573693E-17,2.95822839457879E-31,1.));
#6975=DIRECTION('',(1.,3.79640507735679E-15,-6.12323399573708E-17));
#6976=DIRECTION('',(6.12323399573602E-17,2.28030105415449E-31,1.));
#6977=DIRECTION('',(1.,3.79640507735679E-15,-6.12323399573642E-17));
#6978=DIRECTION('',(5.72118872610986E-18,-2.46519032881566E-32,1.));
#6979=DIRECTION('',(1.,5.6125750559925E-17,-5.72118872610986E-18));
#6980=DIRECTION('',(6.12323399573678E-17,1.97215226305253E-31,0.999999999999999));
#6981=DIRECTION('',(1.,1.93013354584851E-15,-6.12323399573678E-17));
#6982=DIRECTION('axis',(0.,0.,1.));
#6983=DIRECTION('refdir',(1.,0.,0.));
#6984=DIRECTION('center_axis',(0.,1.,0.));
#6985=DIRECTION('ref_axis',(0.,0.,1.));
#6986=DIRECTION('center_axis',(0.,-1.,0.));
#6987=DIRECTION('ref_axis',(1.,0.,0.));
#6988=DIRECTION('center_axis',(0.,1.,0.));
#6989=DIRECTION('ref_axis',(-1.,0.,-1.22464679914735E-16));
#6990=DIRECTION('center_axis',(0.,1.,0.));
#6991=DIRECTION('ref_axis',(-1.,0.,-1.22464679914735E-16));
#6992=DIRECTION('',(0.,-1.,0.));
#6993=DIRECTION('center_axis',(0.,-1.,0.));
#6994=DIRECTION('ref_axis',(-1.,0.,-1.22464679914735E-16));
#6995=DIRECTION('center_axis',(0.,1.,0.));
#6996=DIRECTION('ref_axis',(-1.22464679914735E-16,0.,1.));
#6997=DIRECTION('center_axis',(0.,-1.,0.));
#6998=DIRECTION('ref_axis',(-1.,0.,-1.22464679914735E-16));
#6999=DIRECTION('center_axis',(0.,-1.,0.));
#7000=DIRECTION('ref_axis',(-1.,0.,-1.22464679914735E-16));
#7001=DIRECTION('center_axis',(-1.,0.,-2.44929359829471E-16));
#7002=DIRECTION('ref_axis',(2.44929359829471E-16,0.,-1.));
#7003=DIRECTION('center_axis',(0.,1.,0.));
#7004=DIRECTION('ref_axis',(-1.,0.,-1.22464679914735E-16));
#7005=DIRECTION('center_axis',(0.,1.,0.));
#7006=DIRECTION('ref_axis',(-1.,0.,-1.22464679914735E-16));
#7007=DIRECTION('center_axis',(0.,1.,0.));
#7008=DIRECTION('ref_axis',(-1.,0.,-1.22464679914735E-16));
#7009=DIRECTION('center_axis',(0.,1.,0.));
#7010=DIRECTION('ref_axis',(-1.,0.,-1.22464679914735E-16));
#7011=DIRECTION('',(0.,1.,0.));
#7012=DIRECTION('center_axis',(0.,1.,0.));
#7013=DIRECTION('ref_axis',(-1.,0.,-1.22464679914735E-16));
#7014=DIRECTION('',(-1.22464679914735E-16,0.,1.));
#7015=DIRECTION('center_axis',(0.,-1.,0.));
#7016=DIRECTION('ref_axis',(-1.83697019872103E-16,0.,1.));
#7017=DIRECTION('',(1.22464679914735E-16,0.,-1.));
#7018=DIRECTION('center_axis',(0.,1.,0.));
#7019=DIRECTION('ref_axis',(0.916949300616178,0.,-0.399003734443053));
#7020=DIRECTION('center_axis',(0.,-1.,0.));
#7021=DIRECTION('ref_axis',(-0.978983462704388,0.,0.203939647325689));
#7022=DIRECTION('center_axis',(0.,-1.,0.));
#7023=DIRECTION('ref_axis',(-2.6039218997796E-16,0.,-1.));
#7024=DIRECTION('center_axis',(0.,-1.,0.));
#7025=DIRECTION('ref_axis',(0.978983462704388,0.,0.203939647325689));
#7026=DIRECTION('center_axis',(0.,1.,0.));
#7027=DIRECTION('ref_axis',(-0.916949300616178,0.,-0.399003734443053));
#7028=DIRECTION('center_axis',(0.,-1.,0.));
#7029=DIRECTION('ref_axis',(1.22464679914735E-16,0.,-1.));
#7030=DIRECTION('center_axis',(0.,-1.,0.));
#7031=DIRECTION('ref_axis',(-1.,0.,-1.22464679914735E-16));
#7032=DIRECTION('center_axis',(-1.,0.,0.));
#7033=DIRECTION('ref_axis',(0.,0.,1.));
#7034=DIRECTION('center_axis',(0.,1.,0.));
#7035=DIRECTION('ref_axis',(1.22464679914735E-16,0.,-1.));
#7036=DIRECTION('center_axis',(0.,1.,0.));
#7037=DIRECTION('ref_axis',(-1.,0.,-1.22464679914735E-16));
#7038=DIRECTION('center_axis',(0.,-1.,0.));
#7039=DIRECTION('ref_axis',(1.22464679914735E-16,0.,-1.));
#7040=DIRECTION('center_axis',(-1.,0.,0.));
#7041=DIRECTION('ref_axis',(0.,0.,1.));
#7042=DIRECTION('center_axis',(0.,-1.,0.));
#7043=DIRECTION('ref_axis',(-1.,0.,-1.22464679914735E-16));
#7044=DIRECTION('center_axis',(0.,-1.,0.));
#7045=DIRECTION('ref_axis',(-1.,0.,-1.22464679914735E-16));
#7046=DIRECTION('center_axis',(0.,-1.,0.));
#7047=DIRECTION('ref_axis',(0.,0.,-1.));
#7048=DIRECTION('center_axis',(-1.22464679914735E-16,0.,1.));
#7049=DIRECTION('ref_axis',(0.,1.,0.));
#7050=DIRECTION('center_axis',(0.,-1.,0.));
#7051=DIRECTION('ref_axis',(0.916949300616178,0.,-0.399003734443053));
#7052=DIRECTION('center_axis',(-0.731732390481602,0.,-0.681592039800995));
#7053=DIRECTION('ref_axis',(-0.681592039800995,0.,0.731732390481602));
#7054=DIRECTION('center_axis',(0.,1.,0.));
#7055=DIRECTION('ref_axis',(0.916949300616178,0.,-0.399003734443053));
#7056=DIRECTION('center_axis',(0.,-1.,0.));
#7057=DIRECTION('ref_axis',(1.4210854715202E-16,0.,-1.));
#7058=DIRECTION('center_axis',(0.398700340967537,0.,-0.917081260364843));
#7059=DIRECTION('ref_axis',(-0.917081260364843,0.,-0.398700340967537));
#7060=DIRECTION('center_axis',(0.,-1.,0.));
#7061=DIRECTION('ref_axis',(-0.978983462704388,0.,0.203939647325689));
#7062=DIRECTION('center_axis',(0.,1.,0.));
#7063=DIRECTION('ref_axis',(-0.978983462704388,0.,0.203939647325689));
#7064=DIRECTION('center_axis',(0.,-1.,0.));
#7065=DIRECTION('ref_axis',(1.22464679914735E-16,0.,-1.));
#7066=DIRECTION('center_axis',(0.398700340967541,0.,0.917081260364841));
#7067=DIRECTION('ref_axis',(0.917081260364841,0.,-0.398700340967541));
#7068=DIRECTION('center_axis',(0.,-1.,0.));
#7069=DIRECTION('ref_axis',(-2.6039218997796E-16,0.,-1.));
#7070=DIRECTION('center_axis',(0.,1.,0.));
#7071=DIRECTION('ref_axis',(-2.6039218997796E-16,0.,-1.));
#7072=DIRECTION('center_axis',(0.,-1.,0.));
#7073=DIRECTION('ref_axis',(1.4210854715202E-16,0.,-1.));
#7074=DIRECTION('center_axis',(-0.731732390481604,0.,0.681592039800993));
#7075=DIRECTION('ref_axis',(0.681592039800993,0.,0.731732390481604));
#7076=DIRECTION('center_axis',(0.,-1.,0.));
#7077=DIRECTION('ref_axis',(0.978983462704388,0.,0.203939647325689));
#7078=DIRECTION('center_axis',(0.,1.,0.));
#7079=DIRECTION('ref_axis',(0.978983462704388,0.,0.203939647325689));
#7080=DIRECTION('center_axis',(0.,-1.,0.));
#7081=DIRECTION('ref_axis',(0.,0.,-1.));
#7082=DIRECTION('center_axis',(7.6571373978539E-16,0.,1.));
#7083=DIRECTION('ref_axis',(1.,0.,-7.6571373978539E-16));
#7084=DIRECTION('center_axis',(0.,1.,0.));
#7085=DIRECTION('ref_axis',(-0.916949300616178,0.,-0.399003734443053));
#7086=DIRECTION('center_axis',(0.,-1.,0.));
#7087=DIRECTION('ref_axis',(-0.916949300616178,0.,-0.399003734443053));
#7088=DIRECTION('center_axis',(-1.22464679914735E-16,0.,1.));
#7089=DIRECTION('ref_axis',(0.707106781186547,0.707106781186547,8.65956056235493E-17));
#7090=DIRECTION('center_axis',(-1.22464679914735E-16,0.,1.));
#7091=DIRECTION('ref_axis',(1.,0.,1.22464679914735E-16));
#7092=DIRECTION('',(-1.22464679914735E-16,0.,1.));
#7093=DIRECTION('',(1.22464679914735E-16,0.,-1.));
#7094=DIRECTION('center_axis',(0.,-1.,0.));
#7095=DIRECTION('ref_axis',(0.,0.,1.));
#7096=DIRECTION('center_axis',(1.22464679914735E-16,0.,-1.));
#7097=DIRECTION('ref_axis',(-1.,0.,-1.22464679914735E-16));
#7098=DIRECTION('center_axis',(0.,-1.,0.));
#7099=DIRECTION('ref_axis',(-1.83697019872103E-16,0.,1.));
#7100=DIRECTION('center_axis',(0.,1.,0.));
#7101=DIRECTION('ref_axis',(-1.83697019872103E-16,0.,1.));
#7102=DIRECTION('center_axis',(1.22464679914735E-16,0.,-1.));
#7103=DIRECTION('ref_axis',(-0.707106781186547,0.707106781186547,-8.65956056235493E-17));
#7104=DIRECTION('',(-1.22464679914735E-16,0.,1.));
#7105=DIRECTION('',(1.22464679914735E-16,0.,-1.));
#7106=DIRECTION('center_axis',(0.,1.,0.));
#7107=DIRECTION('ref_axis',(0.978983462704388,0.,0.203939647325689));
#7108=DIRECTION('',(0.,1.,0.));
#7109=DIRECTION('center_axis',(0.,1.,0.));
#7110=DIRECTION('ref_axis',(0.978983462704388,0.,0.203939647325689));
#7111=DIRECTION('',(0.,-1.,0.));
#7112=DIRECTION('center_axis',(0.,1.,0.));
#7113=DIRECTION('ref_axis',(1.,0.,1.22464679914735E-16));
#7114=DIRECTION('center_axis',(0.,1.,0.));
#7115=DIRECTION('ref_axis',(-2.6039218997796E-16,0.,-1.));
#7116=DIRECTION('',(0.,1.,0.));
#7117=DIRECTION('center_axis',(0.,1.,0.));
#7118=DIRECTION('ref_axis',(-0.978983462704388,0.,0.203939647325689));
#7119=DIRECTION('center_axis',(0.,1.,0.));
#7120=DIRECTION('ref_axis',(-0.978983462704388,0.,0.203939647325689));
#7121=DIRECTION('',(0.,-1.,0.));
#7122=DIRECTION('center_axis',(0.,-1.,0.));
#7123=DIRECTION('ref_axis',(0.333333333333333,0.,-0.942809041582063));
#7124=DIRECTION('center_axis',(0.,-1.,0.));
#7125=DIRECTION('ref_axis',(0.916949300616178,0.,-0.399003734443053));
#7126=DIRECTION('',(0.,-1.,0.));
#7127=DIRECTION('center_axis',(0.,1.,0.));
#7128=DIRECTION('ref_axis',(-1.,0.,-1.22464679914735E-16));
#7129=DIRECTION('center_axis',(-1.22464679914735E-16,0.,1.));
#7130=DIRECTION('ref_axis',(0.707106781186547,-0.707106781186547,8.65956056235493E-17));
#7131=DIRECTION('center_axis',(-1.22464679914735E-16,0.,1.));
#7132=DIRECTION('ref_axis',(0.,-1.,0.));
#7133=DIRECTION('center_axis',(1.22464679914735E-16,0.,-1.));
#7134=DIRECTION('ref_axis',(1.,0.,1.22464679914735E-16));
#7135=DIRECTION('',(1.22464679914735E-16,0.,-1.));
#7136=DIRECTION('center_axis',(0.,-1.,0.));
#7137=DIRECTION('ref_axis',(0.,0.,-1.));
#7138=DIRECTION('center_axis',(0.7317323904816,0.,-0.681592039800996));
#7139=DIRECTION('ref_axis',(0.681592039800996,0.,0.7317323904816));
#7140=DIRECTION('center_axis',(0.,-1.,0.));
#7141=DIRECTION('ref_axis',(-0.916949300616178,0.,-0.399003734443053));
#7142=DIRECTION('center_axis',(0.,1.,0.));
#7143=DIRECTION('ref_axis',(-1.4210854715202E-16,0.,1.));
#7144=DIRECTION('center_axis',(-0.39870034096754,0.,-0.917081260364842));
#7145=DIRECTION('ref_axis',(0.917081260364842,0.,-0.39870034096754));
#7146=DIRECTION('center_axis',(0.,-1.,0.));
#7147=DIRECTION('ref_axis',(1.22464679914735E-16,0.,-1.));
#7148=DIRECTION('center_axis',(-0.398700340967542,0.,0.917081260364841));
#7149=DIRECTION('ref_axis',(-0.917081260364841,0.,-0.398700340967542));
#7150=DIRECTION('center_axis',(0.,1.,0.));
#7151=DIRECTION('ref_axis',(-1.4210854715202E-16,0.,1.));
#7152=DIRECTION('center_axis',(0.731732390481602,0.,0.681592039800995));
#7153=DIRECTION('ref_axis',(-0.681592039800995,0.,0.731732390481602));
#7154=DIRECTION('center_axis',(0.,-1.,0.));
#7155=DIRECTION('ref_axis',(0.,0.,-1.));
#7156=DIRECTION('center_axis',(-1.22464679914735E-16,0.,1.));
#7157=DIRECTION('ref_axis',(-1.,0.,-1.22464679914735E-16));
#7158=DIRECTION('center_axis',(1.22464679914735E-16,0.,-1.));
#7159=DIRECTION('ref_axis',(-0.707106781186547,-0.707106781186547,-8.65956056235493E-17));
#7160=DIRECTION('center_axis',(-1.22464679914735E-16,0.,1.));
#7161=DIRECTION('ref_axis',(-1.,0.,-1.22464679914735E-16));
#7162=DIRECTION('',(-1.22464679914735E-16,0.,1.));
#7163=DIRECTION('center_axis',(0.,-1.,0.));
#7164=DIRECTION('ref_axis',(-2.44929359829471E-16,0.,1.));
#7165=DIRECTION('center_axis',(0.,1.,0.));
#7166=DIRECTION('ref_axis',(-1.83697019872103E-16,0.,1.));
#7167=DIRECTION('center_axis',(0.,1.,0.));
#7168=DIRECTION('ref_axis',(-0.333333333333333,0.,-0.942809041582063));
#7169=DIRECTION('',(0.,1.,0.));
#7170=DIRECTION('center_axis',(-1.,0.,-1.22464679914735E-16));
#7171=DIRECTION('ref_axis',(1.22464679914735E-16,0.,-1.));
#7172=DIRECTION('',(0.,-1.,0.));
#7173=DIRECTION('center_axis',(1.,0.,1.22464679914735E-16));
#7174=DIRECTION('ref_axis',(-1.22464679914735E-16,0.,1.));
#7175=DIRECTION('',(0.,-1.,0.));
#7176=DIRECTION('center_axis',(0.,1.,0.));
#7177=DIRECTION('ref_axis',(-1.,0.,-1.22464679914735E-16));
#7178=DIRECTION('center_axis',(0.,-1.,0.));
#7179=DIRECTION('ref_axis',(-1.22464679914735E-16,0.,1.));
#7180=DIRECTION('center_axis',(0.,-1.,0.));
#7181=DIRECTION('ref_axis',(-1.,0.,-1.22464679914735E-16));
#7182=DIRECTION('center_axis',(1.,0.,2.44929359829471E-16));
#7183=DIRECTION('ref_axis',(2.44929359829471E-16,0.,-1.));
#7184=DIRECTION('center_axis',(0.,1.,0.));
#7185=DIRECTION('ref_axis',(-1.,0.,-1.22464679914735E-16));
#7186=DIRECTION('center_axis',(0.,-1.,0.));
#7187=DIRECTION('ref_axis',(-1.,0.,-1.22464679914735E-16));
#7188=DIRECTION('center_axis',(0.,1.,0.));
#7189=DIRECTION('ref_axis',(-1.,0.,-1.22464679914735E-16));
#7190=DIRECTION('center_axis',(0.,1.,0.));
#7191=DIRECTION('ref_axis',(-1.,0.,-1.22464679914735E-16));
#7192=DIRECTION('',(0.,-1.,0.));
#7193=DIRECTION('center_axis',(0.,1.,0.));
#7194=DIRECTION('ref_axis',(-1.,0.,-1.22464679914735E-16));
#7195=DIRECTION('center_axis',(0.,1.,0.));
#7196=DIRECTION('ref_axis',(-1.,0.,-1.22464679914735E-16));
#7197=DIRECTION('',(-1.22464679914735E-16,0.,1.));
#7198=DIRECTION('center_axis',(0.,1.,0.));
#7199=DIRECTION('ref_axis',(-0.916949300616178,0.,-0.399003734443053));
#7200=DIRECTION('center_axis',(0.,-1.,0.));
#7201=DIRECTION('ref_axis',(0.978983462704388,0.,0.203939647325689));
#7202=DIRECTION('center_axis',(0.,-1.,0.));
#7203=DIRECTION('ref_axis',(-2.6039218997796E-16,0.,-1.));
#7204=DIRECTION('center_axis',(0.,-1.,0.));
#7205=DIRECTION('ref_axis',(-0.978983462704388,0.,0.203939647325689));
#7206=DIRECTION('center_axis',(0.,1.,0.));
#7207=DIRECTION('ref_axis',(0.916949300616178,0.,-0.399003734443053));
#7208=DIRECTION('',(1.22464679914735E-16,0.,-1.));
#7209=DIRECTION('center_axis',(0.,-1.,0.));
#7210=DIRECTION('ref_axis',(-1.83697019872103E-16,0.,1.));
#7211=DIRECTION('center_axis',(0.,1.,0.));
#7212=DIRECTION('ref_axis',(1.22464679914735E-16,0.,-1.));
#7213=DIRECTION('center_axis',(0.,-1.,0.));
#7214=DIRECTION('ref_axis',(-1.,0.,-1.22464679914735E-16));
#7215=DIRECTION('center_axis',(1.,0.,0.));
#7216=DIRECTION('ref_axis',(0.,0.,1.));
#7217=DIRECTION('center_axis',(0.,1.,0.));
#7218=DIRECTION('ref_axis',(1.22464679914735E-16,0.,-1.));
#7219=DIRECTION('center_axis',(0.,1.,0.));
#7220=DIRECTION('ref_axis',(-1.,0.,-1.22464679914735E-16));
#7221=DIRECTION('center_axis',(0.,1.,0.));
#7222=DIRECTION('ref_axis',(1.22464679914735E-16,0.,-1.));
#7223=DIRECTION('center_axis',(1.,0.,0.));
#7224=DIRECTION('ref_axis',(0.,0.,1.));
#7225=DIRECTION('center_axis',(0.,-1.,0.));
#7226=DIRECTION('ref_axis',(-1.,0.,-1.22464679914735E-16));
#7227=DIRECTION('center_axis',(0.,-1.,0.));
#7228=DIRECTION('ref_axis',(-1.,0.,-1.22464679914735E-16));
#7229=DIRECTION('center_axis',(0.,1.,0.));
#7230=DIRECTION('ref_axis',(0.,0.,-1.));
#7231=DIRECTION('center_axis',(1.22464679914735E-16,0.,-1.));
#7232=DIRECTION('ref_axis',(0.,-1.,0.));
#7233=DIRECTION('center_axis',(0.,1.,0.));
#7234=DIRECTION('ref_axis',(0.916949300616178,0.,-0.399003734443053));
#7235=DIRECTION('center_axis',(0.731732390481602,0.,0.681592039800995));
#7236=DIRECTION('ref_axis',(-0.681592039800995,0.,0.731732390481602));
#7237=DIRECTION('center_axis',(0.,-1.,0.));
#7238=DIRECTION('ref_axis',(0.916949300616178,0.,-0.399003734443053));
#7239=DIRECTION('center_axis',(0.,1.,0.));
#7240=DIRECTION('ref_axis',(1.4210854715202E-16,0.,-1.));
#7241=DIRECTION('center_axis',(-0.398700340967537,0.,0.917081260364843));
#7242=DIRECTION('ref_axis',(-0.917081260364843,0.,-0.398700340967537));
#7243=DIRECTION('center_axis',(0.,1.,0.));
#7244=DIRECTION('ref_axis',(-0.978983462704388,0.,0.203939647325689));
#7245=DIRECTION('center_axis',(0.,-1.,0.));
#7246=DIRECTION('ref_axis',(-0.978983462704388,0.,0.203939647325689));
#7247=DIRECTION('center_axis',(0.,1.,0.));
#7248=DIRECTION('ref_axis',(1.22464679914735E-16,0.,-1.));
#7249=DIRECTION('center_axis',(-0.398700340967541,0.,-0.917081260364841));
#7250=DIRECTION('ref_axis',(0.917081260364841,0.,-0.398700340967541));
#7251=DIRECTION('center_axis',(0.,1.,0.));
#7252=DIRECTION('ref_axis',(-2.6039218997796E-16,0.,-1.));
#7253=DIRECTION('center_axis',(0.,-1.,0.));
#7254=DIRECTION('ref_axis',(-2.6039218997796E-16,0.,-1.));
#7255=DIRECTION('center_axis',(0.,1.,0.));
#7256=DIRECTION('ref_axis',(1.4210854715202E-16,0.,-1.));
#7257=DIRECTION('center_axis',(0.731732390481604,0.,-0.681592039800993));
#7258=DIRECTION('ref_axis',(0.681592039800993,0.,0.731732390481604));
#7259=DIRECTION('center_axis',(0.,1.,0.));
#7260=DIRECTION('ref_axis',(0.978983462704388,0.,0.203939647325689));
#7261=DIRECTION('center_axis',(0.,-1.,0.));
#7262=DIRECTION('ref_axis',(0.978983462704388,0.,0.203939647325689));
#7263=DIRECTION('center_axis',(0.,1.,0.));
#7264=DIRECTION('ref_axis',(0.,0.,-1.));
#7265=DIRECTION('center_axis',(-7.6571373978539E-16,0.,-1.));
#7266=DIRECTION('ref_axis',(1.,0.,-7.6571373978539E-16));
#7267=DIRECTION('center_axis',(0.,-1.,0.));
#7268=DIRECTION('ref_axis',(-0.916949300616178,0.,-0.399003734443053));
#7269=DIRECTION('center_axis',(0.,1.,0.));
#7270=DIRECTION('ref_axis',(-0.916949300616178,0.,-0.399003734443053));
#7271=DIRECTION('center_axis',(1.22464679914735E-16,0.,-1.));
#7272=DIRECTION('ref_axis',(0.707106781186547,-0.707106781186547,8.65956056235493E-17));
#7273=DIRECTION('center_axis',(1.22464679914735E-16,0.,-1.));
#7274=DIRECTION('ref_axis',(1.,0.,1.22464679914735E-16));
#7275=DIRECTION('',(1.22464679914735E-16,0.,-1.));
#7276=DIRECTION('',(-1.22464679914735E-16,0.,1.));
#7277=DIRECTION('center_axis',(0.,1.,0.));
#7278=DIRECTION('ref_axis',(-2.44929359829471E-16,0.,1.));
#7279=DIRECTION('center_axis',(-1.22464679914735E-16,0.,1.));
#7280=DIRECTION('ref_axis',(-1.,0.,-1.22464679914735E-16));
#7281=DIRECTION('center_axis',(0.,1.,0.));
#7282=DIRECTION('ref_axis',(-1.83697019872103E-16,0.,1.));
#7283=DIRECTION('center_axis',(0.,-1.,0.));
#7284=DIRECTION('ref_axis',(-1.83697019872103E-16,0.,1.));
#7285=DIRECTION('center_axis',(-1.22464679914735E-16,0.,1.));
#7286=DIRECTION('ref_axis',(-0.707106781186547,-0.707106781186547,-8.65956056235493E-17));
#7287=DIRECTION('',(1.22464679914735E-16,0.,-1.));
#7288=DIRECTION('',(-1.22464679914735E-16,0.,1.));
#7289=DIRECTION('center_axis',(0.,1.,0.));
#7290=DIRECTION('ref_axis',(0.978983462704388,0.,0.203939647325689));
#7291=DIRECTION('',(0.,1.,0.));
#7292=DIRECTION('center_axis',(0.,1.,0.));
#7293=DIRECTION('ref_axis',(0.978983462704388,0.,0.203939647325689));
#7294=DIRECTION('',(0.,-1.,0.));
#7295=DIRECTION('center_axis',(0.,1.,0.));
#7296=DIRECTION('ref_axis',(1.,0.,1.22464679914735E-16));
#7297=DIRECTION('',(0.,-1.,0.));
#7298=DIRECTION('center_axis',(0.,1.,0.));
#7299=DIRECTION('ref_axis',(-2.6039218997796E-16,0.,-1.));
#7300=DIRECTION('center_axis',(0.,1.,0.));
#7301=DIRECTION('ref_axis',(-0.978983462704388,0.,0.203939647325689));
#7302=DIRECTION('',(0.,1.,0.));
#7303=DIRECTION('center_axis',(0.,1.,0.));
#7304=DIRECTION('ref_axis',(-0.978983462704388,0.,0.203939647325689));
#7305=DIRECTION('center_axis',(0.,-1.,0.));
#7306=DIRECTION('ref_axis',(0.333333333333333,0.,-0.942809041582063));
#7307=DIRECTION('',(0.,1.,0.));
#7308=DIRECTION('center_axis',(0.,-1.,0.));
#7309=DIRECTION('ref_axis',(0.916949300616178,0.,-0.399003734443053));
#7310=DIRECTION('center_axis',(0.,1.,0.));
#7311=DIRECTION('ref_axis',(-1.,0.,-1.22464679914735E-16));
#7312=DIRECTION('center_axis',(1.22464679914735E-16,0.,-1.));
#7313=DIRECTION('ref_axis',(0.707106781186547,0.707106781186547,8.65956056235493E-17));
#7314=DIRECTION('center_axis',(1.22464679914735E-16,0.,-1.));
#7315=DIRECTION('ref_axis',(0.,1.,0.));
#7316=DIRECTION('',(1.22464679914735E-16,0.,-1.));
#7317=DIRECTION('center_axis',(-1.22464679914735E-16,0.,1.));
#7318=DIRECTION('ref_axis',(1.,0.,1.22464679914735E-16));
#7319=DIRECTION('center_axis',(0.,1.,0.));
#7320=DIRECTION('ref_axis',(0.,0.,-1.));
#7321=DIRECTION('center_axis',(-0.7317323904816,0.,0.681592039800996));
#7322=DIRECTION('ref_axis',(0.681592039800996,0.,0.7317323904816));
#7323=DIRECTION('center_axis',(0.,-1.,0.));
#7324=DIRECTION('ref_axis',(-0.916949300616178,0.,-0.399003734443053));
#7325=DIRECTION('center_axis',(0.,-1.,0.));
#7326=DIRECTION('ref_axis',(-1.4210854715202E-16,0.,1.));
#7327=DIRECTION('center_axis',(0.39870034096754,0.,0.917081260364842));
#7328=DIRECTION('ref_axis',(0.917081260364842,0.,-0.39870034096754));
#7329=DIRECTION('center_axis',(0.,1.,0.));
#7330=DIRECTION('ref_axis',(1.22464679914735E-16,0.,-1.));
#7331=DIRECTION('center_axis',(0.398700340967542,0.,-0.917081260364841));
#7332=DIRECTION('ref_axis',(-0.917081260364841,0.,-0.398700340967542));
#7333=DIRECTION('center_axis',(0.,-1.,0.));
#7334=DIRECTION('ref_axis',(-1.4210854715202E-16,0.,1.));
#7335=DIRECTION('center_axis',(-0.731732390481602,0.,-0.681592039800995));
#7336=DIRECTION('ref_axis',(-0.681592039800995,0.,0.731732390481602));
#7337=DIRECTION('center_axis',(0.,1.,0.));
#7338=DIRECTION('ref_axis',(0.,0.,-1.));
#7339=DIRECTION('center_axis',(1.22464679914735E-16,0.,-1.));
#7340=DIRECTION('ref_axis',(-1.,0.,-1.22464679914735E-16));
#7341=DIRECTION('center_axis',(-1.22464679914735E-16,0.,1.));
#7342=DIRECTION('ref_axis',(-0.707106781186547,0.707106781186547,-8.65956056235493E-17));
#7343=DIRECTION('center_axis',(1.22464679914735E-16,0.,-1.));
#7344=DIRECTION('ref_axis',(-1.,0.,-1.22464679914735E-16));
#7345=DIRECTION('',(-1.22464679914735E-16,0.,1.));
#7346=DIRECTION('center_axis',(0.,1.,0.));
#7347=DIRECTION('ref_axis',(0.,0.,1.));
#7348=DIRECTION('center_axis',(0.,1.,0.));
#7349=DIRECTION('ref_axis',(-1.83697019872103E-16,0.,1.));
#7350=DIRECTION('center_axis',(0.,1.,0.));
#7351=DIRECTION('ref_axis',(-0.333333333333333,0.,-0.942809041582063));
#7352=DIRECTION('',(0.,-1.,0.));
#7353=DIRECTION('center_axis',(1.,0.,1.22464679914735E-16));
#7354=DIRECTION('ref_axis',(1.22464679914735E-16,0.,-1.));
#7355=DIRECTION('',(0.,1.,0.));
#7356=DIRECTION('center_axis',(-1.,0.,-1.22464679914735E-16));
#7357=DIRECTION('ref_axis',(-1.22464679914735E-16,0.,1.));
#7358=DIRECTION('',(0.,1.,0.));
#7359=DIRECTION('center_axis',(0.,1.,0.));
#7360=DIRECTION('ref_axis',(-1.,0.,-1.22464679914735E-16));
#7361=DIRECTION('center_axis',(0.,1.,0.));
#7362=DIRECTION('ref_axis',(1.,0.,0.));
#7363=DIRECTION('center_axis',(0.,1.,0.));
#7364=DIRECTION('ref_axis',(1.,0.,0.));
#7365=DIRECTION('',(0.,-1.,0.));
#7366=DIRECTION('center_axis',(0.,-1.,0.));
#7367=DIRECTION('ref_axis',(1.,0.,0.));
#7368=DIRECTION('center_axis',(0.,1.,0.));
#7369=DIRECTION('ref_axis',(0.,0.,-1.));
#7370=DIRECTION('center_axis',(0.,-1.,0.));
#7371=DIRECTION('ref_axis',(1.,0.,0.));
#7372=DIRECTION('center_axis',(0.,-1.,0.));
#7373=DIRECTION('ref_axis',(1.,0.,0.));
#7374=DIRECTION('center_axis',(1.,0.,1.22464679914735E-16));
#7375=DIRECTION('ref_axis',(-1.22464679914735E-16,0.,1.));
#7376=DIRECTION('center_axis',(0.,1.,0.));
#7377=DIRECTION('ref_axis',(1.,0.,0.));
#7378=DIRECTION('center_axis',(0.,1.,0.));
#7379=DIRECTION('ref_axis',(1.,0.,0.));
#7380=DIRECTION('center_axis',(0.,1.,0.));
#7381=DIRECTION('ref_axis',(1.,0.,0.));
#7382=DIRECTION('center_axis',(0.,1.,0.));
#7383=DIRECTION('ref_axis',(1.,0.,0.));
#7384=DIRECTION('',(0.,1.,0.));
#7385=DIRECTION('center_axis',(0.,1.,0.));
#7386=DIRECTION('ref_axis',(1.,0.,0.));
#7387=DIRECTION('',(0.,0.,-1.));
#7388=DIRECTION('center_axis',(0.,-1.,0.));
#7389=DIRECTION('ref_axis',(6.12323399573677E-17,0.,-1.));
#7390=DIRECTION('',(0.,0.,1.));
#7391=DIRECTION('center_axis',(0.,1.,0.));
#7392=DIRECTION('ref_axis',(-0.916949300616178,0.,0.399003734443053));
#7393=DIRECTION('center_axis',(0.,-1.,0.));
#7394=DIRECTION('ref_axis',(0.978983462704388,0.,-0.203939647325689));
#7395=DIRECTION('center_axis',(0.,-1.,0.));
#7396=DIRECTION('ref_axis',(3.82856869892695E-16,0.,1.));
#7397=DIRECTION('center_axis',(0.,-1.,0.));
#7398=DIRECTION('ref_axis',(-0.978983462704388,0.,-0.203939647325689));
#7399=DIRECTION('center_axis',(0.,1.,0.));
#7400=DIRECTION('ref_axis',(0.916949300616178,0.,0.399003734443053));
#7401=DIRECTION('center_axis',(0.,-1.,0.));
#7402=DIRECTION('ref_axis',(0.,0.,1.));
#7403=DIRECTION('center_axis',(0.,-1.,0.));
#7404=DIRECTION('ref_axis',(1.,0.,0.));
#7405=DIRECTION('center_axis',(1.,0.,-1.22464679914735E-16));
#7406=DIRECTION('ref_axis',(-1.22464679914735E-16,0.,-1.));
#7407=DIRECTION('center_axis',(0.,1.,0.));
#7408=DIRECTION('ref_axis',(0.,0.,1.));
#7409=DIRECTION('center_axis',(0.,1.,0.));
#7410=DIRECTION('ref_axis',(1.,0.,0.));
#7411=DIRECTION('center_axis',(0.,-1.,0.));
#7412=DIRECTION('ref_axis',(0.,0.,1.));
#7413=DIRECTION('center_axis',(1.,0.,-1.22464679914735E-16));
#7414=DIRECTION('ref_axis',(-1.22464679914735E-16,0.,-1.));
#7415=DIRECTION('center_axis',(0.,-1.,0.));
#7416=DIRECTION('ref_axis',(1.,0.,0.));
#7417=DIRECTION('center_axis',(0.,-1.,0.));
#7418=DIRECTION('ref_axis',(1.,0.,0.));
#7419=DIRECTION('center_axis',(0.,1.,0.));
#7420=DIRECTION('ref_axis',(1.,0.,0.));
#7421=DIRECTION('',(0.,1.,0.));
#7422=DIRECTION('center_axis',(0.,-1.,0.));
#7423=DIRECTION('ref_axis',(0.,0.,1.));
#7424=DIRECTION('center_axis',(0.,0.,-1.));
#7425=DIRECTION('ref_axis',(0.,1.,0.));
#7426=DIRECTION('center_axis',(0.,-1.,0.));
#7427=DIRECTION('ref_axis',(-0.916949300616178,0.,0.399003734443053));
#7428=DIRECTION('center_axis',(0.731732390481602,0.,0.681592039800995));
#7429=DIRECTION('ref_axis',(0.681592039800995,0.,-0.731732390481602));
#7430=DIRECTION('center_axis',(0.,1.,0.));
#7431=DIRECTION('ref_axis',(-0.916949300616178,0.,0.399003734443053));
#7432=DIRECTION('center_axis',(0.,-1.,0.));
#7433=DIRECTION('ref_axis',(0.,0.,1.));
#7434=DIRECTION('center_axis',(-0.398700340967537,0.,0.917081260364843));
#7435=DIRECTION('ref_axis',(0.917081260364843,0.,0.398700340967537));
#7436=DIRECTION('center_axis',(0.,-1.,0.));
#7437=DIRECTION('ref_axis',(0.978983462704388,0.,-0.203939647325689));
#7438=DIRECTION('center_axis',(0.,1.,0.));
#7439=DIRECTION('ref_axis',(0.978983462704388,0.,-0.203939647325689));
#7440=DIRECTION('center_axis',(0.,-1.,0.));
#7441=DIRECTION('ref_axis',(0.,0.,1.));
#7442=DIRECTION('center_axis',(-0.398700340967541,0.,-0.917081260364841));
#7443=DIRECTION('ref_axis',(-0.917081260364841,0.,0.398700340967542));
#7444=DIRECTION('center_axis',(0.,-1.,0.));
#7445=DIRECTION('ref_axis',(3.82856869892695E-16,0.,1.));
#7446=DIRECTION('center_axis',(0.,1.,0.));
#7447=DIRECTION('ref_axis',(3.82856869892695E-16,0.,1.));
#7448=DIRECTION('center_axis',(0.,-1.,0.));
#7449=DIRECTION('ref_axis',(0.,0.,1.));
#7450=DIRECTION('center_axis',(0.731732390481604,0.,-0.681592039800993));
#7451=DIRECTION('ref_axis',(-0.681592039800993,0.,-0.731732390481603));
#7452=DIRECTION('center_axis',(0.,-1.,0.));
#7453=DIRECTION('ref_axis',(-0.978983462704388,0.,-0.203939647325689));
#7454=DIRECTION('center_axis',(0.,1.,0.));
#7455=DIRECTION('ref_axis',(-0.978983462704388,0.,-0.203939647325689));
#7456=DIRECTION('center_axis',(0.,-1.,0.));
#7457=DIRECTION('ref_axis',(0.,0.,1.));
#7458=DIRECTION('center_axis',(-8.88178419700125E-16,0.,-1.));
#7459=DIRECTION('ref_axis',(-1.,0.,8.88178419700125E-16));
#7460=DIRECTION('center_axis',(0.,1.,0.));
#7461=DIRECTION('ref_axis',(0.916949300616178,0.,0.399003734443053));
#7462=DIRECTION('center_axis',(0.,-1.,0.));
#7463=DIRECTION('ref_axis',(0.916949300616178,0.,0.399003734443053));
#7464=DIRECTION('center_axis',(0.,0.,-1.));
#7465=DIRECTION('ref_axis',(-0.707106781186547,0.707106781186547,0.));
#7466=DIRECTION('center_axis',(0.,0.,-1.));
#7467=DIRECTION('ref_axis',(-1.,0.,0.));
#7468=DIRECTION('',(0.,0.,-1.));
#7469=DIRECTION('',(0.,0.,1.));
#7470=DIRECTION('center_axis',(0.,-1.,0.));
#7471=DIRECTION('ref_axis',(-1.22464679914735E-16,0.,-1.));
#7472=DIRECTION('center_axis',(0.,0.,1.));
#7473=DIRECTION('ref_axis',(1.,0.,0.));
#7474=DIRECTION('center_axis',(0.,-1.,0.));
#7475=DIRECTION('ref_axis',(6.12323399573677E-17,0.,-1.));
#7476=DIRECTION('center_axis',(0.,1.,0.));
#7477=DIRECTION('ref_axis',(6.12323399573677E-17,0.,-1.));
#7478=DIRECTION('center_axis',(0.,0.,1.));
#7479=DIRECTION('ref_axis',(0.707106781186547,0.707106781186547,0.));
#7480=DIRECTION('',(0.,0.,-1.));
#7481=DIRECTION('',(0.,0.,1.));
#7482=DIRECTION('center_axis',(0.,1.,0.));
#7483=DIRECTION('ref_axis',(-0.978983462704388,0.,-0.203939647325689));
#7484=DIRECTION('',(0.,1.,0.));
#7485=DIRECTION('center_axis',(0.,1.,0.));
#7486=DIRECTION('ref_axis',(-0.978983462704388,0.,-0.203939647325689));
#7487=DIRECTION('',(0.,-1.,0.));
#7488=DIRECTION('center_axis',(0.,1.,0.));
#7489=DIRECTION('ref_axis',(-1.,0.,0.));
#7490=DIRECTION('center_axis',(0.,1.,0.));
#7491=DIRECTION('ref_axis',(3.82856869892695E-16,0.,1.));
#7492=DIRECTION('',(0.,1.,0.));
#7493=DIRECTION('center_axis',(0.,1.,0.));
#7494=DIRECTION('ref_axis',(0.978983462704388,0.,-0.203939647325689));
#7495=DIRECTION('center_axis',(0.,1.,0.));
#7496=DIRECTION('ref_axis',(0.978983462704388,0.,-0.203939647325689));
#7497=DIRECTION('',(0.,-1.,0.));
#7498=DIRECTION('center_axis',(0.,-1.,0.));
#7499=DIRECTION('ref_axis',(-0.333333333333333,0.,0.942809041582063));
#7500=DIRECTION('center_axis',(0.,-1.,0.));
#7501=DIRECTION('ref_axis',(-0.916949300616178,0.,0.399003734443053));
#7502=DIRECTION('',(0.,-1.,0.));
#7503=DIRECTION('center_axis',(0.,1.,0.));
#7504=DIRECTION('ref_axis',(1.,0.,0.));
#7505=DIRECTION('center_axis',(0.,0.,-1.));
#7506=DIRECTION('ref_axis',(-0.707106781186547,-0.707106781186547,0.));
#7507=DIRECTION('center_axis',(0.,0.,-1.));
#7508=DIRECTION('ref_axis',(0.,-1.,0.));
#7509=DIRECTION('center_axis',(0.,0.,1.));
#7510=DIRECTION('ref_axis',(-1.,0.,0.));
#7511=DIRECTION('',(0.,0.,1.));
#7512=DIRECTION('center_axis',(0.,-1.,0.));
#7513=DIRECTION('ref_axis',(0.,0.,1.));
#7514=DIRECTION('center_axis',(-0.7317323904816,0.,0.681592039800997));
#7515=DIRECTION('ref_axis',(-0.681592039800996,0.,-0.7317323904816));
#7516=DIRECTION('center_axis',(0.,-1.,0.));
#7517=DIRECTION('ref_axis',(0.916949300616178,0.,0.399003734443053));
#7518=DIRECTION('center_axis',(0.,1.,0.));
#7519=DIRECTION('ref_axis',(0.,0.,-1.));
#7520=DIRECTION('center_axis',(0.39870034096754,0.,0.917081260364842));
#7521=DIRECTION('ref_axis',(-0.917081260364842,0.,0.39870034096754));
#7522=DIRECTION('center_axis',(0.,-1.,0.));
#7523=DIRECTION('ref_axis',(0.,0.,1.));
#7524=DIRECTION('center_axis',(0.398700340967541,0.,-0.917081260364841));
#7525=DIRECTION('ref_axis',(0.917081260364841,0.,0.398700340967542));
#7526=DIRECTION('center_axis',(0.,1.,0.));
#7527=DIRECTION('ref_axis',(0.,0.,-1.));
#7528=DIRECTION('center_axis',(-0.731732390481602,0.,-0.681592039800994));
#7529=DIRECTION('ref_axis',(0.681592039800994,0.,-0.731732390481602));
#7530=DIRECTION('center_axis',(0.,-1.,0.));
#7531=DIRECTION('ref_axis',(0.,0.,1.));
#7532=DIRECTION('center_axis',(0.,0.,-1.));
#7533=DIRECTION('ref_axis',(1.,0.,0.));
#7534=DIRECTION('center_axis',(0.,0.,1.));
#7535=DIRECTION('ref_axis',(0.707106781186547,-0.707106781186547,0.));
#7536=DIRECTION('center_axis',(0.,0.,-1.));
#7537=DIRECTION('ref_axis',(1.,0.,0.));
#7538=DIRECTION('',(0.,0.,-1.));
#7539=DIRECTION('center_axis',(0.,-1.,0.));
#7540=DIRECTION('ref_axis',(1.22464679914735E-16,0.,-1.));
#7541=DIRECTION('center_axis',(0.,1.,0.));
#7542=DIRECTION('ref_axis',(6.12323399573677E-17,0.,-1.));
#7543=DIRECTION('center_axis',(0.,1.,0.));
#7544=DIRECTION('ref_axis',(0.333333333333334,0.,0.942809041582063));
#7545=DIRECTION('',(0.,1.,0.));
#7546=DIRECTION('center_axis',(1.,0.,0.));
#7547=DIRECTION('ref_axis',(0.,0.,1.));
#7548=DIRECTION('',(0.,-1.,0.));
#7549=DIRECTION('center_axis',(-1.,0.,0.));
#7550=DIRECTION('ref_axis',(0.,0.,-1.));
#7551=DIRECTION('',(0.,-1.,0.));
#7552=DIRECTION('center_axis',(0.,1.,0.));
#7553=DIRECTION('ref_axis',(1.,0.,0.));
#7554=DIRECTION('center_axis',(0.,-1.,0.));
#7555=DIRECTION('ref_axis',(0.,0.,-1.));
#7556=DIRECTION('center_axis',(0.,-1.,0.));
#7557=DIRECTION('ref_axis',(1.,0.,0.));
#7558=DIRECTION('center_axis',(-1.,0.,-1.22464679914735E-16));
#7559=DIRECTION('ref_axis',(-1.22464679914735E-16,0.,1.));
#7560=DIRECTION('center_axis',(0.,1.,0.));
#7561=DIRECTION('ref_axis',(1.,0.,0.));
#7562=DIRECTION('center_axis',(0.,-1.,0.));
#7563=DIRECTION('ref_axis',(1.,0.,0.));
#7564=DIRECTION('center_axis',(0.,1.,0.));
#7565=DIRECTION('ref_axis',(1.,0.,0.));
#7566=DIRECTION('center_axis',(0.,1.,0.));
#7567=DIRECTION('ref_axis',(1.,0.,0.));
#7568=DIRECTION('',(0.,-1.,0.));
#7569=DIRECTION('center_axis',(0.,1.,0.));
#7570=DIRECTION('ref_axis',(1.,0.,0.));
#7571=DIRECTION('center_axis',(0.,1.,0.));
#7572=DIRECTION('ref_axis',(1.,0.,0.));
#7573=DIRECTION('',(0.,0.,-1.));
#7574=DIRECTION('center_axis',(0.,1.,0.));
#7575=DIRECTION('ref_axis',(0.916949300616178,0.,0.399003734443053));
#7576=DIRECTION('center_axis',(0.,-1.,0.));
#7577=DIRECTION('ref_axis',(-0.978983462704388,0.,-0.203939647325689));
#7578=DIRECTION('center_axis',(0.,-1.,0.));
#7579=DIRECTION('ref_axis',(3.82856869892695E-16,0.,1.));
#7580=DIRECTION('center_axis',(0.,-1.,0.));
#7581=DIRECTION('ref_axis',(0.978983462704388,0.,-0.203939647325689));
#7582=DIRECTION('center_axis',(0.,1.,0.));
#7583=DIRECTION('ref_axis',(-0.916949300616178,0.,0.399003734443053));
#7584=DIRECTION('',(0.,0.,1.));
#7585=DIRECTION('center_axis',(0.,-1.,0.));
#7586=DIRECTION('ref_axis',(6.12323399573677E-17,0.,-1.));
#7587=DIRECTION('center_axis',(0.,1.,0.));
#7588=DIRECTION('ref_axis',(0.,0.,1.));
#7589=DIRECTION('center_axis',(0.,-1.,0.));
#7590=DIRECTION('ref_axis',(1.,0.,0.));
#7591=DIRECTION('center_axis',(-1.,0.,1.22464679914735E-16));
#7592=DIRECTION('ref_axis',(-1.22464679914735E-16,0.,-1.));
#7593=DIRECTION('center_axis',(0.,1.,0.));
#7594=DIRECTION('ref_axis',(0.,0.,1.));
#7595=DIRECTION('center_axis',(0.,1.,0.));
#7596=DIRECTION('ref_axis',(1.,0.,0.));
#7597=DIRECTION('center_axis',(0.,1.,0.));
#7598=DIRECTION('ref_axis',(0.,0.,1.));
#7599=DIRECTION('center_axis',(-1.,0.,1.22464679914735E-16));
#7600=DIRECTION('ref_axis',(-1.22464679914735E-16,0.,-1.));
#7601=DIRECTION('center_axis',(0.,-1.,0.));
#7602=DIRECTION('ref_axis',(1.,0.,0.));
#7603=DIRECTION('center_axis',(0.,-1.,0.));
#7604=DIRECTION('ref_axis',(1.,0.,0.));
#7605=DIRECTION('center_axis',(0.,1.,0.));
#7606=DIRECTION('ref_axis',(0.,0.,1.));
#7607=DIRECTION('center_axis',(0.,0.,1.));
#7608=DIRECTION('ref_axis',(0.,-1.,0.));
#7609=DIRECTION('center_axis',(0.,1.,0.));
#7610=DIRECTION('ref_axis',(-0.916949300616178,0.,0.399003734443053));
#7611=DIRECTION('center_axis',(-0.731732390481602,0.,-0.681592039800995));
#7612=DIRECTION('ref_axis',(0.681592039800995,0.,-0.731732390481602));
#7613=DIRECTION('center_axis',(0.,-1.,0.));
#7614=DIRECTION('ref_axis',(-0.916949300616178,0.,0.399003734443053));
#7615=DIRECTION('center_axis',(0.,1.,0.));
#7616=DIRECTION('ref_axis',(0.,0.,1.));
#7617=DIRECTION('center_axis',(0.398700340967537,0.,-0.917081260364843));
#7618=DIRECTION('ref_axis',(0.917081260364843,0.,0.398700340967537));
#7619=DIRECTION('center_axis',(0.,1.,0.));
#7620=DIRECTION('ref_axis',(0.978983462704388,0.,-0.203939647325689));
#7621=DIRECTION('center_axis',(0.,-1.,0.));
#7622=DIRECTION('ref_axis',(0.978983462704388,0.,-0.203939647325689));
#7623=DIRECTION('center_axis',(0.,1.,0.));
#7624=DIRECTION('ref_axis',(0.,0.,1.));
#7625=DIRECTION('center_axis',(0.398700340967541,0.,0.917081260364841));
#7626=DIRECTION('ref_axis',(-0.917081260364841,0.,0.398700340967542));
#7627=DIRECTION('center_axis',(0.,1.,0.));
#7628=DIRECTION('ref_axis',(3.82856869892695E-16,0.,1.));
#7629=DIRECTION('center_axis',(0.,-1.,0.));
#7630=DIRECTION('ref_axis',(3.82856869892695E-16,0.,1.));
#7631=DIRECTION('center_axis',(0.,1.,0.));
#7632=DIRECTION('ref_axis',(0.,0.,1.));
#7633=DIRECTION('center_axis',(-0.731732390481604,0.,0.681592039800993));
#7634=DIRECTION('ref_axis',(-0.681592039800993,0.,-0.731732390481603));
#7635=DIRECTION('center_axis',(0.,1.,0.));
#7636=DIRECTION('ref_axis',(-0.978983462704388,0.,-0.203939647325689));
#7637=DIRECTION('center_axis',(0.,-1.,0.));
#7638=DIRECTION('ref_axis',(-0.978983462704388,0.,-0.203939647325689));
#7639=DIRECTION('center_axis',(0.,1.,0.));
#7640=DIRECTION('ref_axis',(0.,0.,1.));
#7641=DIRECTION('center_axis',(8.88178419700125E-16,0.,1.));
#7642=DIRECTION('ref_axis',(-1.,0.,8.88178419700125E-16));
#7643=DIRECTION('center_axis',(0.,-1.,0.));
#7644=DIRECTION('ref_axis',(0.916949300616178,0.,0.399003734443053));
#7645=DIRECTION('center_axis',(0.,1.,0.));
#7646=DIRECTION('ref_axis',(0.916949300616178,0.,0.399003734443053));
#7647=DIRECTION('center_axis',(0.,0.,1.));
#7648=DIRECTION('ref_axis',(-0.707106781186547,-0.707106781186547,0.));
#7649=DIRECTION('center_axis',(0.,0.,1.));
#7650=DIRECTION('ref_axis',(-1.,0.,0.));
#7651=DIRECTION('',(0.,0.,1.));
#7652=DIRECTION('',(0.,0.,-1.));
#7653=DIRECTION('center_axis',(0.,1.,0.));
#7654=DIRECTION('ref_axis',(1.22464679914735E-16,0.,-1.));
#7655=DIRECTION('center_axis',(0.,0.,-1.));
#7656=DIRECTION('ref_axis',(1.,0.,0.));
#7657=DIRECTION('center_axis',(0.,1.,0.));
#7658=DIRECTION('ref_axis',(6.12323399573677E-17,0.,-1.));
#7659=DIRECTION('center_axis',(0.,-1.,0.));
#7660=DIRECTION('ref_axis',(6.12323399573677E-17,0.,-1.));
#7661=DIRECTION('center_axis',(0.,0.,-1.));
#7662=DIRECTION('ref_axis',(0.707106781186547,-0.707106781186547,0.));
#7663=DIRECTION('',(0.,0.,1.));
#7664=DIRECTION('',(0.,0.,-1.));
#7665=DIRECTION('center_axis',(0.,1.,0.));
#7666=DIRECTION('ref_axis',(-0.978983462704388,0.,-0.203939647325689));
#7667=DIRECTION('',(0.,1.,0.));
#7668=DIRECTION('center_axis',(0.,1.,0.));
#7669=DIRECTION('ref_axis',(-0.978983462704388,0.,-0.203939647325689));
#7670=DIRECTION('',(0.,-1.,0.));
#7671=DIRECTION('center_axis',(0.,1.,0.));
#7672=DIRECTION('ref_axis',(-1.,0.,0.));
#7673=DIRECTION('',(0.,-1.,0.));
#7674=DIRECTION('center_axis',(0.,1.,0.));
#7675=DIRECTION('ref_axis',(3.82856869892695E-16,0.,1.));
#7676=DIRECTION('center_axis',(0.,1.,0.));
#7677=DIRECTION('ref_axis',(0.978983462704388,0.,-0.203939647325689));
#7678=DIRECTION('',(0.,1.,0.));
#7679=DIRECTION('center_axis',(0.,1.,0.));
#7680=DIRECTION('ref_axis',(0.978983462704388,0.,-0.203939647325689));
#7681=DIRECTION('center_axis',(0.,-1.,0.));
#7682=DIRECTION('ref_axis',(-0.333333333333333,0.,0.942809041582063));
#7683=DIRECTION('',(0.,1.,0.));
#7684=DIRECTION('center_axis',(0.,-1.,0.));
#7685=DIRECTION('ref_axis',(-0.916949300616178,0.,0.399003734443053));
#7686=DIRECTION('center_axis',(0.,1.,0.));
#7687=DIRECTION('ref_axis',(1.,0.,0.));
#7688=DIRECTION('center_axis',(0.,0.,1.));
#7689=DIRECTION('ref_axis',(-0.707106781186547,0.707106781186547,0.));
#7690=DIRECTION('center_axis',(0.,0.,1.));
#7691=DIRECTION('ref_axis',(0.,1.,0.));
#7692=DIRECTION('',(0.,0.,1.));
#7693=DIRECTION('center_axis',(0.,0.,-1.));
#7694=DIRECTION('ref_axis',(-1.,0.,0.));
#7695=DIRECTION('center_axis',(0.,1.,0.));
#7696=DIRECTION('ref_axis',(0.,0.,1.));
#7697=DIRECTION('center_axis',(0.7317323904816,0.,-0.681592039800997));
#7698=DIRECTION('ref_axis',(-0.681592039800996,0.,-0.7317323904816));
#7699=DIRECTION('center_axis',(0.,-1.,0.));
#7700=DIRECTION('ref_axis',(0.916949300616178,0.,0.399003734443053));
#7701=DIRECTION('center_axis',(0.,-1.,0.));
#7702=DIRECTION('ref_axis',(0.,0.,-1.));
#7703=DIRECTION('center_axis',(-0.39870034096754,0.,-0.917081260364842));
#7704=DIRECTION('ref_axis',(-0.917081260364842,0.,0.39870034096754));
#7705=DIRECTION('center_axis',(0.,1.,0.));
#7706=DIRECTION('ref_axis',(0.,0.,1.));
#7707=DIRECTION('center_axis',(-0.398700340967541,0.,0.917081260364841));
#7708=DIRECTION('ref_axis',(0.917081260364841,0.,0.398700340967542));
#7709=DIRECTION('center_axis',(0.,-1.,0.));
#7710=DIRECTION('ref_axis',(0.,0.,-1.));
#7711=DIRECTION('center_axis',(0.731732390481602,0.,0.681592039800994));
#7712=DIRECTION('ref_axis',(0.681592039800994,0.,-0.731732390481602));
#7713=DIRECTION('center_axis',(0.,1.,0.));
#7714=DIRECTION('ref_axis',(0.,0.,1.));
#7715=DIRECTION('center_axis',(0.,0.,1.));
#7716=DIRECTION('ref_axis',(1.,0.,0.));
#7717=DIRECTION('center_axis',(0.,0.,-1.));
#7718=DIRECTION('ref_axis',(0.707106781186547,0.707106781186547,0.));
#7719=DIRECTION('center_axis',(0.,0.,1.));
#7720=DIRECTION('ref_axis',(1.,0.,0.));
#7721=DIRECTION('',(0.,0.,-1.));
#7722=DIRECTION('center_axis',(0.,1.,0.));
#7723=DIRECTION('ref_axis',(-1.22464679914735E-16,0.,-1.));
#7724=DIRECTION('center_axis',(0.,1.,0.));
#7725=DIRECTION('ref_axis',(6.12323399573677E-17,0.,-1.));
#7726=DIRECTION('center_axis',(0.,1.,0.));
#7727=DIRECTION('ref_axis',(0.333333333333334,0.,0.942809041582063));
#7728=DIRECTION('',(0.,-1.,0.));
#7729=DIRECTION('center_axis',(-1.,0.,0.));
#7730=DIRECTION('ref_axis',(0.,0.,1.));
#7731=DIRECTION('',(0.,1.,0.));
#7732=DIRECTION('center_axis',(1.,0.,0.));
#7733=DIRECTION('ref_axis',(0.,0.,-1.));
#7734=DIRECTION('',(0.,1.,0.));
#7735=DIRECTION('center_axis',(0.,1.,0.));
#7736=DIRECTION('ref_axis',(1.,0.,0.));
#7737=DIRECTION('center_axis',(0.,1.,0.));
#7738=DIRECTION('ref_axis',(-1.,0.,-1.22464679914735E-16));
#7739=DIRECTION('center_axis',(0.,1.,0.));
#7740=DIRECTION('ref_axis',(-1.,0.,-1.22464679914735E-16));
#7741=DIRECTION('',(0.,-1.,0.));
#7742=DIRECTION('center_axis',(0.,-1.,0.));
#7743=DIRECTION('ref_axis',(-1.,0.,-1.22464679914735E-16));
#7744=DIRECTION('center_axis',(0.,1.,0.));
#7745=DIRECTION('ref_axis',(-1.22464679914735E-16,0.,1.));
#7746=DIRECTION('center_axis',(0.,-1.,0.));
#7747=DIRECTION('ref_axis',(-1.,0.,-1.22464679914735E-16));
#7748=DIRECTION('center_axis',(0.,-1.,0.));
#7749=DIRECTION('ref_axis',(-1.,0.,-1.22464679914735E-16));
#7750=DIRECTION('center_axis',(-1.,0.,-2.44929359829471E-16));
#7751=DIRECTION('ref_axis',(2.44929359829471E-16,0.,-1.));
#7752=DIRECTION('center_axis',(0.,1.,0.));
#7753=DIRECTION('ref_axis',(-1.,0.,-1.22464679914735E-16));
#7754=DIRECTION('center_axis',(0.,1.,0.));
#7755=DIRECTION('ref_axis',(-1.,0.,-1.22464679914735E-16));
#7756=DIRECTION('center_axis',(0.,1.,0.));
#7757=DIRECTION('ref_axis',(-1.,0.,-1.22464679914735E-16));
#7758=DIRECTION('center_axis',(0.,1.,0.));
#7759=DIRECTION('ref_axis',(-1.,0.,-1.22464679914735E-16));
#7760=DIRECTION('',(0.,1.,0.));
#7761=DIRECTION('center_axis',(0.,1.,0.));
#7762=DIRECTION('ref_axis',(-1.,0.,-1.22464679914735E-16));
#7763=DIRECTION('',(-1.22464679914735E-16,0.,1.));
#7764=DIRECTION('center_axis',(0.,-1.,0.));
#7765=DIRECTION('ref_axis',(-1.83697019872103E-16,0.,1.));
#7766=DIRECTION('',(1.22464679914735E-16,0.,-1.));
#7767=DIRECTION('center_axis',(0.,1.,0.));
#7768=DIRECTION('ref_axis',(0.916949300616178,0.,-0.399003734443053));
#7769=DIRECTION('center_axis',(0.,-1.,0.));
#7770=DIRECTION('ref_axis',(-0.978983462704388,0.,0.203939647325689));
#7771=DIRECTION('center_axis',(0.,-1.,0.));
#7772=DIRECTION('ref_axis',(-2.6039218997796E-16,0.,-1.));
#7773=DIRECTION('center_axis',(0.,-1.,0.));
#7774=DIRECTION('ref_axis',(0.978983462704388,0.,0.203939647325689));
#7775=DIRECTION('center_axis',(0.,1.,0.));
#7776=DIRECTION('ref_axis',(-0.916949300616178,0.,-0.399003734443053));
#7777=DIRECTION('center_axis',(0.,-1.,0.));
#7778=DIRECTION('ref_axis',(1.22464679914735E-16,0.,-1.));
#7779=DIRECTION('center_axis',(0.,-1.,0.));
#7780=DIRECTION('ref_axis',(-1.,0.,-1.22464679914735E-16));
#7781=DIRECTION('center_axis',(-1.,0.,0.));
#7782=DIRECTION('ref_axis',(0.,0.,1.));
#7783=DIRECTION('center_axis',(0.,1.,0.));
#7784=DIRECTION('ref_axis',(1.22464679914735E-16,0.,-1.));
#7785=DIRECTION('center_axis',(0.,1.,0.));
#7786=DIRECTION('ref_axis',(-1.,0.,-1.22464679914735E-16));
#7787=DIRECTION('center_axis',(0.,-1.,0.));
#7788=DIRECTION('ref_axis',(1.22464679914735E-16,0.,-1.));
#7789=DIRECTION('center_axis',(-1.,0.,0.));
#7790=DIRECTION('ref_axis',(0.,0.,1.));
#7791=DIRECTION('center_axis',(0.,-1.,0.));
#7792=DIRECTION('ref_axis',(-1.,0.,-1.22464679914735E-16));
#7793=DIRECTION('center_axis',(0.,-1.,0.));
#7794=DIRECTION('ref_axis',(-1.,0.,-1.22464679914735E-16));
#7795=DIRECTION('center_axis',(0.,1.,0.));
#7796=DIRECTION('ref_axis',(-1.,0.,-1.22464679914735E-16));
#7797=DIRECTION('',(0.,1.,0.));
#7798=DIRECTION('center_axis',(0.,-1.,0.));
#7799=DIRECTION('ref_axis',(0.,0.,-1.));
#7800=DIRECTION('center_axis',(-1.22464679914735E-16,0.,1.));
#7801=DIRECTION('ref_axis',(0.,1.,0.));
#7802=DIRECTION('center_axis',(0.,-1.,0.));
#7803=DIRECTION('ref_axis',(0.916949300616178,0.,-0.399003734443053));
#7804=DIRECTION('center_axis',(-0.731732390481602,0.,-0.681592039800995));
#7805=DIRECTION('ref_axis',(-0.681592039800995,0.,0.731732390481602));
#7806=DIRECTION('center_axis',(0.,1.,0.));
#7807=DIRECTION('ref_axis',(0.916949300616178,0.,-0.399003734443053));
#7808=DIRECTION('center_axis',(0.,-1.,0.));
#7809=DIRECTION('ref_axis',(1.4210854715202E-16,0.,-1.));
#7810=DIRECTION('center_axis',(0.398700340967537,0.,-0.917081260364843));
#7811=DIRECTION('ref_axis',(-0.917081260364843,0.,-0.398700340967537));
#7812=DIRECTION('center_axis',(0.,-1.,0.));
#7813=DIRECTION('ref_axis',(-0.978983462704388,0.,0.203939647325689));
#7814=DIRECTION('center_axis',(0.,1.,0.));
#7815=DIRECTION('ref_axis',(-0.978983462704388,0.,0.203939647325689));
#7816=DIRECTION('center_axis',(0.,-1.,0.));
#7817=DIRECTION('ref_axis',(1.22464679914735E-16,0.,-1.));
#7818=DIRECTION('center_axis',(0.398700340967541,0.,0.917081260364841));
#7819=DIRECTION('ref_axis',(0.917081260364841,0.,-0.398700340967541));
#7820=DIRECTION('center_axis',(0.,-1.,0.));
#7821=DIRECTION('ref_axis',(-2.6039218997796E-16,0.,-1.));
#7822=DIRECTION('center_axis',(0.,1.,0.));
#7823=DIRECTION('ref_axis',(-2.6039218997796E-16,0.,-1.));
#7824=DIRECTION('center_axis',(0.,-1.,0.));
#7825=DIRECTION('ref_axis',(1.4210854715202E-16,0.,-1.));
#7826=DIRECTION('center_axis',(-0.731732390481604,0.,0.681592039800993));
#7827=DIRECTION('ref_axis',(0.681592039800993,0.,0.731732390481604));
#7828=DIRECTION('center_axis',(0.,-1.,0.));
#7829=DIRECTION('ref_axis',(0.978983462704388,0.,0.203939647325689));
#7830=DIRECTION('center_axis',(0.,1.,0.));
#7831=DIRECTION('ref_axis',(0.978983462704388,0.,0.203939647325689));
#7832=DIRECTION('center_axis',(0.,-1.,0.));
#7833=DIRECTION('ref_axis',(0.,0.,-1.));
#7834=DIRECTION('center_axis',(7.6571373978539E-16,0.,1.));
#7835=DIRECTION('ref_axis',(1.,0.,-7.6571373978539E-16));
#7836=DIRECTION('center_axis',(0.,1.,0.));
#7837=DIRECTION('ref_axis',(-0.916949300616178,0.,-0.399003734443053));
#7838=DIRECTION('center_axis',(0.,-1.,0.));
#7839=DIRECTION('ref_axis',(-0.916949300616178,0.,-0.399003734443053));
#7840=DIRECTION('center_axis',(-1.22464679914735E-16,0.,1.));
#7841=DIRECTION('ref_axis',(0.707106781186547,0.707106781186547,8.65956056235493E-17));
#7842=DIRECTION('center_axis',(-1.22464679914735E-16,0.,1.));
#7843=DIRECTION('ref_axis',(1.,0.,1.22464679914735E-16));
#7844=DIRECTION('',(-1.22464679914735E-16,0.,1.));
#7845=DIRECTION('',(1.22464679914735E-16,0.,-1.));
#7846=DIRECTION('center_axis',(0.,-1.,0.));
#7847=DIRECTION('ref_axis',(0.,0.,1.));
#7848=DIRECTION('center_axis',(1.22464679914735E-16,0.,-1.));
#7849=DIRECTION('ref_axis',(-1.,0.,-1.22464679914735E-16));
#7850=DIRECTION('center_axis',(0.,-1.,0.));
#7851=DIRECTION('ref_axis',(-1.83697019872103E-16,0.,1.));
#7852=DIRECTION('center_axis',(0.,1.,0.));
#7853=DIRECTION('ref_axis',(-1.83697019872103E-16,0.,1.));
#7854=DIRECTION('center_axis',(1.22464679914735E-16,0.,-1.));
#7855=DIRECTION('ref_axis',(-0.707106781186547,0.707106781186547,-8.65956056235493E-17));
#7856=DIRECTION('',(-1.22464679914735E-16,0.,1.));
#7857=DIRECTION('',(1.22464679914735E-16,0.,-1.));
#7858=DIRECTION('center_axis',(0.,1.,0.));
#7859=DIRECTION('ref_axis',(0.978983462704388,0.,0.203939647325689));
#7860=DIRECTION('',(0.,1.,0.));
#7861=DIRECTION('center_axis',(0.,1.,0.));
#7862=DIRECTION('ref_axis',(0.978983462704388,0.,0.203939647325689));
#7863=DIRECTION('',(0.,-1.,0.));
#7864=DIRECTION('center_axis',(0.,1.,0.));
#7865=DIRECTION('ref_axis',(1.,0.,1.22464679914735E-16));
#7866=DIRECTION('center_axis',(0.,1.,0.));
#7867=DIRECTION('ref_axis',(-2.6039218997796E-16,0.,-1.));
#7868=DIRECTION('',(0.,1.,0.));
#7869=DIRECTION('center_axis',(0.,1.,0.));
#7870=DIRECTION('ref_axis',(-0.978983462704388,0.,0.203939647325689));
#7871=DIRECTION('center_axis',(0.,1.,0.));
#7872=DIRECTION('ref_axis',(-0.978983462704388,0.,0.203939647325689));
#7873=DIRECTION('',(0.,-1.,0.));
#7874=DIRECTION('center_axis',(0.,-1.,0.));
#7875=DIRECTION('ref_axis',(0.333333333333333,0.,-0.942809041582063));
#7876=DIRECTION('center_axis',(0.,-1.,0.));
#7877=DIRECTION('ref_axis',(0.916949300616178,0.,-0.399003734443053));
#7878=DIRECTION('',(0.,-1.,0.));
#7879=DIRECTION('center_axis',(0.,1.,0.));
#7880=DIRECTION('ref_axis',(-1.,0.,-1.22464679914735E-16));
#7881=DIRECTION('center_axis',(-1.22464679914735E-16,0.,1.));
#7882=DIRECTION('ref_axis',(0.707106781186547,-0.707106781186547,8.65956056235493E-17));
#7883=DIRECTION('center_axis',(-1.22464679914735E-16,0.,1.));
#7884=DIRECTION('ref_axis',(0.,-1.,0.));
#7885=DIRECTION('center_axis',(1.22464679914735E-16,0.,-1.));
#7886=DIRECTION('ref_axis',(1.,0.,1.22464679914735E-16));
#7887=DIRECTION('',(1.22464679914735E-16,0.,-1.));
#7888=DIRECTION('center_axis',(0.,-1.,0.));
#7889=DIRECTION('ref_axis',(0.,0.,-1.));
#7890=DIRECTION('center_axis',(0.7317323904816,0.,-0.681592039800996));
#7891=DIRECTION('ref_axis',(0.681592039800996,0.,0.7317323904816));
#7892=DIRECTION('center_axis',(0.,-1.,0.));
#7893=DIRECTION('ref_axis',(-0.916949300616178,0.,-0.399003734443053));
#7894=DIRECTION('center_axis',(0.,1.,0.));
#7895=DIRECTION('ref_axis',(-1.4210854715202E-16,0.,1.));
#7896=DIRECTION('center_axis',(-0.39870034096754,0.,-0.917081260364842));
#7897=DIRECTION('ref_axis',(0.917081260364842,0.,-0.39870034096754));
#7898=DIRECTION('center_axis',(0.,-1.,0.));
#7899=DIRECTION('ref_axis',(1.22464679914735E-16,0.,-1.));
#7900=DIRECTION('center_axis',(-0.398700340967542,0.,0.917081260364841));
#7901=DIRECTION('ref_axis',(-0.917081260364841,0.,-0.398700340967542));
#7902=DIRECTION('center_axis',(0.,1.,0.));
#7903=DIRECTION('ref_axis',(-1.4210854715202E-16,0.,1.));
#7904=DIRECTION('center_axis',(0.731732390481602,0.,0.681592039800995));
#7905=DIRECTION('ref_axis',(-0.681592039800995,0.,0.731732390481602));
#7906=DIRECTION('center_axis',(0.,-1.,0.));
#7907=DIRECTION('ref_axis',(0.,0.,-1.));
#7908=DIRECTION('center_axis',(-1.22464679914735E-16,0.,1.));
#7909=DIRECTION('ref_axis',(-1.,0.,-1.22464679914735E-16));
#7910=DIRECTION('center_axis',(1.22464679914735E-16,0.,-1.));
#7911=DIRECTION('ref_axis',(-0.707106781186547,-0.707106781186547,-8.65956056235493E-17));
#7912=DIRECTION('center_axis',(-1.22464679914735E-16,0.,1.));
#7913=DIRECTION('ref_axis',(-1.,0.,-1.22464679914735E-16));
#7914=DIRECTION('',(-1.22464679914735E-16,0.,1.));
#7915=DIRECTION('center_axis',(0.,-1.,0.));
#7916=DIRECTION('ref_axis',(-2.44929359829471E-16,0.,1.));
#7917=DIRECTION('center_axis',(0.,1.,0.));
#7918=DIRECTION('ref_axis',(-1.83697019872103E-16,0.,1.));
#7919=DIRECTION('center_axis',(0.,1.,0.));
#7920=DIRECTION('ref_axis',(-0.333333333333333,0.,-0.942809041582063));
#7921=DIRECTION('',(0.,1.,0.));
#7922=DIRECTION('center_axis',(-1.,0.,-1.22464679914735E-16));
#7923=DIRECTION('ref_axis',(1.22464679914735E-16,0.,-1.));
#7924=DIRECTION('',(0.,-1.,0.));
#7925=DIRECTION('center_axis',(1.,0.,1.22464679914735E-16));
#7926=DIRECTION('ref_axis',(-1.22464679914735E-16,0.,1.));
#7927=DIRECTION('',(0.,-1.,0.));
#7928=DIRECTION('center_axis',(0.,1.,0.));
#7929=DIRECTION('ref_axis',(-1.,0.,-1.22464679914735E-16));
#7930=DIRECTION('center_axis',(0.,-1.,0.));
#7931=DIRECTION('ref_axis',(-1.22464679914735E-16,0.,1.));
#7932=DIRECTION('center_axis',(0.,-1.,0.));
#7933=DIRECTION('ref_axis',(-1.,0.,-1.22464679914735E-16));
#7934=DIRECTION('center_axis',(1.,0.,2.44929359829471E-16));
#7935=DIRECTION('ref_axis',(2.44929359829471E-16,0.,-1.));
#7936=DIRECTION('center_axis',(0.,1.,0.));
#7937=DIRECTION('ref_axis',(-1.,0.,-1.22464679914735E-16));
#7938=DIRECTION('center_axis',(0.,-1.,0.));
#7939=DIRECTION('ref_axis',(-1.,0.,-1.22464679914735E-16));
#7940=DIRECTION('center_axis',(0.,1.,0.));
#7941=DIRECTION('ref_axis',(-1.,0.,-1.22464679914735E-16));
#7942=DIRECTION('center_axis',(0.,1.,0.));
#7943=DIRECTION('ref_axis',(-1.,0.,-1.22464679914735E-16));
#7944=DIRECTION('',(0.,-1.,0.));
#7945=DIRECTION('center_axis',(0.,1.,0.));
#7946=DIRECTION('ref_axis',(-1.,0.,-1.22464679914735E-16));
#7947=DIRECTION('center_axis',(0.,1.,0.));
#7948=DIRECTION('ref_axis',(-1.,0.,-1.22464679914735E-16));
#7949=DIRECTION('',(-1.22464679914735E-16,0.,1.));
#7950=DIRECTION('center_axis',(0.,1.,0.));
#7951=DIRECTION('ref_axis',(-0.916949300616178,0.,-0.399003734443053));
#7952=DIRECTION('center_axis',(0.,-1.,0.));
#7953=DIRECTION('ref_axis',(0.978983462704388,0.,0.203939647325689));
#7954=DIRECTION('center_axis',(0.,-1.,0.));
#7955=DIRECTION('ref_axis',(-2.6039218997796E-16,0.,-1.));
#7956=DIRECTION('center_axis',(0.,-1.,0.));
#7957=DIRECTION('ref_axis',(-0.978983462704388,0.,0.203939647325689));
#7958=DIRECTION('center_axis',(0.,1.,0.));
#7959=DIRECTION('ref_axis',(0.916949300616178,0.,-0.399003734443053));
#7960=DIRECTION('',(1.22464679914735E-16,0.,-1.));
#7961=DIRECTION('center_axis',(0.,-1.,0.));
#7962=DIRECTION('ref_axis',(-1.83697019872103E-16,0.,1.));
#7963=DIRECTION('center_axis',(0.,1.,0.));
#7964=DIRECTION('ref_axis',(1.22464679914735E-16,0.,-1.));
#7965=DIRECTION('center_axis',(0.,-1.,0.));
#7966=DIRECTION('ref_axis',(-1.,0.,-1.22464679914735E-16));
#7967=DIRECTION('center_axis',(1.,0.,0.));
#7968=DIRECTION('ref_axis',(0.,0.,1.));
#7969=DIRECTION('center_axis',(0.,1.,0.));
#7970=DIRECTION('ref_axis',(1.22464679914735E-16,0.,-1.));
#7971=DIRECTION('center_axis',(0.,1.,0.));
#7972=DIRECTION('ref_axis',(-1.,0.,-1.22464679914735E-16));
#7973=DIRECTION('center_axis',(0.,1.,0.));
#7974=DIRECTION('ref_axis',(1.22464679914735E-16,0.,-1.));
#7975=DIRECTION('center_axis',(1.,0.,0.));
#7976=DIRECTION('ref_axis',(0.,0.,1.));
#7977=DIRECTION('center_axis',(0.,-1.,0.));
#7978=DIRECTION('ref_axis',(-1.,0.,-1.22464679914735E-16));
#7979=DIRECTION('center_axis',(0.,-1.,0.));
#7980=DIRECTION('ref_axis',(-1.,0.,-1.22464679914735E-16));
#7981=DIRECTION('center_axis',(0.,1.,0.));
#7982=DIRECTION('ref_axis',(-1.,0.,-1.22464679914735E-16));
#7983=DIRECTION('',(0.,-1.,0.));
#7984=DIRECTION('center_axis',(0.,1.,0.));
#7985=DIRECTION('ref_axis',(0.,0.,-1.));
#7986=DIRECTION('center_axis',(1.22464679914735E-16,0.,-1.));
#7987=DIRECTION('ref_axis',(0.,-1.,0.));
#7988=DIRECTION('center_axis',(0.,1.,0.));
#7989=DIRECTION('ref_axis',(0.916949300616178,0.,-0.399003734443053));
#7990=DIRECTION('center_axis',(0.731732390481602,0.,0.681592039800995));
#7991=DIRECTION('ref_axis',(-0.681592039800995,0.,0.731732390481602));
#7992=DIRECTION('center_axis',(0.,-1.,0.));
#7993=DIRECTION('ref_axis',(0.916949300616178,0.,-0.399003734443053));
#7994=DIRECTION('center_axis',(0.,1.,0.));
#7995=DIRECTION('ref_axis',(1.4210854715202E-16,0.,-1.));
#7996=DIRECTION('center_axis',(-0.398700340967537,0.,0.917081260364843));
#7997=DIRECTION('ref_axis',(-0.917081260364843,0.,-0.398700340967537));
#7998=DIRECTION('center_axis',(0.,1.,0.));
#7999=DIRECTION('ref_axis',(-0.978983462704388,0.,0.203939647325689));
#8000=DIRECTION('center_axis',(0.,-1.,0.));
#8001=DIRECTION('ref_axis',(-0.978983462704388,0.,0.203939647325689));
#8002=DIRECTION('center_axis',(0.,1.,0.));
#8003=DIRECTION('ref_axis',(1.22464679914735E-16,0.,-1.));
#8004=DIRECTION('center_axis',(-0.398700340967541,0.,-0.917081260364841));
#8005=DIRECTION('ref_axis',(0.917081260364841,0.,-0.398700340967541));
#8006=DIRECTION('center_axis',(0.,1.,0.));
#8007=DIRECTION('ref_axis',(-2.6039218997796E-16,0.,-1.));
#8008=DIRECTION('center_axis',(0.,-1.,0.));
#8009=DIRECTION('ref_axis',(-2.6039218997796E-16,0.,-1.));
#8010=DIRECTION('center_axis',(0.,1.,0.));
#8011=DIRECTION('ref_axis',(1.4210854715202E-16,0.,-1.));
#8012=DIRECTION('center_axis',(0.731732390481604,0.,-0.681592039800993));
#8013=DIRECTION('ref_axis',(0.681592039800993,0.,0.731732390481604));
#8014=DIRECTION('center_axis',(0.,1.,0.));
#8015=DIRECTION('ref_axis',(0.978983462704388,0.,0.203939647325689));
#8016=DIRECTION('center_axis',(0.,-1.,0.));
#8017=DIRECTION('ref_axis',(0.978983462704388,0.,0.203939647325689));
#8018=DIRECTION('center_axis',(0.,1.,0.));
#8019=DIRECTION('ref_axis',(0.,0.,-1.));
#8020=DIRECTION('center_axis',(-7.6571373978539E-16,0.,-1.));
#8021=DIRECTION('ref_axis',(1.,0.,-7.6571373978539E-16));
#8022=DIRECTION('center_axis',(0.,-1.,0.));
#8023=DIRECTION('ref_axis',(-0.916949300616178,0.,-0.399003734443053));
#8024=DIRECTION('center_axis',(0.,1.,0.));
#8025=DIRECTION('ref_axis',(-0.916949300616178,0.,-0.399003734443053));
#8026=DIRECTION('center_axis',(1.22464679914735E-16,0.,-1.));
#8027=DIRECTION('ref_axis',(0.707106781186547,-0.707106781186547,8.65956056235493E-17));
#8028=DIRECTION('center_axis',(1.22464679914735E-16,0.,-1.));
#8029=DIRECTION('ref_axis',(1.,0.,1.22464679914735E-16));
#8030=DIRECTION('',(1.22464679914735E-16,0.,-1.));
#8031=DIRECTION('',(-1.22464679914735E-16,0.,1.));
#8032=DIRECTION('center_axis',(0.,1.,0.));
#8033=DIRECTION('ref_axis',(-2.44929359829471E-16,0.,1.));
#8034=DIRECTION('center_axis',(-1.22464679914735E-16,0.,1.));
#8035=DIRECTION('ref_axis',(-1.,0.,-1.22464679914735E-16));
#8036=DIRECTION('center_axis',(0.,1.,0.));
#8037=DIRECTION('ref_axis',(-1.83697019872103E-16,0.,1.));
#8038=DIRECTION('center_axis',(0.,-1.,0.));
#8039=DIRECTION('ref_axis',(-1.83697019872103E-16,0.,1.));
#8040=DIRECTION('center_axis',(-1.22464679914735E-16,0.,1.));
#8041=DIRECTION('ref_axis',(-0.707106781186547,-0.707106781186547,-8.65956056235493E-17));
#8042=DIRECTION('',(1.22464679914735E-16,0.,-1.));
#8043=DIRECTION('',(-1.22464679914735E-16,0.,1.));
#8044=DIRECTION('center_axis',(0.,1.,0.));
#8045=DIRECTION('ref_axis',(0.978983462704388,0.,0.203939647325689));
#8046=DIRECTION('',(0.,1.,0.));
#8047=DIRECTION('center_axis',(0.,1.,0.));
#8048=DIRECTION('ref_axis',(0.978983462704388,0.,0.203939647325689));
#8049=DIRECTION('',(0.,-1.,0.));
#8050=DIRECTION('center_axis',(0.,1.,0.));
#8051=DIRECTION('ref_axis',(1.,0.,1.22464679914735E-16));
#8052=DIRECTION('',(0.,-1.,0.));
#8053=DIRECTION('center_axis',(0.,1.,0.));
#8054=DIRECTION('ref_axis',(-2.6039218997796E-16,0.,-1.));
#8055=DIRECTION('center_axis',(0.,1.,0.));
#8056=DIRECTION('ref_axis',(-0.978983462704388,0.,0.203939647325689));
#8057=DIRECTION('',(0.,1.,0.));
#8058=DIRECTION('center_axis',(0.,1.,0.));
#8059=DIRECTION('ref_axis',(-0.978983462704388,0.,0.203939647325689));
#8060=DIRECTION('center_axis',(0.,-1.,0.));
#8061=DIRECTION('ref_axis',(0.333333333333333,0.,-0.942809041582063));
#8062=DIRECTION('',(0.,1.,0.));
#8063=DIRECTION('center_axis',(0.,-1.,0.));
#8064=DIRECTION('ref_axis',(0.916949300616178,0.,-0.399003734443053));
#8065=DIRECTION('center_axis',(0.,1.,0.));
#8066=DIRECTION('ref_axis',(-1.,0.,-1.22464679914735E-16));
#8067=DIRECTION('center_axis',(1.22464679914735E-16,0.,-1.));
#8068=DIRECTION('ref_axis',(0.707106781186547,0.707106781186547,8.65956056235493E-17));
#8069=DIRECTION('center_axis',(1.22464679914735E-16,0.,-1.));
#8070=DIRECTION('ref_axis',(0.,1.,0.));
#8071=DIRECTION('',(1.22464679914735E-16,0.,-1.));
#8072=DIRECTION('center_axis',(-1.22464679914735E-16,0.,1.));
#8073=DIRECTION('ref_axis',(1.,0.,1.22464679914735E-16));
#8074=DIRECTION('center_axis',(0.,1.,0.));
#8075=DIRECTION('ref_axis',(0.,0.,-1.));
#8076=DIRECTION('center_axis',(-0.7317323904816,0.,0.681592039800996));
#8077=DIRECTION('ref_axis',(0.681592039800996,0.,0.7317323904816));
#8078=DIRECTION('center_axis',(0.,-1.,0.));
#8079=DIRECTION('ref_axis',(-0.916949300616178,0.,-0.399003734443053));
#8080=DIRECTION('center_axis',(0.,-1.,0.));
#8081=DIRECTION('ref_axis',(-1.4210854715202E-16,0.,1.));
#8082=DIRECTION('center_axis',(0.39870034096754,0.,0.917081260364842));
#8083=DIRECTION('ref_axis',(0.917081260364842,0.,-0.39870034096754));
#8084=DIRECTION('center_axis',(0.,1.,0.));
#8085=DIRECTION('ref_axis',(1.22464679914735E-16,0.,-1.));
#8086=DIRECTION('center_axis',(0.398700340967542,0.,-0.917081260364841));
#8087=DIRECTION('ref_axis',(-0.917081260364841,0.,-0.398700340967542));
#8088=DIRECTION('center_axis',(0.,-1.,0.));
#8089=DIRECTION('ref_axis',(-1.4210854715202E-16,0.,1.));
#8090=DIRECTION('center_axis',(-0.731732390481602,0.,-0.681592039800995));
#8091=DIRECTION('ref_axis',(-0.681592039800995,0.,0.731732390481602));
#8092=DIRECTION('center_axis',(0.,1.,0.));
#8093=DIRECTION('ref_axis',(0.,0.,-1.));
#8094=DIRECTION('center_axis',(1.22464679914735E-16,0.,-1.));
#8095=DIRECTION('ref_axis',(-1.,0.,-1.22464679914735E-16));
#8096=DIRECTION('center_axis',(-1.22464679914735E-16,0.,1.));
#8097=DIRECTION('ref_axis',(-0.707106781186547,0.707106781186547,-8.65956056235493E-17));
#8098=DIRECTION('center_axis',(1.22464679914735E-16,0.,-1.));
#8099=DIRECTION('ref_axis',(-1.,0.,-1.22464679914735E-16));
#8100=DIRECTION('',(-1.22464679914735E-16,0.,1.));
#8101=DIRECTION('center_axis',(0.,1.,0.));
#8102=DIRECTION('ref_axis',(0.,0.,1.));
#8103=DIRECTION('center_axis',(0.,1.,0.));
#8104=DIRECTION('ref_axis',(-1.83697019872103E-16,0.,1.));
#8105=DIRECTION('center_axis',(0.,1.,0.));
#8106=DIRECTION('ref_axis',(-0.333333333333333,0.,-0.942809041582063));
#8107=DIRECTION('',(0.,-1.,0.));
#8108=DIRECTION('center_axis',(1.,0.,1.22464679914735E-16));
#8109=DIRECTION('ref_axis',(1.22464679914735E-16,0.,-1.));
#8110=DIRECTION('',(0.,1.,0.));
#8111=DIRECTION('center_axis',(-1.,0.,-1.22464679914735E-16));
#8112=DIRECTION('ref_axis',(-1.22464679914735E-16,0.,1.));
#8113=DIRECTION('',(0.,1.,0.));
#8114=DIRECTION('center_axis',(0.,1.,0.));
#8115=DIRECTION('ref_axis',(-1.,0.,-1.22464679914735E-16));
#8116=DIRECTION('center_axis',(0.,1.,0.));
#8117=DIRECTION('ref_axis',(1.,0.,0.));
#8118=DIRECTION('center_axis',(0.,1.,0.));
#8119=DIRECTION('ref_axis',(1.,0.,0.));
#8120=DIRECTION('',(0.,-1.,0.));
#8121=DIRECTION('center_axis',(0.,-1.,0.));
#8122=DIRECTION('ref_axis',(1.,0.,0.));
#8123=DIRECTION('center_axis',(0.,1.,0.));
#8124=DIRECTION('ref_axis',(0.,0.,-1.));
#8125=DIRECTION('center_axis',(0.,-1.,0.));
#8126=DIRECTION('ref_axis',(1.,0.,0.));
#8127=DIRECTION('center_axis',(0.,-1.,0.));
#8128=DIRECTION('ref_axis',(1.,0.,0.));
#8129=DIRECTION('center_axis',(1.,0.,1.22464679914735E-16));
#8130=DIRECTION('ref_axis',(-1.22464679914735E-16,0.,1.));
#8131=DIRECTION('center_axis',(0.,1.,0.));
#8132=DIRECTION('ref_axis',(1.,0.,0.));
#8133=DIRECTION('center_axis',(0.,1.,0.));
#8134=DIRECTION('ref_axis',(1.,0.,0.));
#8135=DIRECTION('center_axis',(0.,1.,0.));
#8136=DIRECTION('ref_axis',(1.,0.,0.));
#8137=DIRECTION('center_axis',(0.,1.,0.));
#8138=DIRECTION('ref_axis',(1.,0.,0.));
#8139=DIRECTION('',(0.,1.,0.));
#8140=DIRECTION('center_axis',(0.,1.,0.));
#8141=DIRECTION('ref_axis',(1.,0.,0.));
#8142=DIRECTION('',(0.,0.,-1.));
#8143=DIRECTION('center_axis',(0.,-1.,0.));
#8144=DIRECTION('ref_axis',(6.12323399573677E-17,0.,-1.));
#8145=DIRECTION('',(0.,0.,1.));
#8146=DIRECTION('center_axis',(0.,1.,0.));
#8147=DIRECTION('ref_axis',(-0.916949300616178,0.,0.399003734443053));
#8148=DIRECTION('center_axis',(0.,-1.,0.));
#8149=DIRECTION('ref_axis',(0.978983462704388,0.,-0.203939647325689));
#8150=DIRECTION('center_axis',(0.,-1.,0.));
#8151=DIRECTION('ref_axis',(3.82856869892695E-16,0.,1.));
#8152=DIRECTION('center_axis',(0.,-1.,0.));
#8153=DIRECTION('ref_axis',(-0.978983462704388,0.,-0.203939647325689));
#8154=DIRECTION('center_axis',(0.,1.,0.));
#8155=DIRECTION('ref_axis',(0.916949300616178,0.,0.399003734443053));
#8156=DIRECTION('center_axis',(0.,-1.,0.));
#8157=DIRECTION('ref_axis',(0.,0.,1.));
#8158=DIRECTION('center_axis',(0.,-1.,0.));
#8159=DIRECTION('ref_axis',(1.,0.,0.));
#8160=DIRECTION('center_axis',(1.,0.,-1.22464679914735E-16));
#8161=DIRECTION('ref_axis',(-1.22464679914735E-16,0.,-1.));
#8162=DIRECTION('center_axis',(0.,1.,0.));
#8163=DIRECTION('ref_axis',(0.,0.,1.));
#8164=DIRECTION('center_axis',(0.,1.,0.));
#8165=DIRECTION('ref_axis',(1.,0.,0.));
#8166=DIRECTION('center_axis',(0.,-1.,0.));
#8167=DIRECTION('ref_axis',(0.,0.,1.));
#8168=DIRECTION('center_axis',(1.,0.,-1.22464679914735E-16));
#8169=DIRECTION('ref_axis',(-1.22464679914735E-16,0.,-1.));
#8170=DIRECTION('center_axis',(0.,-1.,0.));
#8171=DIRECTION('ref_axis',(1.,0.,0.));
#8172=DIRECTION('center_axis',(0.,-1.,0.));
#8173=DIRECTION('ref_axis',(1.,0.,0.));
#8174=DIRECTION('center_axis',(0.,1.,0.));
#8175=DIRECTION('ref_axis',(1.,0.,0.));
#8176=DIRECTION('',(0.,1.,0.));
#8177=DIRECTION('center_axis',(0.,-1.,0.));
#8178=DIRECTION('ref_axis',(0.,0.,1.));
#8179=DIRECTION('center_axis',(0.,0.,-1.));
#8180=DIRECTION('ref_axis',(0.,1.,0.));
#8181=DIRECTION('center_axis',(0.,-1.,0.));
#8182=DIRECTION('ref_axis',(-0.916949300616178,0.,0.399003734443053));
#8183=DIRECTION('center_axis',(0.731732390481602,0.,0.681592039800995));
#8184=DIRECTION('ref_axis',(0.681592039800995,0.,-0.731732390481602));
#8185=DIRECTION('center_axis',(0.,1.,0.));
#8186=DIRECTION('ref_axis',(-0.916949300616178,0.,0.399003734443053));
#8187=DIRECTION('center_axis',(0.,-1.,0.));
#8188=DIRECTION('ref_axis',(0.,0.,1.));
#8189=DIRECTION('center_axis',(-0.398700340967537,0.,0.917081260364843));
#8190=DIRECTION('ref_axis',(0.917081260364843,0.,0.398700340967537));
#8191=DIRECTION('center_axis',(0.,-1.,0.));
#8192=DIRECTION('ref_axis',(0.978983462704388,0.,-0.203939647325689));
#8193=DIRECTION('center_axis',(0.,1.,0.));
#8194=DIRECTION('ref_axis',(0.978983462704388,0.,-0.203939647325689));
#8195=DIRECTION('center_axis',(0.,-1.,0.));
#8196=DIRECTION('ref_axis',(0.,0.,1.));
#8197=DIRECTION('center_axis',(-0.398700340967541,0.,-0.917081260364841));
#8198=DIRECTION('ref_axis',(-0.917081260364841,0.,0.398700340967542));
#8199=DIRECTION('center_axis',(0.,-1.,0.));
#8200=DIRECTION('ref_axis',(3.82856869892695E-16,0.,1.));
#8201=DIRECTION('center_axis',(0.,1.,0.));
#8202=DIRECTION('ref_axis',(3.82856869892695E-16,0.,1.));
#8203=DIRECTION('center_axis',(0.,-1.,0.));
#8204=DIRECTION('ref_axis',(0.,0.,1.));
#8205=DIRECTION('center_axis',(0.731732390481604,0.,-0.681592039800993));
#8206=DIRECTION('ref_axis',(-0.681592039800993,0.,-0.731732390481603));
#8207=DIRECTION('center_axis',(0.,-1.,0.));
#8208=DIRECTION('ref_axis',(-0.978983462704388,0.,-0.203939647325689));
#8209=DIRECTION('center_axis',(0.,1.,0.));
#8210=DIRECTION('ref_axis',(-0.978983462704388,0.,-0.203939647325689));
#8211=DIRECTION('center_axis',(0.,-1.,0.));
#8212=DIRECTION('ref_axis',(0.,0.,1.));
#8213=DIRECTION('center_axis',(-8.88178419700125E-16,0.,-1.));
#8214=DIRECTION('ref_axis',(-1.,0.,8.88178419700125E-16));
#8215=DIRECTION('center_axis',(0.,1.,0.));
#8216=DIRECTION('ref_axis',(0.916949300616178,0.,0.399003734443053));
#8217=DIRECTION('center_axis',(0.,-1.,0.));
#8218=DIRECTION('ref_axis',(0.916949300616178,0.,0.399003734443053));
#8219=DIRECTION('center_axis',(0.,0.,-1.));
#8220=DIRECTION('ref_axis',(-0.707106781186547,0.707106781186547,0.));
#8221=DIRECTION('center_axis',(0.,0.,-1.));
#8222=DIRECTION('ref_axis',(-1.,0.,0.));
#8223=DIRECTION('',(0.,0.,-1.));
#8224=DIRECTION('',(0.,0.,1.));
#8225=DIRECTION('center_axis',(0.,-1.,0.));
#8226=DIRECTION('ref_axis',(-1.22464679914735E-16,0.,-1.));
#8227=DIRECTION('center_axis',(0.,0.,1.));
#8228=DIRECTION('ref_axis',(1.,0.,0.));
#8229=DIRECTION('center_axis',(0.,-1.,0.));
#8230=DIRECTION('ref_axis',(6.12323399573677E-17,0.,-1.));
#8231=DIRECTION('center_axis',(0.,1.,0.));
#8232=DIRECTION('ref_axis',(6.12323399573677E-17,0.,-1.));
#8233=DIRECTION('center_axis',(0.,0.,1.));
#8234=DIRECTION('ref_axis',(0.707106781186547,0.707106781186547,0.));
#8235=DIRECTION('',(0.,0.,-1.));
#8236=DIRECTION('',(0.,0.,1.));
#8237=DIRECTION('center_axis',(0.,1.,0.));
#8238=DIRECTION('ref_axis',(-0.978983462704388,0.,-0.203939647325689));
#8239=DIRECTION('',(0.,1.,0.));
#8240=DIRECTION('center_axis',(0.,1.,0.));
#8241=DIRECTION('ref_axis',(-0.978983462704388,0.,-0.203939647325689));
#8242=DIRECTION('',(0.,-1.,0.));
#8243=DIRECTION('center_axis',(0.,1.,0.));
#8244=DIRECTION('ref_axis',(-1.,0.,0.));
#8245=DIRECTION('center_axis',(0.,1.,0.));
#8246=DIRECTION('ref_axis',(3.82856869892695E-16,0.,1.));
#8247=DIRECTION('',(0.,1.,0.));
#8248=DIRECTION('center_axis',(0.,1.,0.));
#8249=DIRECTION('ref_axis',(0.978983462704388,0.,-0.203939647325689));
#8250=DIRECTION('center_axis',(0.,1.,0.));
#8251=DIRECTION('ref_axis',(0.978983462704388,0.,-0.203939647325689));
#8252=DIRECTION('',(0.,-1.,0.));
#8253=DIRECTION('center_axis',(0.,-1.,0.));
#8254=DIRECTION('ref_axis',(-0.333333333333333,0.,0.942809041582063));
#8255=DIRECTION('center_axis',(0.,-1.,0.));
#8256=DIRECTION('ref_axis',(-0.916949300616178,0.,0.399003734443053));
#8257=DIRECTION('',(0.,-1.,0.));
#8258=DIRECTION('center_axis',(0.,1.,0.));
#8259=DIRECTION('ref_axis',(1.,0.,0.));
#8260=DIRECTION('center_axis',(0.,0.,-1.));
#8261=DIRECTION('ref_axis',(-0.707106781186547,-0.707106781186547,0.));
#8262=DIRECTION('center_axis',(0.,0.,-1.));
#8263=DIRECTION('ref_axis',(0.,-1.,0.));
#8264=DIRECTION('center_axis',(0.,0.,1.));
#8265=DIRECTION('ref_axis',(-1.,0.,0.));
#8266=DIRECTION('',(0.,0.,1.));
#8267=DIRECTION('center_axis',(0.,-1.,0.));
#8268=DIRECTION('ref_axis',(0.,0.,1.));
#8269=DIRECTION('center_axis',(-0.7317323904816,0.,0.681592039800997));
#8270=DIRECTION('ref_axis',(-0.681592039800996,0.,-0.7317323904816));
#8271=DIRECTION('center_axis',(0.,-1.,0.));
#8272=DIRECTION('ref_axis',(0.916949300616178,0.,0.399003734443053));
#8273=DIRECTION('center_axis',(0.,1.,0.));
#8274=DIRECTION('ref_axis',(0.,0.,-1.));
#8275=DIRECTION('center_axis',(0.39870034096754,0.,0.917081260364842));
#8276=DIRECTION('ref_axis',(-0.917081260364842,0.,0.39870034096754));
#8277=DIRECTION('center_axis',(0.,-1.,0.));
#8278=DIRECTION('ref_axis',(0.,0.,1.));
#8279=DIRECTION('center_axis',(0.398700340967541,0.,-0.917081260364841));
#8280=DIRECTION('ref_axis',(0.917081260364841,0.,0.398700340967542));
#8281=DIRECTION('center_axis',(0.,1.,0.));
#8282=DIRECTION('ref_axis',(0.,0.,-1.));
#8283=DIRECTION('center_axis',(-0.731732390481602,0.,-0.681592039800994));
#8284=DIRECTION('ref_axis',(0.681592039800994,0.,-0.731732390481602));
#8285=DIRECTION('center_axis',(0.,-1.,0.));
#8286=DIRECTION('ref_axis',(0.,0.,1.));
#8287=DIRECTION('center_axis',(0.,0.,-1.));
#8288=DIRECTION('ref_axis',(1.,0.,0.));
#8289=DIRECTION('center_axis',(0.,0.,1.));
#8290=DIRECTION('ref_axis',(0.707106781186547,-0.707106781186547,0.));
#8291=DIRECTION('center_axis',(0.,0.,-1.));
#8292=DIRECTION('ref_axis',(1.,0.,0.));
#8293=DIRECTION('',(0.,0.,-1.));
#8294=DIRECTION('center_axis',(0.,-1.,0.));
#8295=DIRECTION('ref_axis',(1.22464679914735E-16,0.,-1.));
#8296=DIRECTION('center_axis',(0.,1.,0.));
#8297=DIRECTION('ref_axis',(6.12323399573677E-17,0.,-1.));
#8298=DIRECTION('center_axis',(0.,1.,0.));
#8299=DIRECTION('ref_axis',(0.333333333333334,0.,0.942809041582063));
#8300=DIRECTION('',(0.,1.,0.));
#8301=DIRECTION('center_axis',(1.,0.,0.));
#8302=DIRECTION('ref_axis',(0.,0.,1.));
#8303=DIRECTION('',(0.,-1.,0.));
#8304=DIRECTION('center_axis',(-1.,0.,0.));
#8305=DIRECTION('ref_axis',(0.,0.,-1.));
#8306=DIRECTION('',(0.,-1.,0.));
#8307=DIRECTION('center_axis',(0.,1.,0.));
#8308=DIRECTION('ref_axis',(1.,0.,0.));
#8309=DIRECTION('center_axis',(0.,-1.,0.));
#8310=DIRECTION('ref_axis',(0.,0.,-1.));
#8311=DIRECTION('center_axis',(0.,-1.,0.));
#8312=DIRECTION('ref_axis',(1.,0.,0.));
#8313=DIRECTION('center_axis',(-1.,0.,-1.22464679914735E-16));
#8314=DIRECTION('ref_axis',(-1.22464679914735E-16,0.,1.));
#8315=DIRECTION('center_axis',(0.,1.,0.));
#8316=DIRECTION('ref_axis',(1.,0.,0.));
#8317=DIRECTION('center_axis',(0.,-1.,0.));
#8318=DIRECTION('ref_axis',(1.,0.,0.));
#8319=DIRECTION('center_axis',(0.,1.,0.));
#8320=DIRECTION('ref_axis',(1.,0.,0.));
#8321=DIRECTION('center_axis',(0.,1.,0.));
#8322=DIRECTION('ref_axis',(1.,0.,0.));
#8323=DIRECTION('',(0.,-1.,0.));
#8324=DIRECTION('center_axis',(0.,1.,0.));
#8325=DIRECTION('ref_axis',(1.,0.,0.));
#8326=DIRECTION('center_axis',(0.,1.,0.));
#8327=DIRECTION('ref_axis',(1.,0.,0.));
#8328=DIRECTION('',(0.,0.,-1.));
#8329=DIRECTION('center_axis',(0.,1.,0.));
#8330=DIRECTION('ref_axis',(0.916949300616178,0.,0.399003734443053));
#8331=DIRECTION('center_axis',(0.,-1.,0.));
#8332=DIRECTION('ref_axis',(-0.978983462704388,0.,-0.203939647325689));
#8333=DIRECTION('center_axis',(0.,-1.,0.));
#8334=DIRECTION('ref_axis',(3.82856869892695E-16,0.,1.));
#8335=DIRECTION('center_axis',(0.,-1.,0.));
#8336=DIRECTION('ref_axis',(0.978983462704388,0.,-0.203939647325689));
#8337=DIRECTION('center_axis',(0.,1.,0.));
#8338=DIRECTION('ref_axis',(-0.916949300616178,0.,0.399003734443053));
#8339=DIRECTION('',(0.,0.,1.));
#8340=DIRECTION('center_axis',(0.,-1.,0.));
#8341=DIRECTION('ref_axis',(6.12323399573677E-17,0.,-1.));
#8342=DIRECTION('center_axis',(0.,1.,0.));
#8343=DIRECTION('ref_axis',(0.,0.,1.));
#8344=DIRECTION('center_axis',(0.,-1.,0.));
#8345=DIRECTION('ref_axis',(1.,0.,0.));
#8346=DIRECTION('center_axis',(-1.,0.,1.22464679914735E-16));
#8347=DIRECTION('ref_axis',(-1.22464679914735E-16,0.,-1.));
#8348=DIRECTION('center_axis',(0.,1.,0.));
#8349=DIRECTION('ref_axis',(0.,0.,1.));
#8350=DIRECTION('center_axis',(0.,1.,0.));
#8351=DIRECTION('ref_axis',(1.,0.,0.));
#8352=DIRECTION('center_axis',(0.,1.,0.));
#8353=DIRECTION('ref_axis',(0.,0.,1.));
#8354=DIRECTION('center_axis',(-1.,0.,1.22464679914735E-16));
#8355=DIRECTION('ref_axis',(-1.22464679914735E-16,0.,-1.));
#8356=DIRECTION('center_axis',(0.,-1.,0.));
#8357=DIRECTION('ref_axis',(1.,0.,0.));
#8358=DIRECTION('center_axis',(0.,-1.,0.));
#8359=DIRECTION('ref_axis',(1.,0.,0.));
#8360=DIRECTION('center_axis',(0.,1.,0.));
#8361=DIRECTION('ref_axis',(1.,0.,0.));
#8362=DIRECTION('center_axis',(0.,1.,0.));
#8363=DIRECTION('ref_axis',(1.,0.,0.));
#8364=DIRECTION('',(0.,-1.,0.));
#8365=DIRECTION('center_axis',(0.,1.,0.));
#8366=DIRECTION('ref_axis',(0.,0.,1.));
#8367=DIRECTION('center_axis',(0.,0.,1.));
#8368=DIRECTION('ref_axis',(0.,-1.,0.));
#8369=DIRECTION('center_axis',(0.,1.,0.));
#8370=DIRECTION('ref_axis',(-0.916949300616178,0.,0.399003734443053));
#8371=DIRECTION('center_axis',(-0.731732390481602,0.,-0.681592039800995));
#8372=DIRECTION('ref_axis',(0.681592039800995,0.,-0.731732390481602));
#8373=DIRECTION('center_axis',(0.,-1.,0.));
#8374=DIRECTION('ref_axis',(-0.916949300616178,0.,0.399003734443053));
#8375=DIRECTION('center_axis',(0.,1.,0.));
#8376=DIRECTION('ref_axis',(0.,0.,1.));
#8377=DIRECTION('center_axis',(0.398700340967537,0.,-0.917081260364843));
#8378=DIRECTION('ref_axis',(0.917081260364843,0.,0.398700340967537));
#8379=DIRECTION('center_axis',(0.,1.,0.));
#8380=DIRECTION('ref_axis',(0.978983462704388,0.,-0.203939647325689));
#8381=DIRECTION('center_axis',(0.,-1.,0.));
#8382=DIRECTION('ref_axis',(0.978983462704388,0.,-0.203939647325689));
#8383=DIRECTION('center_axis',(0.,1.,0.));
#8384=DIRECTION('ref_axis',(0.,0.,1.));
#8385=DIRECTION('center_axis',(0.398700340967541,0.,0.917081260364841));
#8386=DIRECTION('ref_axis',(-0.917081260364841,0.,0.398700340967542));
#8387=DIRECTION('center_axis',(0.,1.,0.));
#8388=DIRECTION('ref_axis',(3.82856869892695E-16,0.,1.));
#8389=DIRECTION('center_axis',(0.,-1.,0.));
#8390=DIRECTION('ref_axis',(3.82856869892695E-16,0.,1.));
#8391=DIRECTION('center_axis',(0.,1.,0.));
#8392=DIRECTION('ref_axis',(0.,0.,1.));
#8393=DIRECTION('center_axis',(-0.731732390481604,0.,0.681592039800993));
#8394=DIRECTION('ref_axis',(-0.681592039800993,0.,-0.731732390481603));
#8395=DIRECTION('center_axis',(0.,1.,0.));
#8396=DIRECTION('ref_axis',(-0.978983462704388,0.,-0.203939647325689));
#8397=DIRECTION('center_axis',(0.,-1.,0.));
#8398=DIRECTION('ref_axis',(-0.978983462704388,0.,-0.203939647325689));
#8399=DIRECTION('center_axis',(0.,1.,0.));
#8400=DIRECTION('ref_axis',(0.,0.,1.));
#8401=DIRECTION('center_axis',(8.88178419700125E-16,0.,1.));
#8402=DIRECTION('ref_axis',(-1.,0.,8.88178419700125E-16));
#8403=DIRECTION('center_axis',(0.,-1.,0.));
#8404=DIRECTION('ref_axis',(0.916949300616178,0.,0.399003734443053));
#8405=DIRECTION('center_axis',(0.,1.,0.));
#8406=DIRECTION('ref_axis',(0.916949300616178,0.,0.399003734443053));
#8407=DIRECTION('center_axis',(0.,0.,1.));
#8408=DIRECTION('ref_axis',(-0.707106781186547,-0.707106781186547,0.));
#8409=DIRECTION('center_axis',(0.,0.,1.));
#8410=DIRECTION('ref_axis',(-1.,0.,0.));
#8411=DIRECTION('',(0.,0.,1.));
#8412=DIRECTION('',(0.,0.,-1.));
#8413=DIRECTION('center_axis',(0.,1.,0.));
#8414=DIRECTION('ref_axis',(1.22464679914735E-16,0.,-1.));
#8415=DIRECTION('center_axis',(0.,0.,-1.));
#8416=DIRECTION('ref_axis',(1.,0.,0.));
#8417=DIRECTION('center_axis',(0.,1.,0.));
#8418=DIRECTION('ref_axis',(6.12323399573677E-17,0.,-1.));
#8419=DIRECTION('center_axis',(0.,-1.,0.));
#8420=DIRECTION('ref_axis',(6.12323399573677E-17,0.,-1.));
#8421=DIRECTION('center_axis',(0.,0.,-1.));
#8422=DIRECTION('ref_axis',(0.707106781186547,-0.707106781186547,0.));
#8423=DIRECTION('',(0.,0.,1.));
#8424=DIRECTION('',(0.,0.,-1.));
#8425=DIRECTION('center_axis',(0.,1.,0.));
#8426=DIRECTION('ref_axis',(-0.978983462704388,0.,-0.203939647325689));
#8427=DIRECTION('',(0.,1.,0.));
#8428=DIRECTION('center_axis',(0.,1.,0.));
#8429=DIRECTION('ref_axis',(-0.978983462704388,0.,-0.203939647325689));
#8430=DIRECTION('',(0.,-1.,0.));
#8431=DIRECTION('center_axis',(0.,1.,0.));
#8432=DIRECTION('ref_axis',(-1.,0.,0.));
#8433=DIRECTION('',(0.,-1.,0.));
#8434=DIRECTION('center_axis',(0.,1.,0.));
#8435=DIRECTION('ref_axis',(3.82856869892695E-16,0.,1.));
#8436=DIRECTION('center_axis',(0.,1.,0.));
#8437=DIRECTION('ref_axis',(0.978983462704388,0.,-0.203939647325689));
#8438=DIRECTION('',(0.,1.,0.));
#8439=DIRECTION('center_axis',(0.,1.,0.));
#8440=DIRECTION('ref_axis',(0.978983462704388,0.,-0.203939647325689));
#8441=DIRECTION('center_axis',(0.,-1.,0.));
#8442=DIRECTION('ref_axis',(-0.333333333333333,0.,0.942809041582063));
#8443=DIRECTION('',(0.,1.,0.));
#8444=DIRECTION('center_axis',(0.,-1.,0.));
#8445=DIRECTION('ref_axis',(-0.916949300616178,0.,0.399003734443053));
#8446=DIRECTION('center_axis',(0.,1.,0.));
#8447=DIRECTION('ref_axis',(1.,0.,0.));
#8448=DIRECTION('center_axis',(0.,0.,1.));
#8449=DIRECTION('ref_axis',(-0.707106781186547,0.707106781186547,0.));
#8450=DIRECTION('center_axis',(0.,0.,1.));
#8451=DIRECTION('ref_axis',(0.,1.,0.));
#8452=DIRECTION('',(0.,0.,1.));
#8453=DIRECTION('center_axis',(0.,0.,-1.));
#8454=DIRECTION('ref_axis',(-1.,0.,0.));
#8455=DIRECTION('center_axis',(0.,1.,0.));
#8456=DIRECTION('ref_axis',(0.,0.,1.));
#8457=DIRECTION('center_axis',(0.7317323904816,0.,-0.681592039800997));
#8458=DIRECTION('ref_axis',(-0.681592039800996,0.,-0.7317323904816));
#8459=DIRECTION('center_axis',(0.,-1.,0.));
#8460=DIRECTION('ref_axis',(0.916949300616178,0.,0.399003734443053));
#8461=DIRECTION('center_axis',(0.,-1.,0.));
#8462=DIRECTION('ref_axis',(0.,0.,-1.));
#8463=DIRECTION('center_axis',(-0.39870034096754,0.,-0.917081260364842));
#8464=DIRECTION('ref_axis',(-0.917081260364842,0.,0.39870034096754));
#8465=DIRECTION('center_axis',(0.,1.,0.));
#8466=DIRECTION('ref_axis',(0.,0.,1.));
#8467=DIRECTION('center_axis',(-0.398700340967541,0.,0.917081260364841));
#8468=DIRECTION('ref_axis',(0.917081260364841,0.,0.398700340967542));
#8469=DIRECTION('center_axis',(0.,-1.,0.));
#8470=DIRECTION('ref_axis',(0.,0.,-1.));
#8471=DIRECTION('center_axis',(0.731732390481602,0.,0.681592039800994));
#8472=DIRECTION('ref_axis',(0.681592039800994,0.,-0.731732390481602));
#8473=DIRECTION('center_axis',(0.,1.,0.));
#8474=DIRECTION('ref_axis',(0.,0.,1.));
#8475=DIRECTION('center_axis',(0.,0.,1.));
#8476=DIRECTION('ref_axis',(1.,0.,0.));
#8477=DIRECTION('center_axis',(0.,0.,-1.));
#8478=DIRECTION('ref_axis',(0.707106781186547,0.707106781186547,0.));
#8479=DIRECTION('center_axis',(0.,0.,1.));
#8480=DIRECTION('ref_axis',(1.,0.,0.));
#8481=DIRECTION('',(0.,0.,-1.));
#8482=DIRECTION('center_axis',(0.,1.,0.));
#8483=DIRECTION('ref_axis',(-1.22464679914735E-16,0.,-1.));
#8484=DIRECTION('center_axis',(0.,1.,0.));
#8485=DIRECTION('ref_axis',(6.12323399573677E-17,0.,-1.));
#8486=DIRECTION('center_axis',(0.,1.,0.));
#8487=DIRECTION('ref_axis',(0.333333333333334,0.,0.942809041582063));
#8488=DIRECTION('',(0.,-1.,0.));
#8489=DIRECTION('center_axis',(-1.,0.,0.));
#8490=DIRECTION('ref_axis',(0.,0.,1.));
#8491=DIRECTION('',(0.,1.,0.));
#8492=DIRECTION('center_axis',(0.,1.,0.));
#8493=DIRECTION('ref_axis',(0.,0.,1.));
#8494=DIRECTION('center_axis',(1.,0.,0.));
#8495=DIRECTION('ref_axis',(0.,0.,-1.));
#8496=DIRECTION('',(0.,1.,0.));
#8497=DIRECTION('center_axis',(0.,1.,0.));
#8498=DIRECTION('ref_axis',(1.,0.,0.));
#8499=DIRECTION('axis',(0.,0.,1.));
#8500=DIRECTION('refdir',(1.,0.,0.));
#8501=DIRECTION('axis',(0.,0.,1.));
#8502=DIRECTION('refdir',(1.,0.,0.));
#8503=DIRECTION('center_axis',(0.,1.,0.));
#8504=DIRECTION('ref_axis',(-0.521962874471604,0.,0.852968204374196));
#8505=DIRECTION('',(0.,1.,0.));
#8506=DIRECTION('',(0.,-1.,0.));
#8507=DIRECTION('center_axis',(0.,1.,0.));
#8508=DIRECTION('ref_axis',(1.,0.,0.));
#8509=DIRECTION('',(0.,1.,0.));
#8510=DIRECTION('center_axis',(0.,1.,0.));
#8511=DIRECTION('ref_axis',(1.,0.,0.));
#8512=DIRECTION('',(0.,1.,0.));
#8513=DIRECTION('center_axis',(4.48216423421029E-33,0.,-1.));
#8514=DIRECTION('ref_axis',(-1.,0.,-4.48216423421029E-33));
#8515=DIRECTION('center_axis',(-4.48216423421029E-33,0.,1.));
#8516=DIRECTION('ref_axis',(1.,0.,4.48216423421029E-33));
#8517=DIRECTION('center_axis',(-4.48216423421029E-33,0.,1.));
#8518=DIRECTION('ref_axis',(1.,0.,4.48216423421029E-33));
#8519=DIRECTION('center_axis',(-4.48216423421029E-33,0.,1.));
#8520=DIRECTION('ref_axis',(1.,0.,0.));
#8521=DIRECTION('center_axis',(-4.48216423421029E-33,0.,1.));
#8522=DIRECTION('ref_axis',(1.,0.,4.48216423421029E-33));
#8523=DIRECTION('',(4.48216423421029E-33,0.,-1.));
#8524=DIRECTION('center_axis',(-4.48216423421029E-33,0.,1.));
#8525=DIRECTION('ref_axis',(1.,0.,4.48216423421029E-33));
#8526=DIRECTION('center_axis',(0.,0.,1.));
#8527=DIRECTION('ref_axis',(1.,0.,0.));
#8528=DIRECTION('',(0.,0.,1.));
#8529=DIRECTION('center_axis',(0.,0.,1.));
#8530=DIRECTION('ref_axis',(1.,0.,0.));
#8531=DIRECTION('center_axis',(0.,0.,-1.));
#8532=DIRECTION('ref_axis',(1.,0.,0.));
#8533=DIRECTION('center_axis',(-4.48216423421029E-33,0.,1.));
#8534=DIRECTION('ref_axis',(1.,0.,0.));
#8535=DIRECTION('center_axis',(4.48216423421029E-33,0.,-1.));
#8536=DIRECTION('ref_axis',(-1.,1.22464679914735E-16,-4.48216423421029E-33));
#8537=DIRECTION('center_axis',(1.22464679914735E-16,-1.,5.48906808267838E-49));
#8538=DIRECTION('ref_axis',(-1.,-1.22464679914735E-16,0.));
#8539=DIRECTION('center_axis',(-4.48216423421029E-33,0.,1.));
#8540=DIRECTION('ref_axis',(-1.,1.22464679914735E-16,0.));
#8541=DIRECTION('center_axis',(-4.48216423421029E-33,0.,1.));
#8542=DIRECTION('ref_axis',(1.,0.,0.));
#8543=DIRECTION('',(4.48216423421029E-33,0.,-1.));
#8544=DIRECTION('center_axis',(-4.48216423421029E-33,0.,1.));
#8545=DIRECTION('ref_axis',(1.,0.,4.48216423421029E-33));
#8546=DIRECTION('center_axis',(-4.48216423421029E-33,0.,1.));
#8547=DIRECTION('ref_axis',(1.,0.,4.48216423421029E-33));
#8548=DIRECTION('center_axis',(-4.48216423421029E-33,0.,1.));
#8549=DIRECTION('ref_axis',(1.,0.,0.));
#8550=DIRECTION('center_axis',(-4.48216423421029E-33,0.,1.));
#8551=DIRECTION('ref_axis',(1.,0.,4.48216423421029E-33));
#8552=DIRECTION('',(4.48216423421029E-33,0.,-1.));
#8553=DIRECTION('center_axis',(-4.48216423421029E-33,0.,1.));
#8554=DIRECTION('ref_axis',(1.,0.,4.48216423421029E-33));
#8555=DIRECTION('center_axis',(-4.48216423421029E-33,0.,1.));
#8556=DIRECTION('ref_axis',(1.,0.,4.48216423421029E-33));
#8557=DIRECTION('center_axis',(-4.48216423421029E-33,0.,1.));
#8558=DIRECTION('ref_axis',(1.,0.,4.48216423421029E-33));
#8559=DIRECTION('center_axis',(-4.48216423421029E-33,0.,1.));
#8560=DIRECTION('ref_axis',(1.,0.,0.));
#8561=DIRECTION('center_axis',(-4.48216423421029E-33,0.,1.));
#8562=DIRECTION('ref_axis',(1.,0.,4.48216423421029E-33));
#8563=DIRECTION('',(4.48216423421029E-33,0.,-1.));
#8564=DIRECTION('center_axis',(4.48216423421029E-33,0.,-1.));
#8565=DIRECTION('ref_axis',(-1.,0.,-4.48216423421029E-33));
#8566=DIRECTION('center_axis',(-4.48216423421029E-33,0.,1.));
#8567=DIRECTION('ref_axis',(1.,0.,4.48216423421029E-33));
#8568=DIRECTION('center_axis',(-4.48216423421029E-33,0.,1.));
#8569=DIRECTION('ref_axis',(1.,0.,0.));
#8570=DIRECTION('center_axis',(-4.48216423421029E-33,0.,1.));
#8571=DIRECTION('ref_axis',(1.,0.,4.48216423421029E-33));
#8572=DIRECTION('',(4.48216423421029E-33,0.,-1.));
#8573=DIRECTION('center_axis',(-4.48216423421029E-33,0.,1.));
#8574=DIRECTION('ref_axis',(1.,0.,4.48216423421029E-33));
#8575=DIRECTION('center_axis',(-4.48216423421029E-33,0.,1.));
#8576=DIRECTION('ref_axis',(1.,0.,4.48216423421029E-33));
#8577=DIRECTION('center_axis',(-4.48216423421029E-33,0.,1.));
#8578=DIRECTION('ref_axis',(1.,0.,0.));
#8579=DIRECTION('center_axis',(-4.48216423421029E-33,0.,1.));
#8580=DIRECTION('ref_axis',(1.,0.,4.48216423421029E-33));
#8581=DIRECTION('',(4.48216423421029E-33,0.,-1.));
#8582=DIRECTION('center_axis',(4.48216423421029E-33,0.,-1.));
#8583=DIRECTION('ref_axis',(-1.,0.,-4.48216423421029E-33));
#8584=DIRECTION('center_axis',(4.48216423421029E-33,0.,-1.));
#8585=DIRECTION('ref_axis',(-1.,0.,-4.48216423421029E-33));
#8586=DIRECTION('center_axis',(-4.48216423421029E-33,0.,1.));
#8587=DIRECTION('ref_axis',(1.,0.,4.48216423421029E-33));
#8588=DIRECTION('center_axis',(-4.48216423421029E-33,0.,1.));
#8589=DIRECTION('ref_axis',(1.,0.,4.48216423421029E-33));
#8590=DIRECTION('center_axis',(-4.48216423421029E-33,0.,1.));
#8591=DIRECTION('ref_axis',(1.,0.,0.));
#8592=DIRECTION('center_axis',(-4.48216423421029E-33,0.,1.));
#8593=DIRECTION('ref_axis',(1.,0.,4.48216423421029E-33));
#8594=DIRECTION('',(4.48216423421029E-33,0.,-1.));
#8595=DIRECTION('center_axis',(4.48216423421029E-33,0.,-1.));
#8596=DIRECTION('ref_axis',(-1.,0.,-4.48216423421029E-33));
#8597=DIRECTION('',(-9.14301458045837E-34,-3.61923021957059E-87,1.));
#8598=DIRECTION('',(1.,0.,9.14301458045837E-34));
#8599=DIRECTION('',(-9.14301458045837E-34,-3.61923021957059E-87,1.));
#8600=DIRECTION('',(1.,0.,9.14301458045837E-34));
#8601=DIRECTION('',(-1.3516959999059E-35,-7.9103453068252E-91,1.));
#8602=DIRECTION('',(1.,0.,1.3516959999059E-35));
#8603=DIRECTION('',(-4.64840784698557E-34,-9.35504403519093E-88,1.));
#8604=DIRECTION('',(1.,0.,4.64840784698557E-34));
#8605=DIRECTION('',(0.,0.,1.));
#8606=DIRECTION('',(1.,0.,0.));
#8607=DIRECTION('',(0.,0.,1.));
#8608=DIRECTION('',(1.,0.,0.));
#8609=DIRECTION('',(0.575771891300489,3.82426720745014E-19,0.817610377373153));
#8610=DIRECTION('',(0.81761037737315,1.24776102218782E-19,-0.575771891300486));
#8611=DIRECTION('',(0.,0.,1.));
#8612=DIRECTION('',(1.,0.,0.));
#8613=CARTESIAN_POINT('',(0.,0.,0.));
#8614=CARTESIAN_POINT('',(0.,0.,0.));
#8615=CARTESIAN_POINT('',(0.,0.,0.));
#8616=CARTESIAN_POINT('Origin',(0.,-8.5,110.));
#8617=CARTESIAN_POINT('',(-6.,-10.,111.75));
#8618=CARTESIAN_POINT('',(-4.56,-8.5,111.33));
#8619=CARTESIAN_POINT('Origin',(-6.,-8.5,111.75));
#8620=CARTESIAN_POINT('',(4.56,-8.5,111.33));
#8621=CARTESIAN_POINT('Origin',(0.,-8.5,110.));
#8622=CARTESIAN_POINT('',(6.,-10.,111.75));
#8623=CARTESIAN_POINT('Origin',(6.,-8.5,111.75));
#8624=CARTESIAN_POINT('Origin',(0.,-10.,110.));
#8625=CARTESIAN_POINT('Ctrl Pts',(4.56,-8.5,111.33));
#8626=CARTESIAN_POINT('Ctrl Pts',(4.62292041439025,-8.5,111.114272864948));
#8627=CARTESIAN_POINT('Ctrl Pts',(4.71803986356315,-8.4807033823703,110.674079400825));
#8628=CARTESIAN_POINT('Ctrl Pts',(4.75000000000001,-8.46824583655185,110.224715475636));
#8629=CARTESIAN_POINT('Ctrl Pts',(4.75,-8.46824583655185,110.));
#8630=CARTESIAN_POINT('Ctrl Pts',(4.56,-8.72439947525641,111.33));
#8631=CARTESIAN_POINT('Ctrl Pts',(4.62433667922056,-8.73576783404256,111.109276518692));
#8632=CARTESIAN_POINT('Ctrl Pts',(4.71919593678092,-8.73446153400043,110.664797468215));
#8633=CARTESIAN_POINT('Ctrl Pts',(4.75000000000001,-8.72874249111428,110.22151449419));
#8634=CARTESIAN_POINT('Ctrl Pts',(4.75,-8.72874249111428,110.));
#8635=CARTESIAN_POINT('Ctrl Pts',(4.65846207596783,-9.17253319749317,111.358718105491));
#8636=CARTESIAN_POINT('Ctrl Pts',(4.73722391563387,-9.20652199139732,111.126313369192));
#8637=CARTESIAN_POINT('Ctrl Pts',(4.85222284975249,-9.24088139812085,110.665962953427));
#8638=CARTESIAN_POINT('Ctrl Pts',(4.88888679362634,-9.24845640958076,110.221746335002));
#8639=CARTESIAN_POINT('Ctrl Pts',(4.88888679362633,-9.24845640958076,110.));
#8640=CARTESIAN_POINT('Ctrl Pts',(5.14034246396659,-9.80318656504389,111.49926655199));
#8641=CARTESIAN_POINT('Ctrl Pts',(5.27603214446121,-9.85366458217096,111.243513686345));
#8642=CARTESIAN_POINT('Ctrl Pts',(5.48309131278783,-9.90720593292148,110.735756610225));
#8643=CARTESIAN_POINT('Ctrl Pts',(5.55319152916826,-9.91978614830721,110.244967740275));
#8644=CARTESIAN_POINT('Ctrl Pts',(5.55319152916825,-9.91978614830721,110.));
#8645=CARTESIAN_POINT('Ctrl Pts',(5.67686475563075,-10.,111.655752220392));
#8646=CARTESIAN_POINT('Ctrl Pts',(5.86306772722508,-10.0271253378786,111.382408573694));
#8647=CARTESIAN_POINT('Ctrl Pts',(6.14896249509533,-10.0293394625036,110.829958697409));
#8648=CARTESIAN_POINT('Ctrl Pts',(6.24666279817638,-10.0183008368405,110.276544839577));
#8649=CARTESIAN_POINT('Ctrl Pts',(6.24666279817638,-10.0183008368405,110.));
#8650=CARTESIAN_POINT('Ctrl Pts',(5.99999999999999,-10.,111.75));
#8651=CARTESIAN_POINT('Ctrl Pts',(6.20697504733636,-10.,111.46614850651));
#8652=CARTESIAN_POINT('Ctrl Pts',(6.5198679722472,-9.95175845592577,110.886946580033));
#8653=CARTESIAN_POINT('Ctrl Pts',(6.62500000000001,-9.92061459137963,110.295678257415));
#8654=CARTESIAN_POINT('Ctrl Pts',(6.62500000000001,-9.92061459137963,110.));
#8655=CARTESIAN_POINT('',(4.75,-8.46824583655185,110.));
#8656=CARTESIAN_POINT('',(6.62500000000001,-9.92061459137963,110.));
#8657=CARTESIAN_POINT('Origin',(6.25,-8.46824583655185,110.));
#8658=CARTESIAN_POINT('Ctrl Pts',(6.62500000000001,-9.92061459137963,110.));
#8659=CARTESIAN_POINT('Ctrl Pts',(6.62500000000001,-9.92061459137963,110.295678257415));
#8660=CARTESIAN_POINT('Ctrl Pts',(6.5198679722472,-9.95175845592577,110.886946580033));
#8661=CARTESIAN_POINT('Ctrl Pts',(6.20697504733636,-10.,111.46614850651));
#8662=CARTESIAN_POINT('Ctrl Pts',(5.99999999999999,-10.,111.75));
#8663=CARTESIAN_POINT('Ctrl Pts',(4.56,-8.5,111.33));
#8664=CARTESIAN_POINT('Ctrl Pts',(4.62292041439025,-8.5,111.114272864948));
#8665=CARTESIAN_POINT('Ctrl Pts',(4.71803986356315,-8.4807033823703,110.674079400825));
#8666=CARTESIAN_POINT('Ctrl Pts',(4.75000000000001,-8.46824583655185,110.224715475636));
#8667=CARTESIAN_POINT('Ctrl Pts',(4.75,-8.46824583655185,110.));
#8668=CARTESIAN_POINT('Origin',(6.25,-8.46824583655185,87.75));
#8669=CARTESIAN_POINT('',(4.75,-8.46824583655185,50.));
#8670=CARTESIAN_POINT('',(6.62500000000001,-9.92061459137963,50.));
#8671=CARTESIAN_POINT('Origin',(6.25,-8.46824583655185,50.));
#8672=CARTESIAN_POINT('',(6.62500000000001,-9.92061459137963,87.75));
#8673=CARTESIAN_POINT('',(4.75,-8.46824583655185,87.75));
#8674=CARTESIAN_POINT('Origin',(6.25,-8.5,44.));
#8675=CARTESIAN_POINT('',(6.25,-10.,46.3003378532628));
#8676=CARTESIAN_POINT('',(4.75,-8.5,46.3003378532628));
#8677=CARTESIAN_POINT('Origin',(6.25,-8.5,46.3003378532628));
#8678=CARTESIAN_POINT('',(4.75,-8.5,37.5));
#8679=CARTESIAN_POINT('',(4.75,-8.5,44.));
#8680=CARTESIAN_POINT('',(6.25,-10.,37.5));
#8681=CARTESIAN_POINT('Origin',(6.25,-8.5,37.5));
#8682=CARTESIAN_POINT('',(6.25,-10.,44.));
#8683=CARTESIAN_POINT('Origin',(0.,-8.5,37.5));
#8684=CARTESIAN_POINT('',(-4.75,-8.5,37.5));
#8685=CARTESIAN_POINT('',(-6.25,-10.,37.5));
#8686=CARTESIAN_POINT('Origin',(-6.25,-8.5,37.5));
#8687=CARTESIAN_POINT('Origin',(0.,-10.,37.5));
#8688=CARTESIAN_POINT('Origin',(0.,-8.5,37.5));
#8689=CARTESIAN_POINT('Origin',(-6.25,-8.5,80.25));
#8690=CARTESIAN_POINT('',(-4.75,-8.5,46.3003378532628));
#8691=CARTESIAN_POINT('',(-6.25,-10.,46.3003378532628));
#8692=CARTESIAN_POINT('Origin',(-6.25,-8.5,46.3003378532628));
#8693=CARTESIAN_POINT('',(-6.25,-10.,80.25));
#8694=CARTESIAN_POINT('',(-4.75,-8.5,80.25));
#8695=CARTESIAN_POINT('Ctrl Pts',(4.75,-8.46824583655185,50.));
#8696=CARTESIAN_POINT('Ctrl Pts',(4.75,-8.46824583655185,48.7667228985382));
#8697=CARTESIAN_POINT('Ctrl Pts',(4.75,-8.5,47.5336149547248));
#8698=CARTESIAN_POINT('Ctrl Pts',(4.75,-8.5,46.3003378532628));
#8699=CARTESIAN_POINT('Ctrl Pts',(4.75,-8.72874249111428,50.));
#8700=CARTESIAN_POINT('Ctrl Pts',(4.75,-8.72874249111428,48.7697683852807));
#8701=CARTESIAN_POINT('Ctrl Pts',(4.74991857464147,-8.74791596031537,47.5386253986682));
#8702=CARTESIAN_POINT('Ctrl Pts',(4.75,-8.72439947525642,46.3003378532628));
#8703=CARTESIAN_POINT('Ctrl Pts',(4.88886718943465,-9.2485049285377,50.));
#8704=CARTESIAN_POINT('Ctrl Pts',(4.88886718943465,-9.2485049285377,48.7758477906918));
#8705=CARTESIAN_POINT('Ctrl Pts',(4.87434714590269,-9.24286804964701,47.5486346408902));
#8706=CARTESIAN_POINT('Ctrl Pts',(4.85254825101455,-9.17255913531253,46.3003378532628));
#8707=CARTESIAN_POINT('Ctrl Pts',(5.55316879070818,-9.91988253075093,50.));
#8708=CARTESIAN_POINT('Ctrl Pts',(5.55316879070818,-9.91988253075093,48.7836845853948));
#8709=CARTESIAN_POINT('Ctrl Pts',(5.47582543915586,-9.90765619916909,47.5627033895104));
#8710=CARTESIAN_POINT('Ctrl Pts',(5.35449990466612,-9.80323782551421,46.3003378532628));
#8711=CARTESIAN_POINT('Ctrl Pts',(6.24666279817637,-10.0183008368405,50.));
#8712=CARTESIAN_POINT('Ctrl Pts',(6.24666279817637,-10.0183008368405,48.7848732755436));
#8713=CARTESIAN_POINT('Ctrl Pts',(6.1248493320883,-10.0561112307362,47.5671346605825));
#8714=CARTESIAN_POINT('Ctrl Pts',(5.91340078711539,-10.,46.3003378532628));
#8715=CARTESIAN_POINT('Ctrl Pts',(6.625,-9.92061459137964,50.));
#8716=CARTESIAN_POINT('Ctrl Pts',(6.625,-9.92061459137964,48.7836946017693));
#8717=CARTESIAN_POINT('Ctrl Pts',(6.49661251488435,-10.,47.5670968991734));
#8718=CARTESIAN_POINT('Ctrl Pts',(6.25000000000001,-10.,46.3003378532628));
#8719=CARTESIAN_POINT('Ctrl Pts',(6.25000000000001,-10.,46.3003378532628));
#8720=CARTESIAN_POINT('Ctrl Pts',(6.49661251488435,-10.,47.5670968991734));
#8721=CARTESIAN_POINT('Ctrl Pts',(6.625,-9.92061459137964,48.7836946017693));
#8722=CARTESIAN_POINT('Ctrl Pts',(6.625,-9.92061459137964,50.));
#8723=CARTESIAN_POINT('Ctrl Pts',(4.75,-8.46824583655185,50.));
#8724=CARTESIAN_POINT('Ctrl Pts',(4.75,-8.46824583655185,48.7667228985382));
#8725=CARTESIAN_POINT('Ctrl Pts',(4.75,-8.5,47.5336149547248));
#8726=CARTESIAN_POINT('Ctrl Pts',(4.75,-8.5,46.3003378532628));
#8727=CARTESIAN_POINT('Ctrl Pts',(-4.75,-8.5,46.3003378532628));
#8728=CARTESIAN_POINT('Ctrl Pts',(-4.75,-8.5,47.5336225077297));
#8729=CARTESIAN_POINT('Ctrl Pts',(-4.75,-8.46824583655185,48.7667323192922));
#8730=CARTESIAN_POINT('Ctrl Pts',(-4.75,-8.46824583655185,50.));
#8731=CARTESIAN_POINT('Ctrl Pts',(-4.75,-8.72439947525641,46.3003378532628));
#8732=CARTESIAN_POINT('Ctrl Pts',(-4.7499185741428,-8.74791610433825,47.5386329823588));
#8733=CARTESIAN_POINT('Ctrl Pts',(-4.75,-8.72874249111428,48.7697777827709));
#8734=CARTESIAN_POINT('Ctrl Pts',(-4.75,-8.72874249111428,50.));
#8735=CARTESIAN_POINT('Ctrl Pts',(-4.85254825101455,-9.17255913531252,46.3003378532628));
#8736=CARTESIAN_POINT('Ctrl Pts',(-4.87434727940648,-9.24286848024252,47.5486422858808));
#8737=CARTESIAN_POINT('Ctrl Pts',(-4.88886718943465,-9.2485049285377,48.7758571417426));
#8738=CARTESIAN_POINT('Ctrl Pts',(-4.88886718943465,-9.2485049285377,50.));
#8739=CARTESIAN_POINT('Ctrl Pts',(-5.35449990466612,-9.80323782551421,46.3003378532628));
#8740=CARTESIAN_POINT('Ctrl Pts',(-5.47582618219436,-9.90765683866243,47.5627111206627));
#8741=CARTESIAN_POINT('Ctrl Pts',(-5.55316879070818,-9.91988253075093,48.7836938765819));
#8742=CARTESIAN_POINT('Ctrl Pts',(-5.55316879070818,-9.91988253075093,50.));
#8743=CARTESIAN_POINT('Ctrl Pts',(-5.91340078711538,-10.,46.3003378532628));
#8744=CARTESIAN_POINT('Ctrl Pts',(-6.12485062707052,-10.0561115743803,47.5671424188735));
#8745=CARTESIAN_POINT('Ctrl Pts',(-6.24666279817637,-10.0183008368405,48.7848825576506));
#8746=CARTESIAN_POINT('Ctrl Pts',(-6.24666279817637,-10.0183008368405,50.));
#8747=CARTESIAN_POINT('Ctrl Pts',(-6.25,-10.,46.3003378532628));
#8748=CARTESIAN_POINT('Ctrl Pts',(-6.49661402522258,-10.,47.5671046572331));
#8749=CARTESIAN_POINT('Ctrl Pts',(-6.625,-9.92061459137964,48.7837038928799));
#8750=CARTESIAN_POINT('Ctrl Pts',(-6.625,-9.92061459137964,50.));
#8751=CARTESIAN_POINT('',(-4.75,-8.46824583655185,50.));
#8752=CARTESIAN_POINT('',(-6.625,-9.92061459137964,50.));
#8753=CARTESIAN_POINT('Origin',(-6.25,-8.46824583655185,50.));
#8754=CARTESIAN_POINT('Ctrl Pts',(-6.625,-9.92061459137964,50.));
#8755=CARTESIAN_POINT('Ctrl Pts',(-6.625,-9.92061459137964,48.7837038928799));
#8756=CARTESIAN_POINT('Ctrl Pts',(-6.49661402522258,-10.,47.5671046572331));
#8757=CARTESIAN_POINT('Ctrl Pts',(-6.25,-10.,46.3003378532628));
#8758=CARTESIAN_POINT('Ctrl Pts',(-4.75,-8.5,46.3003378532628));
#8759=CARTESIAN_POINT('Ctrl Pts',(-4.75,-8.5,47.5336225077297));
#8760=CARTESIAN_POINT('Ctrl Pts',(-4.75,-8.46824583655185,48.7667323192922));
#8761=CARTESIAN_POINT('Ctrl Pts',(-4.75,-8.46824583655185,50.));
#8762=CARTESIAN_POINT('Origin',(-6.25,-8.46824583655185,50.25));
#8763=CARTESIAN_POINT('',(-4.75000000000001,-8.46824583655185,110.));
#8764=CARTESIAN_POINT('',(-6.625,-9.92061459137964,110.));
#8765=CARTESIAN_POINT('Origin',(-6.25000000000001,-8.46824583655185,110.));
#8766=CARTESIAN_POINT('',(-6.625,-9.92061459137964,50.25));
#8767=CARTESIAN_POINT('',(-4.75,-8.46824583655185,50.25));
#8768=CARTESIAN_POINT('Ctrl Pts',(-4.75,-8.46824583655185,110.));
#8769=CARTESIAN_POINT('Ctrl Pts',(-4.75,-8.46824583655185,110.224715068016));
#8770=CARTESIAN_POINT('Ctrl Pts',(-4.71804320624001,-8.48070317027459,110.674067541541));
#8771=CARTESIAN_POINT('Ctrl Pts',(-4.62292021904443,-8.5,111.114273534705));
#8772=CARTESIAN_POINT('Ctrl Pts',(-4.56,-8.5,111.33));
#8773=CARTESIAN_POINT('Ctrl Pts',(-4.75,-8.72874249111428,110.));
#8774=CARTESIAN_POINT('Ctrl Pts',(-4.75,-8.72874249111428,110.221514092376));
#8775=CARTESIAN_POINT('Ctrl Pts',(-4.71919933062614,-8.73446193084128,110.66478535358));
#8776=CARTESIAN_POINT('Ctrl Pts',(-4.62433647947774,-8.73576779874779,111.109277203961));
#8777=CARTESIAN_POINT('Ctrl Pts',(-4.56,-8.72439947525641,111.33));
#8778=CARTESIAN_POINT('Ctrl Pts',(-4.88888679362633,-9.24845640958076,110.));
#8779=CARTESIAN_POINT('Ctrl Pts',(-4.88888679362633,-9.24845640958076,110.221745932768));
#8780=CARTESIAN_POINT('Ctrl Pts',(-4.85222699592825,-9.24088300603872,110.66595021776));
#8781=CARTESIAN_POINT('Ctrl Pts',(-4.73722367110598,-9.20652188587404,111.126314090727));
#8782=CARTESIAN_POINT('Ctrl Pts',(-4.65846207596784,-9.17253319749317,111.358718105491));
#8783=CARTESIAN_POINT('Ctrl Pts',(-5.55319152916825,-9.91978614830721,110.));
#8784=CARTESIAN_POINT('Ctrl Pts',(-5.55319152916825,-9.91978614830721,110.244967295919));
#8785=CARTESIAN_POINT('Ctrl Pts',(-5.48309854206161,-9.90720834923643,110.735742586777));
#8786=CARTESIAN_POINT('Ctrl Pts',(-5.27603172319234,-9.85366442545442,111.243514480368));
#8787=CARTESIAN_POINT('Ctrl Pts',(-5.1403424639666,-9.80318656504389,111.49926655199));
#8788=CARTESIAN_POINT('Ctrl Pts',(-6.24666279817638,-10.0183008368405,110.));
#8789=CARTESIAN_POINT('Ctrl Pts',(-6.24666279817638,-10.0183008368405,110.276544337942));
#8790=CARTESIAN_POINT('Ctrl Pts',(-6.14897243399277,-10.0293404811576,110.82994368417));
#8791=CARTESIAN_POINT('Ctrl Pts',(-5.86306714913015,-10.0271252536639,111.38240942233));
#8792=CARTESIAN_POINT('Ctrl Pts',(-5.67686475563076,-10.,111.655752220392));
#8793=CARTESIAN_POINT('Ctrl Pts',(-6.62500000000001,-9.92061459137963,110.));
#8794=CARTESIAN_POINT('Ctrl Pts',(-6.62500000000001,-9.92061459137963,110.295677721074));
#8795=CARTESIAN_POINT('Ctrl Pts',(-6.51987896789478,-9.95175792568648,110.886930975712));
#8796=CARTESIAN_POINT('Ctrl Pts',(-6.20697440475143,-10.,111.466149387769));
#8797=CARTESIAN_POINT('Ctrl Pts',(-6.,-10.,111.75));
#8798=CARTESIAN_POINT('Ctrl Pts',(-6.,-10.,111.75));
#8799=CARTESIAN_POINT('Ctrl Pts',(-6.20697440475143,-10.,111.466149387769));
#8800=CARTESIAN_POINT('Ctrl Pts',(-6.51987896789478,-9.95175792568648,110.886930975712));
#8801=CARTESIAN_POINT('Ctrl Pts',(-6.62500000000001,-9.92061459137963,110.295677721074));
#8802=CARTESIAN_POINT('Ctrl Pts',(-6.62500000000001,-9.92061459137963,110.));
#8803=CARTESIAN_POINT('Ctrl Pts',(-4.75,-8.46824583655185,110.));
#8804=CARTESIAN_POINT('Ctrl Pts',(-4.75,-8.46824583655185,110.224715068016));
#8805=CARTESIAN_POINT('Ctrl Pts',(-4.71804320624001,-8.48070317027459,110.674067541541));
#8806=CARTESIAN_POINT('Ctrl Pts',(-4.62292021904443,-8.5,111.114273534705));
#8807=CARTESIAN_POINT('Ctrl Pts',(-4.56,-8.5,111.33));
#8808=CARTESIAN_POINT('Origin',(-4.75000000000001,0.,110.));
#8809=CARTESIAN_POINT('',(-4.75,-6.5,37.5));
#8810=CARTESIAN_POINT('',(-4.75,0.,37.5));
#8811=CARTESIAN_POINT('',(-4.75000000000001,-6.5,110.));
#8812=CARTESIAN_POINT('',(-4.75,-6.5,91.875));
#8813=CARTESIAN_POINT('',(-4.75000000000001,0.,110.));
#8814=CARTESIAN_POINT('Origin',(0.,0.,37.5));
#8815=CARTESIAN_POINT('',(4.75,-6.5,37.5));
#8816=CARTESIAN_POINT('',(4.75,0.,37.5));
#8817=CARTESIAN_POINT('Origin',(0.,-6.5,37.5));
#8818=CARTESIAN_POINT('Origin',(6.,-7.5,87.75));
#8819=CARTESIAN_POINT('',(8.5,-7.5,50.));
#8820=CARTESIAN_POINT('Origin',(6.,-7.5,50.));
#8821=CARTESIAN_POINT('',(8.5,-7.5,125.));
#8822=CARTESIAN_POINT('',(8.5,-7.5,87.75));
#8823=CARTESIAN_POINT('',(6.,-10.,125.));
#8824=CARTESIAN_POINT('Origin',(6.,-7.5,125.));
#8825=CARTESIAN_POINT('',(6.,-10.,87.75));
#8826=CARTESIAN_POINT('Origin',(0.,-10.,50.5));
#8827=CARTESIAN_POINT('',(-26.1666666666667,-10.,23.4958074595316));
#8828=CARTESIAN_POINT('Origin',(-33.5,-10.,50.));
#8829=CARTESIAN_POINT('',(-33.5,-10.,13.8579192629976));
#8830=CARTESIAN_POINT('Origin',(-23.5,-10.,13.8579192629976));
#8831=CARTESIAN_POINT('',(-33.5,-10.,-20.));
#8832=CARTESIAN_POINT('',(-33.5,-10.,8.99999999999999));
#8833=CARTESIAN_POINT('',(-23.5,-10.,-30.));
#8834=CARTESIAN_POINT('Origin',(-23.5,-10.,-20.));
#8835=CARTESIAN_POINT('',(23.5,-10.,-30.));
#8836=CARTESIAN_POINT('',(18.,-10.,-30.));
#8837=CARTESIAN_POINT('',(33.5,-10.,-20.));
#8838=CARTESIAN_POINT('Origin',(23.5,-10.,-20.));
#8839=CARTESIAN_POINT('',(33.5,-10.,13.8579192629976));
#8840=CARTESIAN_POINT('',(33.5,-10.,37.75));
#8841=CARTESIAN_POINT('',(26.1666666666667,-10.,23.4958074595316));
#8842=CARTESIAN_POINT('Origin',(23.5,-10.,13.8579192629976));
#8843=CARTESIAN_POINT('Origin',(33.5,-10.,50.));
#8844=CARTESIAN_POINT('',(-22.5,-10.,4.44089209850063E-15));
#8845=CARTESIAN_POINT('Origin',(0.,-10.,0.));
#8846=CARTESIAN_POINT('Origin',(0.,-10.,50.5));
#8847=CARTESIAN_POINT('',(-6.,-10.,125.));
#8848=CARTESIAN_POINT('Origin',(0.,-10.,125.));
#8849=CARTESIAN_POINT('',(-6.,-10.,50.25));
#8850=CARTESIAN_POINT('',(-5.,-10.,125.));
#8851=CARTESIAN_POINT('Origin',(0.,-10.,125.));
#8852=CARTESIAN_POINT('Origin',(33.5,-7.5,50.));
#8853=CARTESIAN_POINT('',(26.8333333333333,-7.5,25.9052795086651));
#8854=CARTESIAN_POINT('Origin',(26.1666666666667,-7.5,23.4958074595316));
#8855=CARTESIAN_POINT('Origin',(33.5,-7.5,50.));
#8856=CARTESIAN_POINT('Origin',(3.25,-6.5,55.625));
#8857=CARTESIAN_POINT('',(4.75000000000001,-6.5,110.));
#8858=CARTESIAN_POINT('',(3.25000000000001,-5.,110.));
#8859=CARTESIAN_POINT('Origin',(3.25000000000001,-6.5,110.));
#8860=CARTESIAN_POINT('',(3.25,-5.,37.5));
#8861=CARTESIAN_POINT('',(3.25,-5.,55.625));
#8862=CARTESIAN_POINT('Origin',(3.25,-6.5,37.5));
#8863=CARTESIAN_POINT('',(4.75,-6.5,55.625));
#8864=CARTESIAN_POINT('Origin',(0.,-6.5,37.5));
#8865=CARTESIAN_POINT('',(-3.25,-5.,37.5));
#8866=CARTESIAN_POINT('Origin',(-3.25,-6.5,37.5));
#8867=CARTESIAN_POINT('Origin',(0.,-5.,37.5));
#8868=CARTESIAN_POINT('Origin',(-3.25,-6.5,91.875));
#8869=CARTESIAN_POINT('',(-3.25000000000001,-5.,110.));
#8870=CARTESIAN_POINT('Origin',(-3.25000000000001,-6.5,110.));
#8871=CARTESIAN_POINT('',(-3.25,-5.,91.875));
#8872=CARTESIAN_POINT('Origin',(0.,-6.5,110.));
#8873=CARTESIAN_POINT('Origin',(0.,-6.5,110.));
#8874=CARTESIAN_POINT('Origin',(0.,-5.,110.));
#8875=CARTESIAN_POINT('Origin',(0.,0.,110.));
#8876=CARTESIAN_POINT('',(4.75000000000001,0.,110.));
#8877=CARTESIAN_POINT('Origin',(4.75,0.,37.5));
#8878=CARTESIAN_POINT('Origin',(0.,-5.,73.75));
#8879=CARTESIAN_POINT('Origin',(-6.25,8.5,80.25));
#8880=CARTESIAN_POINT('',(-6.25,10.,46.3003378532628));
#8881=CARTESIAN_POINT('',(-4.75,8.5,46.3003378532628));
#8882=CARTESIAN_POINT('Origin',(-6.25,8.5,46.3003378532628));
#8883=CARTESIAN_POINT('',(-4.75,8.5,37.5));
#8884=CARTESIAN_POINT('',(-4.75,8.5,80.25));
#8885=CARTESIAN_POINT('',(-6.25,10.,37.5));
#8886=CARTESIAN_POINT('Origin',(-6.25,8.5,37.5));
#8887=CARTESIAN_POINT('',(-6.25,10.,80.25));
#8888=CARTESIAN_POINT('Origin',(6.25,8.5,44.));
#8889=CARTESIAN_POINT('',(4.75,8.5,46.3003378532628));
#8890=CARTESIAN_POINT('',(6.25,10.,46.3003378532628));
#8891=CARTESIAN_POINT('Origin',(6.25,8.5,46.3003378532628));
#8892=CARTESIAN_POINT('',(6.25,10.,37.5));
#8893=CARTESIAN_POINT('',(6.25,10.,44.));
#8894=CARTESIAN_POINT('',(4.75,8.5,37.5));
#8895=CARTESIAN_POINT('Origin',(6.25,8.5,37.5));
#8896=CARTESIAN_POINT('',(4.75,8.5,44.));
#8897=CARTESIAN_POINT('Origin',(0.,8.5,37.5));
#8898=CARTESIAN_POINT('Origin',(0.,10.,37.5));
#8899=CARTESIAN_POINT('Origin',(0.,8.5,37.5));
#8900=CARTESIAN_POINT('Ctrl Pts',(4.75,8.5,46.3003378532628));
#8901=CARTESIAN_POINT('Ctrl Pts',(4.75,8.5,47.5336225077297));
#8902=CARTESIAN_POINT('Ctrl Pts',(4.75,8.46824583655185,48.7667323192923));
#8903=CARTESIAN_POINT('Ctrl Pts',(4.75,8.46824583655185,50.));
#8904=CARTESIAN_POINT('Ctrl Pts',(4.75,8.72439947525642,46.3003378532628));
#8905=CARTESIAN_POINT('Ctrl Pts',(4.7499185741428,8.74791610433825,47.5386329823588));
#8906=CARTESIAN_POINT('Ctrl Pts',(4.75,8.72874249111428,48.7697777827709));
#8907=CARTESIAN_POINT('Ctrl Pts',(4.75,8.72874249111428,50.));
#8908=CARTESIAN_POINT('Ctrl Pts',(4.85254825101455,9.17255913531253,46.3003378532628));
#8909=CARTESIAN_POINT('Ctrl Pts',(4.87434727940648,9.24286848024252,47.5486422858809));
#8910=CARTESIAN_POINT('Ctrl Pts',(4.88886718943465,9.2485049285377,48.7758571417427));
#8911=CARTESIAN_POINT('Ctrl Pts',(4.88886718943465,9.2485049285377,50.));
#8912=CARTESIAN_POINT('Ctrl Pts',(5.35449990466612,9.80323782551421,46.3003378532628));
#8913=CARTESIAN_POINT('Ctrl Pts',(5.47582618219435,9.90765683866244,47.562711120663));
#8914=CARTESIAN_POINT('Ctrl Pts',(5.55316879070818,9.91988253075093,48.783693876582));
#8915=CARTESIAN_POINT('Ctrl Pts',(5.55316879070818,9.91988253075093,50.));
#8916=CARTESIAN_POINT('Ctrl Pts',(5.91340078711538,10.,46.3003378532628));
#8917=CARTESIAN_POINT('Ctrl Pts',(6.12485062707051,10.0561115743803,47.5671424188738));
#8918=CARTESIAN_POINT('Ctrl Pts',(6.24666279817637,10.0183008368405,48.7848825576506));
#8919=CARTESIAN_POINT('Ctrl Pts',(6.24666279817637,10.0183008368405,50.));
#8920=CARTESIAN_POINT('Ctrl Pts',(6.25000000000001,10.,46.3003378532628));
#8921=CARTESIAN_POINT('Ctrl Pts',(6.49661402522257,10.,47.5671046572334));
#8922=CARTESIAN_POINT('Ctrl Pts',(6.625,9.92061459137963,48.78370389288));
#8923=CARTESIAN_POINT('Ctrl Pts',(6.625,9.92061459137964,50.));
#8924=CARTESIAN_POINT('',(4.75,8.46824583655185,50.));
#8925=CARTESIAN_POINT('',(6.625,9.92061459137964,50.));
#8926=CARTESIAN_POINT('Origin',(6.25,8.46824583655185,50.));
#8927=CARTESIAN_POINT('Ctrl Pts',(6.625,9.92061459137964,50.));
#8928=CARTESIAN_POINT('Ctrl Pts',(6.625,9.92061459137963,48.78370389288));
#8929=CARTESIAN_POINT('Ctrl Pts',(6.49661402522257,10.,47.5671046572334));
#8930=CARTESIAN_POINT('Ctrl Pts',(6.25000000000001,10.,46.3003378532628));
#8931=CARTESIAN_POINT('Ctrl Pts',(4.75,8.5,46.3003378532628));
#8932=CARTESIAN_POINT('Ctrl Pts',(4.75,8.5,47.5336225077297));
#8933=CARTESIAN_POINT('Ctrl Pts',(4.75,8.46824583655185,48.7667323192923));
#8934=CARTESIAN_POINT('Ctrl Pts',(4.75,8.46824583655185,50.));
#8935=CARTESIAN_POINT('Origin',(6.25,8.46824583655185,87.75));
#8936=CARTESIAN_POINT('',(4.75000000000001,8.46824583655185,110.));
#8937=CARTESIAN_POINT('',(6.62500000000001,9.92061459137963,110.));
#8938=CARTESIAN_POINT('Origin',(6.25000000000001,8.46824583655185,110.));
#8939=CARTESIAN_POINT('',(6.62500000000001,9.92061459137963,87.75));
#8940=CARTESIAN_POINT('',(4.75,8.46824583655185,87.75));
#8941=CARTESIAN_POINT('Origin',(0.,8.5,110.));
#8942=CARTESIAN_POINT('',(6.,10.,111.75));
#8943=CARTESIAN_POINT('',(4.56,8.5,111.33));
#8944=CARTESIAN_POINT('Origin',(6.,8.5,111.75));
#8945=CARTESIAN_POINT('',(-4.56,8.5,111.33));
#8946=CARTESIAN_POINT('Origin',(0.,8.5,110.));
#8947=CARTESIAN_POINT('',(-6.,10.,111.75));
#8948=CARTESIAN_POINT('Origin',(-6.,8.5,111.75));
#8949=CARTESIAN_POINT('Origin',(0.,10.,110.));
#8950=CARTESIAN_POINT('Ctrl Pts',(4.75000000000001,8.46824583655185,110.));
#8951=CARTESIAN_POINT('Ctrl Pts',(4.75000000000001,8.46824583655185,110.224715068016));
#8952=CARTESIAN_POINT('Ctrl Pts',(4.71804320623998,8.4807031702746,110.674067541541));
#8953=CARTESIAN_POINT('Ctrl Pts',(4.62292021904444,8.5,111.114273534705));
#8954=CARTESIAN_POINT('Ctrl Pts',(4.55999999999999,8.5,111.33));
#8955=CARTESIAN_POINT('Ctrl Pts',(4.75000000000001,8.72874249111428,110.));
#8956=CARTESIAN_POINT('Ctrl Pts',(4.75000000000001,8.72874249111428,110.221514092376));
#8957=CARTESIAN_POINT('Ctrl Pts',(4.71919933062611,8.73446193084127,110.66478535358));
#8958=CARTESIAN_POINT('Ctrl Pts',(4.62433647947774,8.73576779874779,111.109277203961));
#8959=CARTESIAN_POINT('Ctrl Pts',(4.55999999999999,8.72439947525641,111.33));
#8960=CARTESIAN_POINT('Ctrl Pts',(4.88888679362633,9.24845640958076,110.));
#8961=CARTESIAN_POINT('Ctrl Pts',(4.88888679362633,9.24845640958076,110.221745932768));
#8962=CARTESIAN_POINT('Ctrl Pts',(4.85222699592822,9.2408830060387,110.66595021776));
#8963=CARTESIAN_POINT('Ctrl Pts',(4.73722367110598,9.20652188587404,111.126314090727));
#8964=CARTESIAN_POINT('Ctrl Pts',(4.65846207596783,9.17253319749317,111.358718105491));
#8965=CARTESIAN_POINT('Ctrl Pts',(5.55319152916825,9.9197861483072,110.));
#8966=CARTESIAN_POINT('Ctrl Pts',(5.55319152916825,9.9197861483072,110.244967295919));
#8967=CARTESIAN_POINT('Ctrl Pts',(5.48309854206155,9.90720834923641,110.735742586777));
#8968=CARTESIAN_POINT('Ctrl Pts',(5.27603172319235,9.85366442545443,111.243514480368));
#8969=CARTESIAN_POINT('Ctrl Pts',(5.14034246396659,9.80318656504389,111.49926655199));
#8970=CARTESIAN_POINT('Ctrl Pts',(6.24666279817638,10.0183008368405,110.));
#8971=CARTESIAN_POINT('Ctrl Pts',(6.24666279817638,10.0183008368405,110.276544337942));
#8972=CARTESIAN_POINT('Ctrl Pts',(6.14897243399269,10.0293404811576,110.829943684171));
#8973=CARTESIAN_POINT('Ctrl Pts',(5.86306714913015,10.0271252536639,111.38240942233));
#8974=CARTESIAN_POINT('Ctrl Pts',(5.67686475563075,9.99999999999999,111.655752220392));
#8975=CARTESIAN_POINT('Ctrl Pts',(6.62500000000001,9.92061459137963,110.));
#8976=CARTESIAN_POINT('Ctrl Pts',(6.62500000000001,9.92061459137963,110.295677721074));
#8977=CARTESIAN_POINT('Ctrl Pts',(6.51987896789469,9.95175792568648,110.886930975712));
#8978=CARTESIAN_POINT('Ctrl Pts',(6.20697440475143,10.,111.46614938777));
#8979=CARTESIAN_POINT('Ctrl Pts',(5.99999999999999,10.,111.75));
#8980=CARTESIAN_POINT('Ctrl Pts',(5.99999999999999,10.,111.75));
#8981=CARTESIAN_POINT('Ctrl Pts',(6.20697440475143,10.,111.46614938777));
#8982=CARTESIAN_POINT('Ctrl Pts',(6.51987896789469,9.95175792568648,110.886930975712));
#8983=CARTESIAN_POINT('Ctrl Pts',(6.62500000000001,9.92061459137963,110.295677721074));
#8984=CARTESIAN_POINT('Ctrl Pts',(6.62500000000001,9.92061459137963,110.));
#8985=CARTESIAN_POINT('Ctrl Pts',(4.75000000000001,8.46824583655185,110.));
#8986=CARTESIAN_POINT('Ctrl Pts',(4.75000000000001,8.46824583655185,110.224715068016));
#8987=CARTESIAN_POINT('Ctrl Pts',(4.71804320623998,8.4807031702746,110.674067541541));
#8988=CARTESIAN_POINT('Ctrl Pts',(4.62292021904444,8.5,111.114273534705));
#8989=CARTESIAN_POINT('Ctrl Pts',(4.55999999999999,8.5,111.33));
#8990=CARTESIAN_POINT('Ctrl Pts',(-4.56,8.5,111.33));
#8991=CARTESIAN_POINT('Ctrl Pts',(-4.62292041439025,8.5,111.114272864948));
#8992=CARTESIAN_POINT('Ctrl Pts',(-4.71803986356313,8.48070338237031,110.674079400825));
#8993=CARTESIAN_POINT('Ctrl Pts',(-4.75,8.46824583655185,110.224715475636));
#8994=CARTESIAN_POINT('Ctrl Pts',(-4.75,8.46824583655185,110.));
#8995=CARTESIAN_POINT('Ctrl Pts',(-4.56,8.72439947525641,111.33));
#8996=CARTESIAN_POINT('Ctrl Pts',(-4.62433667922056,8.73576783404256,111.109276518692));
#8997=CARTESIAN_POINT('Ctrl Pts',(-4.7191959367809,8.73446153400043,110.664797468215));
#8998=CARTESIAN_POINT('Ctrl Pts',(-4.75,8.72874249111428,110.22151449419));
#8999=CARTESIAN_POINT('Ctrl Pts',(-4.75,8.72874249111428,110.));
#9000=CARTESIAN_POINT('Ctrl Pts',(-4.65846207596784,9.17253319749317,111.358718105491));
#9001=CARTESIAN_POINT('Ctrl Pts',(-4.73722391563387,9.20652199139732,111.126313369192));
#9002=CARTESIAN_POINT('Ctrl Pts',(-4.85222284975247,9.24088139812084,110.665962953427));
#9003=CARTESIAN_POINT('Ctrl Pts',(-4.88888679362633,9.24845640958076,110.221746335002));
#9004=CARTESIAN_POINT('Ctrl Pts',(-4.88888679362633,9.24845640958076,110.));
#9005=CARTESIAN_POINT('Ctrl Pts',(-5.1403424639666,9.80318656504389,111.49926655199));
#9006=CARTESIAN_POINT('Ctrl Pts',(-5.27603214446123,9.85366458217096,111.243513686345));
#9007=CARTESIAN_POINT('Ctrl Pts',(-5.4830913127878,9.90720593292146,110.735756610225));
#9008=CARTESIAN_POINT('Ctrl Pts',(-5.55319152916825,9.91978614830721,110.244967740275));
#9009=CARTESIAN_POINT('Ctrl Pts',(-5.55319152916825,9.91978614830721,110.));
#9010=CARTESIAN_POINT('Ctrl Pts',(-5.67686475563077,10.,111.655752220392));
#9011=CARTESIAN_POINT('Ctrl Pts',(-5.86306772722509,10.0271253378786,111.382408573694));
#9012=CARTESIAN_POINT('Ctrl Pts',(-6.14896249509529,10.0293394625036,110.829958697409));
#9013=CARTESIAN_POINT('Ctrl Pts',(-6.24666279817638,10.0183008368405,110.276544839577));
#9014=CARTESIAN_POINT('Ctrl Pts',(-6.24666279817638,10.0183008368405,110.));
#9015=CARTESIAN_POINT('Ctrl Pts',(-6.,10.,111.75));
#9016=CARTESIAN_POINT('Ctrl Pts',(-6.20697504733637,10.,111.46614850651));
#9017=CARTESIAN_POINT('Ctrl Pts',(-6.51986797224716,9.95175845592577,110.886946580033));
#9018=CARTESIAN_POINT('Ctrl Pts',(-6.62500000000001,9.92061459137963,110.295678257415));
#9019=CARTESIAN_POINT('Ctrl Pts',(-6.62500000000001,9.92061459137963,110.));
#9020=CARTESIAN_POINT('',(-4.75,8.46824583655185,110.));
#9021=CARTESIAN_POINT('',(-6.62500000000001,9.92061459137963,110.));
#9022=CARTESIAN_POINT('Origin',(-6.25000000000001,8.46824583655185,110.));
#9023=CARTESIAN_POINT('Ctrl Pts',(-6.62500000000001,9.92061459137963,110.));
#9024=CARTESIAN_POINT('Ctrl Pts',(-6.62500000000001,9.92061459137963,110.295678257415));
#9025=CARTESIAN_POINT('Ctrl Pts',(-6.51986797224716,9.95175845592577,110.886946580033));
#9026=CARTESIAN_POINT('Ctrl Pts',(-6.20697504733637,10.,111.46614850651));
#9027=CARTESIAN_POINT('Ctrl Pts',(-6.,10.,111.75));
#9028=CARTESIAN_POINT('Ctrl Pts',(-4.56,8.5,111.33));
#9029=CARTESIAN_POINT('Ctrl Pts',(-4.62292041439025,8.5,111.114272864948));
#9030=CARTESIAN_POINT('Ctrl Pts',(-4.71803986356313,8.48070338237031,110.674079400825));
#9031=CARTESIAN_POINT('Ctrl Pts',(-4.75,8.46824583655185,110.224715475636));
#9032=CARTESIAN_POINT('Ctrl Pts',(-4.75,8.46824583655185,110.));
#9033=CARTESIAN_POINT('Origin',(-6.25,8.46824583655185,50.25));
#9034=CARTESIAN_POINT('',(-4.75,8.46824583655185,50.));
#9035=CARTESIAN_POINT('',(-6.625,9.92061459137964,50.));
#9036=CARTESIAN_POINT('Origin',(-6.25,8.46824583655185,50.));
#9037=CARTESIAN_POINT('',(-6.625,9.92061459137964,50.25));
#9038=CARTESIAN_POINT('',(-4.75,8.46824583655185,50.25));
#9039=CARTESIAN_POINT('Ctrl Pts',(-4.75,8.46824583655185,50.));
#9040=CARTESIAN_POINT('Ctrl Pts',(-4.75,8.46824583655185,48.7667228985381));
#9041=CARTESIAN_POINT('Ctrl Pts',(-4.75,8.5,47.5336149547246));
#9042=CARTESIAN_POINT('Ctrl Pts',(-4.75,8.5,46.3003378532628));
#9043=CARTESIAN_POINT('Ctrl Pts',(-4.75,8.72874249111428,50.));
#9044=CARTESIAN_POINT('Ctrl Pts',(-4.75,8.72874249111428,48.7697683852807));
#9045=CARTESIAN_POINT('Ctrl Pts',(-4.74991857464147,8.74791596031536,47.538625398668));
#9046=CARTESIAN_POINT('Ctrl Pts',(-4.75,8.72439947525641,46.3003378532628));
#9047=CARTESIAN_POINT('Ctrl Pts',(-4.88886718943465,9.2485049285377,50.));
#9048=CARTESIAN_POINT('Ctrl Pts',(-4.88886718943465,9.2485049285377,48.7758477906918));
#9049=CARTESIAN_POINT('Ctrl Pts',(-4.87434714590269,9.242868049647,47.5486346408901));
#9050=CARTESIAN_POINT('Ctrl Pts',(-4.85254825101455,9.17255913531252,46.3003378532628));
#9051=CARTESIAN_POINT('Ctrl Pts',(-5.55316879070818,9.91988253075093,50.));
#9052=CARTESIAN_POINT('Ctrl Pts',(-5.55316879070818,9.91988253075093,48.7836845853948));
#9053=CARTESIAN_POINT('Ctrl Pts',(-5.47582543915585,9.90765619916909,47.5627033895103));
#9054=CARTESIAN_POINT('Ctrl Pts',(-5.35449990466612,9.80323782551421,46.3003378532628));
#9055=CARTESIAN_POINT('Ctrl Pts',(-6.24666279817637,10.0183008368405,50.));
#9056=CARTESIAN_POINT('Ctrl Pts',(-6.24666279817637,10.0183008368405,48.7848732755435));
#9057=CARTESIAN_POINT('Ctrl Pts',(-6.12484933208829,10.0561112307362,47.5671346605825));
#9058=CARTESIAN_POINT('Ctrl Pts',(-5.91340078711538,10.,46.3003378532628));
#9059=CARTESIAN_POINT('Ctrl Pts',(-6.625,9.92061459137964,50.));
#9060=CARTESIAN_POINT('Ctrl Pts',(-6.625,9.92061459137964,48.7836946017693));
#9061=CARTESIAN_POINT('Ctrl Pts',(-6.49661251488433,10.,47.5670968991734));
#9062=CARTESIAN_POINT('Ctrl Pts',(-6.25,10.,46.3003378532628));
#9063=CARTESIAN_POINT('Ctrl Pts',(-6.25,10.,46.3003378532628));
#9064=CARTESIAN_POINT('Ctrl Pts',(-6.49661251488433,10.,47.5670968991734));
#9065=CARTESIAN_POINT('Ctrl Pts',(-6.625,9.92061459137964,48.7836946017693));
#9066=CARTESIAN_POINT('Ctrl Pts',(-6.625,9.92061459137964,50.));
#9067=CARTESIAN_POINT('Ctrl Pts',(-4.75,8.46824583655185,50.));
#9068=CARTESIAN_POINT('Ctrl Pts',(-4.75,8.46824583655185,48.7667228985381));
#9069=CARTESIAN_POINT('Ctrl Pts',(-4.75,8.5,47.5336149547246));
#9070=CARTESIAN_POINT('Ctrl Pts',(-4.75,8.5,46.3003378532628));
#9071=CARTESIAN_POINT('Origin',(33.5,7.5,50.));
#9072=CARTESIAN_POINT('',(8.5,7.5,50.));
#9073=CARTESIAN_POINT('Origin',(6.,7.5,50.));
#9074=CARTESIAN_POINT('',(26.8333333333333,7.5,25.9052795086651));
#9075=CARTESIAN_POINT('Origin',(33.5,7.5,50.));
#9076=CARTESIAN_POINT('',(26.1666666666667,10.,23.4958074595316));
#9077=CARTESIAN_POINT('Origin',(26.1666666666667,7.5,23.4958074595316));
#9078=CARTESIAN_POINT('Origin',(33.5,10.,50.));
#9079=CARTESIAN_POINT('Origin',(6.,7.5,87.75));
#9080=CARTESIAN_POINT('',(6.,10.,125.));
#9081=CARTESIAN_POINT('',(6.,10.,87.75));
#9082=CARTESIAN_POINT('',(8.5,7.5,125.));
#9083=CARTESIAN_POINT('Origin',(6.,7.5,125.));
#9084=CARTESIAN_POINT('',(8.5,7.5,87.75));
#9085=CARTESIAN_POINT('Origin',(0.,10.,50.5));
#9086=CARTESIAN_POINT('',(-6.,10.,125.));
#9087=CARTESIAN_POINT('',(-6.,10.,50.25));
#9088=CARTESIAN_POINT('Origin',(0.,10.,125.));
#9089=CARTESIAN_POINT('',(-5.,10.,125.));
#9090=CARTESIAN_POINT('Origin',(0.,10.,125.));
#9091=CARTESIAN_POINT('Origin',(-4.75000000000001,0.,110.));
#9092=CARTESIAN_POINT('',(-4.75000000000001,6.5,110.));
#9093=CARTESIAN_POINT('',(-4.75000000000001,0.,110.));
#9094=CARTESIAN_POINT('',(-4.75,6.5,37.5));
#9095=CARTESIAN_POINT('',(-4.75,6.5,91.875));
#9096=CARTESIAN_POINT('',(-4.75,0.,37.5));
#9097=CARTESIAN_POINT('Origin',(0.,0.,110.));
#9098=CARTESIAN_POINT('',(4.75000000000001,6.5,110.));
#9099=CARTESIAN_POINT('',(4.75000000000001,0.,110.));
#9100=CARTESIAN_POINT('Origin',(0.,6.5,110.));
#9101=CARTESIAN_POINT('Origin',(3.25,6.5,55.625));
#9102=CARTESIAN_POINT('',(4.75,6.5,37.5));
#9103=CARTESIAN_POINT('',(3.25,5.,37.5));
#9104=CARTESIAN_POINT('Origin',(3.25,6.5,37.5));
#9105=CARTESIAN_POINT('',(3.25000000000001,5.,110.));
#9106=CARTESIAN_POINT('',(3.25,5.,55.625));
#9107=CARTESIAN_POINT('Origin',(3.25000000000001,6.5,110.));
#9108=CARTESIAN_POINT('',(4.75,6.5,55.625));
#9109=CARTESIAN_POINT('Origin',(0.,6.5,110.));
#9110=CARTESIAN_POINT('',(-3.25000000000001,5.,110.));
#9111=CARTESIAN_POINT('Origin',(-3.25000000000001,6.5,110.));
#9112=CARTESIAN_POINT('Origin',(0.,5.,110.));
#9113=CARTESIAN_POINT('Origin',(-3.25,6.5,91.875));
#9114=CARTESIAN_POINT('',(-3.25,5.,37.5));
#9115=CARTESIAN_POINT('Origin',(-3.25,6.5,37.5));
#9116=CARTESIAN_POINT('',(-3.25,5.,91.875));
#9117=CARTESIAN_POINT('Origin',(0.,6.5,37.5));
#9118=CARTESIAN_POINT('Origin',(0.,6.5,37.5));
#9119=CARTESIAN_POINT('Origin',(0.,5.,37.5));
#9120=CARTESIAN_POINT('Origin',(0.,0.,37.5));
#9121=CARTESIAN_POINT('',(4.75,0.,37.5));
#9122=CARTESIAN_POINT('Origin',(4.75,0.,37.5));
#9123=CARTESIAN_POINT('Origin',(0.,5.,73.75));
#9124=CARTESIAN_POINT('Origin',(0.,-7.5,125.));
#9125=CARTESIAN_POINT('',(-8.5,-7.5,125.));
#9126=CARTESIAN_POINT('Origin',(0.,-7.5,125.));
#9127=CARTESIAN_POINT('Origin',(-6.,-7.5,125.));
#9128=CARTESIAN_POINT('Origin',(-6.,-7.5,50.25));
#9129=CARTESIAN_POINT('',(-8.5,-7.5,50.));
#9130=CARTESIAN_POINT('',(-8.5,-7.5,50.25));
#9131=CARTESIAN_POINT('Origin',(-6.,-7.5,50.));
#9132=CARTESIAN_POINT('Origin',(-33.5,-7.5,50.));
#9133=CARTESIAN_POINT('',(-26.8333333333333,-7.5,25.9052795086651));
#9134=CARTESIAN_POINT('Origin',(-33.5,-7.5,50.));
#9135=CARTESIAN_POINT('Origin',(-26.1666666666667,-7.5,23.4958074595316));
#9136=CARTESIAN_POINT('Origin',(-23.5,-7.5,13.8579192629976));
#9137=CARTESIAN_POINT('',(-36.,-7.5,13.8579192629976));
#9138=CARTESIAN_POINT('Origin',(-33.5,-7.5,13.8579192629976));
#9139=CARTESIAN_POINT('Origin',(-23.5,-7.5,13.8579192629976));
#9140=CARTESIAN_POINT('Origin',(-33.5,-7.5,8.99999999999999));
#9141=CARTESIAN_POINT('',(-36.,-7.5,-20.));
#9142=CARTESIAN_POINT('Origin',(-33.5,-7.5,-20.));
#9143=CARTESIAN_POINT('',(-36.,-7.5,8.99999999999999));
#9144=CARTESIAN_POINT('Origin',(-23.5,-7.5,-20.));
#9145=CARTESIAN_POINT('',(-23.5,-7.5,-32.5));
#9146=CARTESIAN_POINT('Origin',(-23.5,-7.5,-30.));
#9147=CARTESIAN_POINT('Origin',(-23.5,-7.5,-20.));
#9148=CARTESIAN_POINT('Origin',(18.,-7.5,-30.));
#9149=CARTESIAN_POINT('',(23.5,-7.5,-32.5));
#9150=CARTESIAN_POINT('Origin',(23.5,-7.5,-30.));
#9151=CARTESIAN_POINT('',(18.,-7.5,-32.5));
#9152=CARTESIAN_POINT('Origin',(23.5,-7.5,-20.));
#9153=CARTESIAN_POINT('',(36.,-7.5,-20.));
#9154=CARTESIAN_POINT('Origin',(33.5,-7.5,-20.));
#9155=CARTESIAN_POINT('Origin',(23.5,-7.5,-20.));
#9156=CARTESIAN_POINT('Origin',(33.5,-7.5,37.75));
#9157=CARTESIAN_POINT('',(36.,-7.5,13.8579192629976));
#9158=CARTESIAN_POINT('Origin',(33.5,-7.5,13.8579192629976));
#9159=CARTESIAN_POINT('',(36.,-7.5,37.75));
#9160=CARTESIAN_POINT('Origin',(23.5,-7.5,13.8579192629976));
#9161=CARTESIAN_POINT('Origin',(23.5,-7.5,13.8579192629976));
#9162=CARTESIAN_POINT('Origin',(-23.5,0.,-20.));
#9163=CARTESIAN_POINT('',(-36.,7.5,-20.));
#9164=CARTESIAN_POINT('',(-36.,0.,-20.));
#9165=CARTESIAN_POINT('',(-23.5,7.5,-32.5));
#9166=CARTESIAN_POINT('Origin',(-23.5,7.5,-20.));
#9167=CARTESIAN_POINT('',(-23.5,0.,-32.5));
#9168=CARTESIAN_POINT('Origin',(-36.,0.,-32.5));
#9169=CARTESIAN_POINT('',(-36.,7.5,13.8579192629976));
#9170=CARTESIAN_POINT('',(-36.,0.,13.8579192629976));
#9171=CARTESIAN_POINT('',(-36.,7.5,8.99999999999999));
#9172=CARTESIAN_POINT('Origin',(-23.5,0.,13.8579192629976));
#9173=CARTESIAN_POINT('',(-26.8333333333333,7.5,25.9052795086651));
#9174=CARTESIAN_POINT('',(-26.8333333333333,0.,25.9052795086651));
#9175=CARTESIAN_POINT('Origin',(-23.5,7.5,13.8579192629976));
#9176=CARTESIAN_POINT('Origin',(-33.5,0.,50.));
#9177=CARTESIAN_POINT('',(-8.5,7.5,50.));
#9178=CARTESIAN_POINT('',(-8.5,0.,50.));
#9179=CARTESIAN_POINT('Origin',(-33.5,7.5,50.));
#9180=CARTESIAN_POINT('Origin',(-8.5,0.,50.));
#9181=CARTESIAN_POINT('',(-8.5,7.5,125.));
#9182=CARTESIAN_POINT('',(-8.5,0.,125.));
#9183=CARTESIAN_POINT('',(-8.5,7.5,50.25));
#9184=CARTESIAN_POINT('Origin',(0.,0.,125.));
#9185=CARTESIAN_POINT('',(8.5,0.,125.));
#9186=CARTESIAN_POINT('Origin',(0.,7.5,125.));
#9187=CARTESIAN_POINT('Origin',(23.5,7.5,13.8579192629976));
#9188=CARTESIAN_POINT('',(36.,7.5,13.8579192629976));
#9189=CARTESIAN_POINT('',(33.5,10.,13.8579192629976));
#9190=CARTESIAN_POINT('Origin',(33.5,7.5,13.8579192629976));
#9191=CARTESIAN_POINT('Origin',(23.5,10.,13.8579192629976));
#9192=CARTESIAN_POINT('Origin',(23.5,7.5,13.8579192629976));
#9193=CARTESIAN_POINT('Origin',(0.,7.5,125.));
#9194=CARTESIAN_POINT('Origin',(-6.,7.5,125.));
#9195=CARTESIAN_POINT('Origin',(-6.,7.5,50.25));
#9196=CARTESIAN_POINT('Origin',(-6.,7.5,50.));
#9197=CARTESIAN_POINT('Origin',(-33.5,7.5,50.));
#9198=CARTESIAN_POINT('',(-26.1666666666667,10.,23.4958074595316));
#9199=CARTESIAN_POINT('Origin',(-33.5,10.,50.));
#9200=CARTESIAN_POINT('Origin',(-26.1666666666667,7.5,23.4958074595316));
#9201=CARTESIAN_POINT('Origin',(-23.5,7.5,13.8579192629976));
#9202=CARTESIAN_POINT('',(-33.5,10.,13.8579192629976));
#9203=CARTESIAN_POINT('Origin',(-33.5,7.5,13.8579192629976));
#9204=CARTESIAN_POINT('Origin',(-23.5,10.,13.8579192629976));
#9205=CARTESIAN_POINT('Origin',(-33.5,7.5,8.99999999999999));
#9206=CARTESIAN_POINT('',(-33.5,10.,-20.));
#9207=CARTESIAN_POINT('Origin',(-33.5,7.5,-20.));
#9208=CARTESIAN_POINT('',(-33.5,10.,8.99999999999999));
#9209=CARTESIAN_POINT('Origin',(-23.5,7.5,-20.));
#9210=CARTESIAN_POINT('',(-23.5,10.,-30.));
#9211=CARTESIAN_POINT('Origin',(-23.5,7.5,-30.));
#9212=CARTESIAN_POINT('Origin',(-23.5,10.,-20.));
#9213=CARTESIAN_POINT('Origin',(18.,7.5,-30.));
#9214=CARTESIAN_POINT('',(23.5,10.,-30.));
#9215=CARTESIAN_POINT('',(23.5,7.5,-32.5));
#9216=CARTESIAN_POINT('Origin',(23.5,7.5,-30.));
#9217=CARTESIAN_POINT('',(18.,7.5,-32.5));
#9218=CARTESIAN_POINT('',(18.,10.,-30.));
#9219=CARTESIAN_POINT('Origin',(23.5,7.5,-20.));
#9220=CARTESIAN_POINT('',(33.5,10.,-20.));
#9221=CARTESIAN_POINT('',(36.,7.5,-20.));
#9222=CARTESIAN_POINT('Origin',(33.5,7.5,-20.));
#9223=CARTESIAN_POINT('Origin',(23.5,7.5,-20.));
#9224=CARTESIAN_POINT('Origin',(23.5,10.,-20.));
#9225=CARTESIAN_POINT('Origin',(33.5,7.5,37.75));
#9226=CARTESIAN_POINT('',(33.5,10.,37.75));
#9227=CARTESIAN_POINT('',(36.,7.5,37.75));
#9228=CARTESIAN_POINT('Origin',(36.,0.,-32.5));
#9229=CARTESIAN_POINT('',(23.5,0.,-32.5));
#9230=CARTESIAN_POINT('Origin',(23.5,0.,-20.));
#9231=CARTESIAN_POINT('',(36.,0.,-20.));
#9232=CARTESIAN_POINT('Origin',(36.,0.,25.));
#9233=CARTESIAN_POINT('',(36.,0.,13.8579192629976));
#9234=CARTESIAN_POINT('Origin',(23.5,0.,13.8579192629976));
#9235=CARTESIAN_POINT('',(26.8333333333333,0.,25.9052795086651));
#9236=CARTESIAN_POINT('Origin',(0.,10.,50.5));
#9237=CARTESIAN_POINT('',(-22.5,10.,4.44089209850063E-15));
#9238=CARTESIAN_POINT('Origin',(0.,10.,0.));
#9239=CARTESIAN_POINT('Origin',(0.,0.,0.));
#9240=CARTESIAN_POINT('',(-22.5,0.,2.75545529808154E-15));
#9241=CARTESIAN_POINT('Origin',(0.,0.,125.));
#9242=CARTESIAN_POINT('',(-5.,0.,125.));
#9243=CARTESIAN_POINT('Origin',(33.5,0.,50.));
#9244=CARTESIAN_POINT('',(8.5,0.,50.));
#9245=CARTESIAN_POINT('Origin',(8.5,0.,125.));
#9246=CARTESIAN_POINT('',(-37.1372869888801,-351.75,11.7641306594317));
#9247=CARTESIAN_POINT('',(37.1372869888829,-241.75,117.235869340568));
#9248=CARTESIAN_POINT('',(37.1372869888829,-131.75,117.235869340568));
#9249=CARTESIAN_POINT('',(-37.1372869888801,-21.75,11.7641306594317));
#9250=CARTESIAN_POINT('',(0.,0.,0.));
#9251=CARTESIAN_POINT('',(0.,0.,0.));
#9252=CARTESIAN_POINT('Origin',(50.,88.5,175.));
#9253=CARTESIAN_POINT('',(50.,90.,171.5));
#9254=CARTESIAN_POINT('Origin',(50.,90.,175.));
#9255=CARTESIAN_POINT('',(50.,88.5,170.));
#9256=CARTESIAN_POINT('Origin',(50.,88.5,171.5));
#9257=CARTESIAN_POINT('',(45.,88.5,175.));
#9258=CARTESIAN_POINT('Origin',(50.,88.5,175.));
#9259=CARTESIAN_POINT('Origin',(50.,88.5,175.));
#9260=CARTESIAN_POINT('Origin',(50.,45.,175.));
#9261=CARTESIAN_POINT('',(45.,1.5,175.));
#9262=CARTESIAN_POINT('',(45.,45.,175.));
#9263=CARTESIAN_POINT('',(50.,1.5,180.));
#9264=CARTESIAN_POINT('Origin',(50.,1.5,175.));
#9265=CARTESIAN_POINT('Origin',(50.,1.5,175.));
#9266=CARTESIAN_POINT('Origin',(50.,90.,175.));
#9267=CARTESIAN_POINT('Origin',(50.,1.5,175.));
#9268=CARTESIAN_POINT('',(50.,-8.04911692853237E-16,178.5));
#9269=CARTESIAN_POINT('Origin',(50.,0.,175.));
#9270=CARTESIAN_POINT('Origin',(50.,1.5,178.5));
#9271=CARTESIAN_POINT('Origin',(50.,0.,175.));
#9272=CARTESIAN_POINT('',(-49.9999999999997,-66.7500000000002,-43.8800068322488));
#9273=CARTESIAN_POINT('',(-49.9999999999997,-176.75,61.5917318488868));
#9274=CARTESIAN_POINT('',(-50.0000000000002,-286.75,61.591731848887));
#9275=CARTESIAN_POINT('',(-49.9999999999998,-396.75,-43.8800068322482));
#9276=CARTESIAN_POINT('',(0.,0.,0.));
#9277=CARTESIAN_POINT('Origin',(0.,-435.,64.5));
#9278=CARTESIAN_POINT('',(-20.,-435.,64.5));
#9279=CARTESIAN_POINT('Origin',(0.,-435.,64.5));
#9280=CARTESIAN_POINT('Origin',(-7.89897185450043E-15,-110.,129.));
#9281=CARTESIAN_POINT('',(22.5,-95.,129.));
#9282=CARTESIAN_POINT('Origin',(-7.89897185450043E-15,-95.,129.));
#9283=CARTESIAN_POINT('',(22.5,-125.,129.));
#9284=CARTESIAN_POINT('',(22.5,-110.,129.));
#9285=CARTESIAN_POINT('Origin',(-7.89897185450043E-15,-125.,129.));
#9286=CARTESIAN_POINT('Origin',(0.,-146.5,64.5));
#9287=CARTESIAN_POINT('',(25.,-146.5,64.5));
#9288=CARTESIAN_POINT('',(6.12323399573677E-15,-146.5,39.5));
#9289=CARTESIAN_POINT('Origin',(0.,-146.5,64.5));
#9290=CARTESIAN_POINT('Origin',(0.,-146.5,64.5));
#9291=CARTESIAN_POINT('',(6.49062803548097E-15,-145.,38.));
#9292=CARTESIAN_POINT('Origin',(6.49062803548097E-15,-146.5,38.));
#9293=CARTESIAN_POINT('Origin',(0.,-145.,64.5));
#9294=CARTESIAN_POINT('Origin',(0.,-145.,64.5));
#9295=CARTESIAN_POINT('',(25.,-148.5,64.5));
#9296=CARTESIAN_POINT('',(0.,-148.5,89.5));
#9297=CARTESIAN_POINT('Origin',(0.,-148.5,64.5));
#9298=CARTESIAN_POINT('Origin',(0.,-148.5,64.5));
#9299=CARTESIAN_POINT('',(25.,-145.,64.5));
#9300=CARTESIAN_POINT('Origin',(-1.29537348041662E-14,-145.,97.75));
#9301=CARTESIAN_POINT('',(32.5,-145.,114.784271247462));
#9302=CARTESIAN_POINT('',(32.5,-145.,129.));
#9303=CARTESIAN_POINT('',(32.5,-145.,113.375));
#9304=CARTESIAN_POINT('',(-32.5,-145.,129.));
#9305=CARTESIAN_POINT('Origin',(-7.89897185450043E-15,-145.,129.));
#9306=CARTESIAN_POINT('',(-32.5,-145.,114.784271247462));
#9307=CARTESIAN_POINT('',(-32.5,-145.,92.125));
#9308=CARTESIAN_POINT('',(-42.8482587064677,-145.,91.0029685568099));
#9309=CARTESIAN_POINT('Origin',(-65.,-145.,114.784271247462));
#9310=CARTESIAN_POINT('',(-48.1467661691542,-145.,65.5682320992042));
#9311=CARTESIAN_POINT('Origin',(-27.5124378109453,-145.,74.5389897709738));
#9312=CARTESIAN_POINT('',(48.1467661691542,-145.,65.5682320992042));
#9313=CARTESIAN_POINT('Origin',(-2.69422295812418E-15,-145.,86.5));
#9314=CARTESIAN_POINT('',(42.8482587064676,-145.,91.0029685568099));
#9315=CARTESIAN_POINT('Origin',(27.5124378109453,-145.,74.5389897709738));
#9316=CARTESIAN_POINT('Origin',(65.,-145.,114.784271247462));
#9317=CARTESIAN_POINT('Origin',(0.,-148.5,64.5));
#9318=CARTESIAN_POINT('',(0.,-150.,88.));
#9319=CARTESIAN_POINT('Origin',(0.,-150.,64.5));
#9320=CARTESIAN_POINT('Origin',(0.,-148.5,88.));
#9321=CARTESIAN_POINT('Origin',(0.,-150.,64.5));
#9322=CARTESIAN_POINT('',(0.,-150.,86.));
#9323=CARTESIAN_POINT('Origin',(0.,-150.,64.5));
#9324=CARTESIAN_POINT('Origin',(0.,-151.5,64.5));
#9325=CARTESIAN_POINT('',(0.,-151.5,84.5));
#9326=CARTESIAN_POINT('Origin',(0.,-151.5,86.));
#9327=CARTESIAN_POINT('',(20.,-151.5,64.5));
#9328=CARTESIAN_POINT('Origin',(0.,-151.5,64.5));
#9329=CARTESIAN_POINT('Origin',(0.,-151.5,64.5));
#9330=CARTESIAN_POINT('Origin',(-65.,-127.5,114.784271247462));
#9331=CARTESIAN_POINT('',(-32.5,-125.,114.784271247462));
#9332=CARTESIAN_POINT('',(-35.,-127.5,114.784271247462));
#9333=CARTESIAN_POINT('Origin',(-32.5,-127.5,114.784271247462));
#9334=CARTESIAN_POINT('',(-42.8482587064677,-125.,91.0029685568098));
#9335=CARTESIAN_POINT('Origin',(-65.,-125.,114.784271247462));
#9336=CARTESIAN_POINT('',(-44.5522388059701,-127.5,92.8322995330139));
#9337=CARTESIAN_POINT('Origin',(-42.8482587064677,-127.5,91.0029685568098));
#9338=CARTESIAN_POINT('Origin',(-65.,-127.5,114.784271247462));
#9339=CARTESIAN_POINT('Origin',(-27.5124378109453,-127.5,74.5389897709738));
#9340=CARTESIAN_POINT('',(-50.4394693200663,-127.5,64.5714812467854));
#9341=CARTESIAN_POINT('',(-48.1467661691542,-125.,65.5682320992042));
#9342=CARTESIAN_POINT('Origin',(-48.1467661691542,-127.5,65.5682320992042));
#9343=CARTESIAN_POINT('Origin',(-27.5124378109453,-127.5,74.5389897709738));
#9344=CARTESIAN_POINT('Origin',(-27.5124378109453,-125.,74.5389897709738));
#9345=CARTESIAN_POINT('Origin',(-2.69422295812418E-15,-127.5,86.5));
#9346=CARTESIAN_POINT('',(50.4394693200663,-127.5,64.5714812467853));
#9347=CARTESIAN_POINT('',(48.1467661691542,-125.,65.5682320992042));
#9348=CARTESIAN_POINT('Origin',(48.1467661691542,-127.5,65.5682320992042));
#9349=CARTESIAN_POINT('Origin',(-2.69422295812418E-15,-127.5,86.5));
#9350=CARTESIAN_POINT('Origin',(-2.69422295812418E-15,-125.,86.5));
#9351=CARTESIAN_POINT('Origin',(27.5124378109453,-127.5,74.5389897709738));
#9352=CARTESIAN_POINT('',(44.5522388059701,-127.5,92.8322995330139));
#9353=CARTESIAN_POINT('',(42.8482587064677,-125.,91.0029685568098));
#9354=CARTESIAN_POINT('Origin',(42.8482587064677,-127.5,91.0029685568098));
#9355=CARTESIAN_POINT('Origin',(27.5124378109453,-127.5,74.5389897709738));
#9356=CARTESIAN_POINT('Origin',(27.5124378109453,-125.,74.5389897709738));
#9357=CARTESIAN_POINT('Origin',(65.,-127.5,114.784271247462));
#9358=CARTESIAN_POINT('',(35.,-127.5,114.784271247462));
#9359=CARTESIAN_POINT('',(32.5,-125.,114.784271247462));
#9360=CARTESIAN_POINT('Origin',(32.5,-127.5,114.784271247462));
#9361=CARTESIAN_POINT('Origin',(65.,-127.5,114.784271247462));
#9362=CARTESIAN_POINT('Origin',(65.,-125.,114.784271247462));
#9363=CARTESIAN_POINT('Origin',(32.5,-127.5,113.375));
#9364=CARTESIAN_POINT('',(35.,-127.5,129.));
#9365=CARTESIAN_POINT('',(32.5,-125.,129.));
#9366=CARTESIAN_POINT('Origin',(32.5,-127.5,129.));
#9367=CARTESIAN_POINT('',(35.,-127.5,113.375));
#9368=CARTESIAN_POINT('',(32.5,-125.,113.375));
#9369=CARTESIAN_POINT('Origin',(-7.89897185450043E-15,-127.5,129.));
#9370=CARTESIAN_POINT('',(-35.,-127.5,129.));
#9371=CARTESIAN_POINT('',(-32.5,-125.,129.));
#9372=CARTESIAN_POINT('Origin',(-32.5,-127.5,129.));
#9373=CARTESIAN_POINT('Origin',(-7.89897185450043E-15,-127.5,129.));
#9374=CARTESIAN_POINT('Origin',(-7.89897185450043E-15,-125.,129.));
#9375=CARTESIAN_POINT('Origin',(-32.5,-127.5,92.125));
#9376=CARTESIAN_POINT('',(-32.5,-125.,92.125));
#9377=CARTESIAN_POINT('',(-35.,-127.5,92.125));
#9378=CARTESIAN_POINT('Origin',(27.5124378109453,-125.,74.5389897709738));
#9379=CARTESIAN_POINT('',(44.5522388059701,-142.5,92.8322995330139));
#9380=CARTESIAN_POINT('',(44.5522388059701,-125.,92.8322995330139));
#9381=CARTESIAN_POINT('',(50.4394693200663,-142.5,64.5714812467853));
#9382=CARTESIAN_POINT('Origin',(27.5124378109453,-142.5,74.5389897709738));
#9383=CARTESIAN_POINT('',(50.4394693200663,-125.,64.5714812467853));
#9384=CARTESIAN_POINT('Origin',(-2.69422295812418E-15,-125.,86.5));
#9385=CARTESIAN_POINT('',(-50.4394693200663,-142.5,64.5714812467854));
#9386=CARTESIAN_POINT('Origin',(-2.69422295812418E-15,-142.5,86.5));
#9387=CARTESIAN_POINT('',(-50.4394693200663,-125.,64.5714812467854));
#9388=CARTESIAN_POINT('Origin',(-27.5124378109453,-125.,74.5389897709738));
#9389=CARTESIAN_POINT('',(-44.5522388059701,-142.5,92.8322995330139));
#9390=CARTESIAN_POINT('Origin',(-27.5124378109453,-142.5,74.5389897709738));
#9391=CARTESIAN_POINT('',(-44.5522388059701,-125.,92.8322995330139));
#9392=CARTESIAN_POINT('Origin',(-65.,-125.,114.784271247462));
#9393=CARTESIAN_POINT('',(-35.,-142.5,114.784271247462));
#9394=CARTESIAN_POINT('Origin',(-65.,-142.5,114.784271247462));
#9395=CARTESIAN_POINT('',(-35.,-125.,114.784271247462));
#9396=CARTESIAN_POINT('Origin',(-1.29537348041662E-14,-125.,97.75));
#9397=CARTESIAN_POINT('Origin',(32.5,-142.5,113.375));
#9398=CARTESIAN_POINT('',(35.,-142.5,129.));
#9399=CARTESIAN_POINT('Origin',(32.5,-142.5,129.));
#9400=CARTESIAN_POINT('',(35.,-142.5,114.784271247462));
#9401=CARTESIAN_POINT('Origin',(32.5,-142.5,114.784271247462));
#9402=CARTESIAN_POINT('',(35.,-142.5,113.375));
#9403=CARTESIAN_POINT('Origin',(65.,-142.5,114.784271247462));
#9404=CARTESIAN_POINT('Origin',(42.8482587064676,-142.5,91.0029685568099));
#9405=CARTESIAN_POINT('Origin',(65.,-142.5,114.784271247462));
#9406=CARTESIAN_POINT('Origin',(27.5124378109453,-142.5,74.5389897709738));
#9407=CARTESIAN_POINT('Origin',(48.1467661691542,-142.5,65.5682320992042));
#9408=CARTESIAN_POINT('Origin',(-2.69422295812418E-15,-142.5,86.5));
#9409=CARTESIAN_POINT('Origin',(-48.1467661691542,-142.5,65.5682320992042));
#9410=CARTESIAN_POINT('Origin',(-27.5124378109453,-142.5,74.5389897709738));
#9411=CARTESIAN_POINT('Origin',(-42.8482587064677,-142.5,91.0029685568099));
#9412=CARTESIAN_POINT('Origin',(-65.,-142.5,114.784271247462));
#9413=CARTESIAN_POINT('Origin',(-32.5,-142.5,114.784271247462));
#9414=CARTESIAN_POINT('Origin',(-32.5,-142.5,92.125));
#9415=CARTESIAN_POINT('',(-35.,-142.5,129.));
#9416=CARTESIAN_POINT('Origin',(-32.5,-142.5,129.));
#9417=CARTESIAN_POINT('',(-35.,-142.5,92.125));
#9418=CARTESIAN_POINT('Origin',(-7.89897185450043E-15,-142.5,129.));
#9419=CARTESIAN_POINT('Origin',(-7.89897185450043E-15,-142.5,129.));
#9420=CARTESIAN_POINT('Origin',(65.,-125.,114.784271247462));
#9421=CARTESIAN_POINT('',(35.,-125.,114.784271247462));
#9422=CARTESIAN_POINT('Origin',(35.,-125.,129.));
#9423=CARTESIAN_POINT('',(35.,-125.,129.));
#9424=CARTESIAN_POINT('Origin',(-35.,-125.,86.5));
#9425=CARTESIAN_POINT('',(-35.,-125.,129.));
#9426=CARTESIAN_POINT('Origin',(-7.89897185450043E-15,-125.,129.));
#9427=CARTESIAN_POINT('Origin',(0.,-73.5,64.5));
#9428=CARTESIAN_POINT('',(25.,-73.5,64.5));
#9429=CARTESIAN_POINT('',(6.12323399573677E-15,-73.5,39.5));
#9430=CARTESIAN_POINT('Origin',(0.,-73.5,64.5));
#9431=CARTESIAN_POINT('',(6.49062803548097E-15,-75.,38.));
#9432=CARTESIAN_POINT('Origin',(6.49062803548097E-15,-73.5,38.));
#9433=CARTESIAN_POINT('Origin',(0.,-75.,64.5));
#9434=CARTESIAN_POINT('Origin',(0.,-73.5,64.5));
#9435=CARTESIAN_POINT('Origin',(0.,-75.,64.5));
#9436=CARTESIAN_POINT('',(25.,-71.5,64.5));
#9437=CARTESIAN_POINT('',(0.,-71.5,89.5));
#9438=CARTESIAN_POINT('Origin',(0.,-71.5,64.5));
#9439=CARTESIAN_POINT('',(25.,-75.,64.5));
#9440=CARTESIAN_POINT('Origin',(0.,-71.5,64.5));
#9441=CARTESIAN_POINT('Origin',(-1.29537348041662E-14,-75.,97.75));
#9442=CARTESIAN_POINT('',(32.5,-75.,114.784271247462));
#9443=CARTESIAN_POINT('',(32.5,-75.,129.));
#9444=CARTESIAN_POINT('',(32.5,-75.,113.375));
#9445=CARTESIAN_POINT('',(42.8482587064676,-75.,91.0029685568099));
#9446=CARTESIAN_POINT('Origin',(65.,-75.,114.784271247462));
#9447=CARTESIAN_POINT('',(48.1467661691542,-75.,65.5682320992042));
#9448=CARTESIAN_POINT('Origin',(27.5124378109453,-75.,74.5389897709738));
#9449=CARTESIAN_POINT('',(-48.1467661691542,-75.,65.5682320992042));
#9450=CARTESIAN_POINT('Origin',(-2.69422295812418E-15,-75.,86.5));
#9451=CARTESIAN_POINT('',(-42.8482587064677,-75.,91.0029685568099));
#9452=CARTESIAN_POINT('Origin',(-27.5124378109453,-75.,74.5389897709738));
#9453=CARTESIAN_POINT('',(-32.5,-75.,114.784271247462));
#9454=CARTESIAN_POINT('Origin',(-65.,-75.,114.784271247462));
#9455=CARTESIAN_POINT('',(-32.5,-75.,129.));
#9456=CARTESIAN_POINT('',(-32.5,-75.,92.125));
#9457=CARTESIAN_POINT('Origin',(-7.89897185450043E-15,-75.,129.));
#9458=CARTESIAN_POINT('Origin',(0.,-71.5,64.5));
#9459=CARTESIAN_POINT('',(0.,-70.,88.));
#9460=CARTESIAN_POINT('Origin',(0.,-70.,64.5));
#9461=CARTESIAN_POINT('Origin',(0.,-71.5,88.));
#9462=CARTESIAN_POINT('Origin',(0.,-70.,64.5));
#9463=CARTESIAN_POINT('',(0.,-70.,86.));
#9464=CARTESIAN_POINT('Origin',(0.,-70.,64.5));
#9465=CARTESIAN_POINT('Origin',(0.,-68.5,64.5));
#9466=CARTESIAN_POINT('',(0.,-68.5,84.5));
#9467=CARTESIAN_POINT('Origin',(0.,-68.5,86.));
#9468=CARTESIAN_POINT('',(-20.,-68.5,64.5));
#9469=CARTESIAN_POINT('Origin',(0.,-68.5,64.5));
#9470=CARTESIAN_POINT('Origin',(0.,-68.5,64.5));
#9471=CARTESIAN_POINT('Origin',(-65.,-92.5,114.784271247462));
#9472=CARTESIAN_POINT('',(-32.5,-95.,114.784271247462));
#9473=CARTESIAN_POINT('',(-35.,-92.5,114.784271247462));
#9474=CARTESIAN_POINT('Origin',(-32.5,-92.5,114.784271247462));
#9475=CARTESIAN_POINT('',(-44.5522388059701,-92.5,92.8322995330139));
#9476=CARTESIAN_POINT('Origin',(-65.,-92.5,114.784271247462));
#9477=CARTESIAN_POINT('',(-42.8482587064677,-95.,91.0029685568098));
#9478=CARTESIAN_POINT('Origin',(-42.8482587064677,-92.5,91.0029685568098));
#9479=CARTESIAN_POINT('Origin',(-65.,-95.,114.784271247462));
#9480=CARTESIAN_POINT('Origin',(-27.5124378109453,-92.5,74.5389897709738));
#9481=CARTESIAN_POINT('',(-50.4394693200663,-92.5,64.5714812467854));
#9482=CARTESIAN_POINT('',(-48.1467661691542,-95.,65.5682320992042));
#9483=CARTESIAN_POINT('Origin',(-48.1467661691542,-92.5,65.5682320992042));
#9484=CARTESIAN_POINT('Origin',(-27.5124378109453,-95.,74.5389897709738));
#9485=CARTESIAN_POINT('Origin',(-27.5124378109453,-92.5,74.5389897709738));
#9486=CARTESIAN_POINT('Origin',(-2.69422295812418E-15,-92.5,86.5));
#9487=CARTESIAN_POINT('',(50.4394693200663,-92.5,64.5714812467853));
#9488=CARTESIAN_POINT('',(48.1467661691542,-95.,65.5682320992042));
#9489=CARTESIAN_POINT('Origin',(48.1467661691542,-92.5,65.5682320992042));
#9490=CARTESIAN_POINT('Origin',(-2.69422295812418E-15,-95.,86.5));
#9491=CARTESIAN_POINT('Origin',(-2.69422295812418E-15,-92.5,86.5));
#9492=CARTESIAN_POINT('Origin',(27.5124378109453,-92.5,74.5389897709738));
#9493=CARTESIAN_POINT('',(44.5522388059701,-92.5,92.8322995330139));
#9494=CARTESIAN_POINT('',(42.8482587064677,-95.,91.0029685568098));
#9495=CARTESIAN_POINT('Origin',(42.8482587064677,-92.5,91.0029685568098));
#9496=CARTESIAN_POINT('Origin',(27.5124378109453,-95.,74.5389897709738));
#9497=CARTESIAN_POINT('Origin',(27.5124378109453,-92.5,74.5389897709738));
#9498=CARTESIAN_POINT('Origin',(65.,-92.5,114.784271247462));
#9499=CARTESIAN_POINT('',(35.,-92.5,114.784271247462));
#9500=CARTESIAN_POINT('',(32.5,-95.,114.784271247462));
#9501=CARTESIAN_POINT('Origin',(32.5,-92.5,114.784271247462));
#9502=CARTESIAN_POINT('Origin',(65.,-95.,114.784271247462));
#9503=CARTESIAN_POINT('Origin',(65.,-92.5,114.784271247462));
#9504=CARTESIAN_POINT('Origin',(32.5,-92.5,113.375));
#9505=CARTESIAN_POINT('',(35.,-92.5,129.));
#9506=CARTESIAN_POINT('',(32.5,-95.,129.));
#9507=CARTESIAN_POINT('Origin',(32.5,-92.5,129.));
#9508=CARTESIAN_POINT('',(32.5,-95.,113.375));
#9509=CARTESIAN_POINT('',(35.,-92.5,113.375));
#9510=CARTESIAN_POINT('Origin',(-7.89897185450043E-15,-92.5,129.));
#9511=CARTESIAN_POINT('',(-35.,-92.5,129.));
#9512=CARTESIAN_POINT('',(-32.5,-95.,129.));
#9513=CARTESIAN_POINT('Origin',(-32.5,-92.5,129.));
#9514=CARTESIAN_POINT('Origin',(-7.89897185450043E-15,-95.,129.));
#9515=CARTESIAN_POINT('Origin',(-7.89897185450043E-15,-92.5,129.));
#9516=CARTESIAN_POINT('Origin',(-32.5,-92.5,92.125));
#9517=CARTESIAN_POINT('',(-35.,-92.5,92.125));
#9518=CARTESIAN_POINT('',(-32.5,-95.,92.125));
#9519=CARTESIAN_POINT('Origin',(27.5124378109453,-95.,74.5389897709738));
#9520=CARTESIAN_POINT('',(50.4394693200663,-77.5,64.5714812467853));
#9521=CARTESIAN_POINT('',(50.4394693200663,-95.,64.5714812467853));
#9522=CARTESIAN_POINT('',(44.5522388059701,-77.5,92.8322995330139));
#9523=CARTESIAN_POINT('Origin',(27.5124378109453,-77.5,74.5389897709738));
#9524=CARTESIAN_POINT('',(44.5522388059701,-95.,92.8322995330139));
#9525=CARTESIAN_POINT('Origin',(-2.69422295812418E-15,-95.,86.5));
#9526=CARTESIAN_POINT('',(-50.4394693200663,-77.5,64.5714812467854));
#9527=CARTESIAN_POINT('',(-50.4394693200663,-95.,64.5714812467854));
#9528=CARTESIAN_POINT('Origin',(-2.69422295812418E-15,-77.5,86.5));
#9529=CARTESIAN_POINT('Origin',(-27.5124378109453,-95.,74.5389897709738));
#9530=CARTESIAN_POINT('',(-44.5522388059701,-77.5,92.8322995330139));
#9531=CARTESIAN_POINT('',(-44.5522388059701,-95.,92.8322995330139));
#9532=CARTESIAN_POINT('Origin',(-27.5124378109453,-77.5,74.5389897709738));
#9533=CARTESIAN_POINT('Origin',(-65.,-95.,114.784271247462));
#9534=CARTESIAN_POINT('',(-35.,-77.5,114.784271247462));
#9535=CARTESIAN_POINT('',(-35.,-95.,114.784271247462));
#9536=CARTESIAN_POINT('Origin',(-65.,-77.5,114.784271247462));
#9537=CARTESIAN_POINT('Origin',(-1.29537348041662E-14,-95.,97.75));
#9538=CARTESIAN_POINT('Origin',(32.5,-77.5,113.375));
#9539=CARTESIAN_POINT('',(35.,-77.5,129.));
#9540=CARTESIAN_POINT('Origin',(32.5,-77.5,129.));
#9541=CARTESIAN_POINT('',(35.,-77.5,114.784271247462));
#9542=CARTESIAN_POINT('',(35.,-77.5,113.375));
#9543=CARTESIAN_POINT('Origin',(32.5,-77.5,114.784271247462));
#9544=CARTESIAN_POINT('Origin',(65.,-77.5,114.784271247462));
#9545=CARTESIAN_POINT('Origin',(42.8482587064676,-77.5,91.0029685568099));
#9546=CARTESIAN_POINT('Origin',(65.,-77.5,114.784271247462));
#9547=CARTESIAN_POINT('Origin',(27.5124378109453,-77.5,74.5389897709738));
#9548=CARTESIAN_POINT('Origin',(48.1467661691542,-77.5,65.5682320992042));
#9549=CARTESIAN_POINT('Origin',(-2.69422295812418E-15,-77.5,86.5));
#9550=CARTESIAN_POINT('Origin',(-48.1467661691542,-77.5,65.5682320992042));
#9551=CARTESIAN_POINT('Origin',(-27.5124378109453,-77.5,74.5389897709738));
#9552=CARTESIAN_POINT('Origin',(-42.8482587064677,-77.5,91.0029685568099));
#9553=CARTESIAN_POINT('Origin',(-65.,-77.5,114.784271247462));
#9554=CARTESIAN_POINT('Origin',(-32.5,-77.5,114.784271247462));
#9555=CARTESIAN_POINT('Origin',(-32.5,-77.5,92.125));
#9556=CARTESIAN_POINT('',(-35.,-77.5,129.));
#9557=CARTESIAN_POINT('Origin',(-32.5,-77.5,129.));
#9558=CARTESIAN_POINT('',(-35.,-77.5,92.125));
#9559=CARTESIAN_POINT('Origin',(-7.89897185450043E-15,-77.5,129.));
#9560=CARTESIAN_POINT('Origin',(-7.89897185450043E-15,-77.5,129.));
#9561=CARTESIAN_POINT('Origin',(65.,-95.,114.784271247462));
#9562=CARTESIAN_POINT('',(35.,-95.,114.784271247462));
#9563=CARTESIAN_POINT('Origin',(35.,-95.,129.));
#9564=CARTESIAN_POINT('',(35.,-95.,129.));
#9565=CARTESIAN_POINT('Origin',(-35.,-95.,86.5));
#9566=CARTESIAN_POINT('',(-35.,-95.,129.));
#9567=CARTESIAN_POINT('Origin',(-7.89897185450043E-15,-95.,129.));
#9568=CARTESIAN_POINT('Origin',(0.,-330.,0.));
#9569=CARTESIAN_POINT('',(-22.5,-315.,2.75545529808154E-15));
#9570=CARTESIAN_POINT('Origin',(0.,-315.,0.));
#9571=CARTESIAN_POINT('',(-22.5,-345.,2.75545529808154E-15));
#9572=CARTESIAN_POINT('',(-22.5,-330.,2.75545529808154E-15));
#9573=CARTESIAN_POINT('Origin',(0.,-345.,0.));
#9574=CARTESIAN_POINT('Origin',(0.,-366.5,64.5));
#9575=CARTESIAN_POINT('',(-25.,-366.5,64.5));
#9576=CARTESIAN_POINT('',(-3.06161699786838E-15,-366.5,89.5));
#9577=CARTESIAN_POINT('Origin',(0.,-366.5,64.5));
#9578=CARTESIAN_POINT('Origin',(0.,-366.5,64.5));
#9579=CARTESIAN_POINT('',(-3.24531401774049E-15,-365.,91.));
#9580=CARTESIAN_POINT('Origin',(-3.24531401774049E-15,-366.5,91.));
#9581=CARTESIAN_POINT('Origin',(0.,-365.,64.5));
#9582=CARTESIAN_POINT('Origin',(0.,-365.,64.5));
#9583=CARTESIAN_POINT('',(-25.,-368.5,64.5));
#9584=CARTESIAN_POINT('',(-3.06161699786838E-15,-368.5,39.5));
#9585=CARTESIAN_POINT('Origin',(0.,-368.5,64.5));
#9586=CARTESIAN_POINT('Origin',(0.,-368.5,64.5));
#9587=CARTESIAN_POINT('',(-25.,-365.,64.5));
#9588=CARTESIAN_POINT('Origin',(8.88178419700125E-15,-365.,31.25));
#9589=CARTESIAN_POINT('',(-32.5,-365.,14.2157287525381));
#9590=CARTESIAN_POINT('',(-32.5,-365.,0.));
#9591=CARTESIAN_POINT('',(-32.5,-365.,15.625));
#9592=CARTESIAN_POINT('',(32.5,-365.,0.));
#9593=CARTESIAN_POINT('Origin',(0.,-365.,0.));
#9594=CARTESIAN_POINT('',(32.5,-365.,14.2157287525381));
#9595=CARTESIAN_POINT('',(32.5,-365.,36.875));
#9596=CARTESIAN_POINT('',(42.8482587064677,-365.,37.9970314431901));
#9597=CARTESIAN_POINT('Origin',(65.,-365.,14.2157287525381));
#9598=CARTESIAN_POINT('',(48.1467661691542,-365.,63.4317679007958));
#9599=CARTESIAN_POINT('Origin',(27.5124378109453,-365.,54.4610102290262));
#9600=CARTESIAN_POINT('',(-48.1467661691542,-365.,63.4317679007958));
#9601=CARTESIAN_POINT('Origin',(0.,-365.,42.5));
#9602=CARTESIAN_POINT('',(-42.8482587064676,-365.,37.9970314431901));
#9603=CARTESIAN_POINT('Origin',(-27.5124378109453,-365.,54.4610102290262));
#9604=CARTESIAN_POINT('Origin',(-65.,-365.,14.2157287525381));
#9605=CARTESIAN_POINT('Origin',(0.,-368.5,64.5));
#9606=CARTESIAN_POINT('',(-2.87791997799628E-15,-370.,41.));
#9607=CARTESIAN_POINT('Origin',(0.,-370.,64.5));
#9608=CARTESIAN_POINT('Origin',(-2.87791997799628E-15,-368.5,41.));
#9609=CARTESIAN_POINT('Origin',(0.,-370.,64.5));
#9610=CARTESIAN_POINT('',(-2.63299061816681E-15,-370.,43.));
#9611=CARTESIAN_POINT('Origin',(0.,-370.,64.5));
#9612=CARTESIAN_POINT('Origin',(0.,-371.5,64.5));
#9613=CARTESIAN_POINT('',(-2.44929359829471E-15,-371.5,44.5));
#9614=CARTESIAN_POINT('Origin',(-2.63299061816681E-15,-371.5,43.));
#9615=CARTESIAN_POINT('',(-20.,-371.5,64.5));
#9616=CARTESIAN_POINT('Origin',(0.,-371.5,64.5));
#9617=CARTESIAN_POINT('Origin',(0.,-371.5,64.5));
#9618=CARTESIAN_POINT('Origin',(0.,-365.,64.5));
#9619=CARTESIAN_POINT('',(-20.,-365.,64.5));
#9620=CARTESIAN_POINT('Origin',(65.,-347.5,14.2157287525381));
#9621=CARTESIAN_POINT('',(32.5,-345.,14.2157287525381));
#9622=CARTESIAN_POINT('',(35.,-347.5,14.2157287525381));
#9623=CARTESIAN_POINT('Origin',(32.5,-347.5,14.2157287525381));
#9624=CARTESIAN_POINT('',(42.8482587064677,-345.,37.9970314431901));
#9625=CARTESIAN_POINT('Origin',(65.,-345.,14.2157287525381));
#9626=CARTESIAN_POINT('',(44.5522388059701,-347.5,36.1677004669861));
#9627=CARTESIAN_POINT('Origin',(42.8482587064677,-347.5,37.9970314431901));
#9628=CARTESIAN_POINT('Origin',(65.,-347.5,14.2157287525381));
#9629=CARTESIAN_POINT('Origin',(27.5124378109453,-347.5,54.4610102290262));
#9630=CARTESIAN_POINT('',(50.4394693200663,-347.5,64.4285187532146));
#9631=CARTESIAN_POINT('',(48.1467661691542,-345.,63.4317679007958));
#9632=CARTESIAN_POINT('Origin',(48.1467661691542,-347.5,63.4317679007958));
#9633=CARTESIAN_POINT('Origin',(27.5124378109453,-347.5,54.4610102290262));
#9634=CARTESIAN_POINT('Origin',(27.5124378109453,-345.,54.4610102290262));
#9635=CARTESIAN_POINT('Origin',(0.,-347.5,42.5));
#9636=CARTESIAN_POINT('',(-50.4394693200663,-347.5,64.4285187532146));
#9637=CARTESIAN_POINT('',(-48.1467661691542,-345.,63.4317679007958));
#9638=CARTESIAN_POINT('Origin',(-48.1467661691542,-347.5,63.4317679007958));
#9639=CARTESIAN_POINT('Origin',(0.,-347.5,42.5));
#9640=CARTESIAN_POINT('Origin',(0.,-345.,42.5));
#9641=CARTESIAN_POINT('Origin',(-27.5124378109453,-347.5,54.4610102290262));
#9642=CARTESIAN_POINT('',(-44.5522388059701,-347.5,36.1677004669861));
#9643=CARTESIAN_POINT('',(-42.8482587064677,-345.,37.9970314431901));
#9644=CARTESIAN_POINT('Origin',(-42.8482587064677,-347.5,37.9970314431901));
#9645=CARTESIAN_POINT('Origin',(-27.5124378109453,-347.5,54.4610102290262));
#9646=CARTESIAN_POINT('Origin',(-27.5124378109453,-345.,54.4610102290262));
#9647=CARTESIAN_POINT('Origin',(-65.,-347.5,14.2157287525381));
#9648=CARTESIAN_POINT('',(-35.,-347.5,14.2157287525381));
#9649=CARTESIAN_POINT('',(-32.5,-345.,14.2157287525381));
#9650=CARTESIAN_POINT('Origin',(-32.5,-347.5,14.2157287525381));
#9651=CARTESIAN_POINT('Origin',(-65.,-347.5,14.2157287525381));
#9652=CARTESIAN_POINT('Origin',(-65.,-345.,14.2157287525381));
#9653=CARTESIAN_POINT('Origin',(-32.5,-347.5,15.625));
#9654=CARTESIAN_POINT('',(-35.,-347.5,0.));
#9655=CARTESIAN_POINT('',(-32.5,-345.,0.));
#9656=CARTESIAN_POINT('Origin',(-32.5,-347.5,0.));
#9657=CARTESIAN_POINT('',(-35.,-347.5,15.625));
#9658=CARTESIAN_POINT('',(-32.5,-345.,15.625));
#9659=CARTESIAN_POINT('Origin',(0.,-347.5,0.));
#9660=CARTESIAN_POINT('',(35.,-347.5,0.));
#9661=CARTESIAN_POINT('',(32.5,-345.,0.));
#9662=CARTESIAN_POINT('Origin',(32.5,-347.5,0.));
#9663=CARTESIAN_POINT('Origin',(0.,-347.5,0.));
#9664=CARTESIAN_POINT('Origin',(0.,-345.,0.));
#9665=CARTESIAN_POINT('Origin',(32.5,-347.5,36.875));
#9666=CARTESIAN_POINT('',(32.5,-345.,36.875));
#9667=CARTESIAN_POINT('',(35.,-347.5,36.875));
#9668=CARTESIAN_POINT('Origin',(-27.5124378109453,-345.,54.4610102290262));
#9669=CARTESIAN_POINT('',(-44.5522388059701,-362.5,36.1677004669861));
#9670=CARTESIAN_POINT('',(-44.5522388059701,-345.,36.1677004669861));
#9671=CARTESIAN_POINT('',(-50.4394693200663,-362.5,64.4285187532146));
#9672=CARTESIAN_POINT('Origin',(-27.5124378109453,-362.5,54.4610102290262));
#9673=CARTESIAN_POINT('',(-50.4394693200663,-345.,64.4285187532146));
#9674=CARTESIAN_POINT('Origin',(0.,-345.,42.5));
#9675=CARTESIAN_POINT('',(50.4394693200663,-362.5,64.4285187532146));
#9676=CARTESIAN_POINT('Origin',(0.,-362.5,42.5));
#9677=CARTESIAN_POINT('',(50.4394693200663,-345.,64.4285187532146));
#9678=CARTESIAN_POINT('Origin',(27.5124378109453,-345.,54.4610102290262));
#9679=CARTESIAN_POINT('',(44.5522388059701,-362.5,36.1677004669861));
#9680=CARTESIAN_POINT('Origin',(27.5124378109453,-362.5,54.4610102290262));
#9681=CARTESIAN_POINT('',(44.5522388059701,-345.,36.1677004669861));
#9682=CARTESIAN_POINT('Origin',(65.,-345.,14.2157287525381));
#9683=CARTESIAN_POINT('',(35.,-362.5,14.2157287525381));
#9684=CARTESIAN_POINT('Origin',(65.,-362.5,14.2157287525381));
#9685=CARTESIAN_POINT('',(35.,-345.,14.2157287525381));
#9686=CARTESIAN_POINT('Origin',(8.88178419700125E-15,-345.,31.25));
#9687=CARTESIAN_POINT('Origin',(-32.5,-362.5,15.625));
#9688=CARTESIAN_POINT('',(-35.,-362.5,0.));
#9689=CARTESIAN_POINT('Origin',(-32.5,-362.5,0.));
#9690=CARTESIAN_POINT('',(-35.,-362.5,14.2157287525381));
#9691=CARTESIAN_POINT('Origin',(-32.5,-362.5,14.2157287525381));
#9692=CARTESIAN_POINT('',(-35.,-362.5,15.625));
#9693=CARTESIAN_POINT('Origin',(-65.,-362.5,14.2157287525381));
#9694=CARTESIAN_POINT('Origin',(-42.8482587064676,-362.5,37.9970314431901));
#9695=CARTESIAN_POINT('Origin',(-65.,-362.5,14.2157287525381));
#9696=CARTESIAN_POINT('Origin',(-27.5124378109453,-362.5,54.4610102290262));
#9697=CARTESIAN_POINT('Origin',(-48.1467661691542,-362.5,63.4317679007958));
#9698=CARTESIAN_POINT('Origin',(0.,-362.5,42.5));
#9699=CARTESIAN_POINT('Origin',(48.1467661691542,-362.5,63.4317679007958));
#9700=CARTESIAN_POINT('Origin',(27.5124378109453,-362.5,54.4610102290262));
#9701=CARTESIAN_POINT('Origin',(42.8482587064677,-362.5,37.9970314431901));
#9702=CARTESIAN_POINT('Origin',(65.,-362.5,14.2157287525381));
#9703=CARTESIAN_POINT('Origin',(32.5,-362.5,14.2157287525381));
#9704=CARTESIAN_POINT('Origin',(32.5,-362.5,36.875));
#9705=CARTESIAN_POINT('',(35.,-362.5,0.));
#9706=CARTESIAN_POINT('Origin',(32.5,-362.5,0.));
#9707=CARTESIAN_POINT('',(35.,-362.5,36.875));
#9708=CARTESIAN_POINT('Origin',(0.,-362.5,0.));
#9709=CARTESIAN_POINT('Origin',(0.,-362.5,0.));
#9710=CARTESIAN_POINT('Origin',(-65.,-345.,14.2157287525381));
#9711=CARTESIAN_POINT('',(-35.,-345.,14.2157287525381));
#9712=CARTESIAN_POINT('Origin',(-35.,-345.,0.));
#9713=CARTESIAN_POINT('',(-35.,-345.,0.));
#9714=CARTESIAN_POINT('Origin',(35.,-345.,42.5));
#9715=CARTESIAN_POINT('',(35.,-345.,0.));
#9716=CARTESIAN_POINT('Origin',(0.,-345.,0.));
#9717=CARTESIAN_POINT('Origin',(0.,-293.5,64.5));
#9718=CARTESIAN_POINT('',(-25.,-293.5,64.5));
#9719=CARTESIAN_POINT('',(-3.06161699786838E-15,-293.5,89.5));
#9720=CARTESIAN_POINT('Origin',(0.,-293.5,64.5));
#9721=CARTESIAN_POINT('',(-3.24531401774049E-15,-295.,91.));
#9722=CARTESIAN_POINT('Origin',(-3.24531401774049E-15,-293.5,91.));
#9723=CARTESIAN_POINT('Origin',(0.,-295.,64.5));
#9724=CARTESIAN_POINT('Origin',(0.,-293.5,64.5));
#9725=CARTESIAN_POINT('Origin',(0.,-295.,64.5));
#9726=CARTESIAN_POINT('',(-25.,-291.5,64.5));
#9727=CARTESIAN_POINT('',(-3.06161699786838E-15,-291.5,39.5));
#9728=CARTESIAN_POINT('Origin',(0.,-291.5,64.5));
#9729=CARTESIAN_POINT('',(-25.,-295.,64.5));
#9730=CARTESIAN_POINT('Origin',(0.,-291.5,64.5));
#9731=CARTESIAN_POINT('Origin',(8.88178419700125E-15,-295.,31.25));
#9732=CARTESIAN_POINT('',(-32.5,-295.,14.2157287525381));
#9733=CARTESIAN_POINT('',(-32.5,-295.,0.));
#9734=CARTESIAN_POINT('',(-32.5,-295.,15.625));
#9735=CARTESIAN_POINT('',(-42.8482587064676,-295.,37.9970314431901));
#9736=CARTESIAN_POINT('Origin',(-65.,-295.,14.2157287525381));
#9737=CARTESIAN_POINT('',(-48.1467661691542,-295.,63.4317679007958));
#9738=CARTESIAN_POINT('Origin',(-27.5124378109453,-295.,54.4610102290262));
#9739=CARTESIAN_POINT('',(48.1467661691542,-295.,63.4317679007958));
#9740=CARTESIAN_POINT('Origin',(0.,-295.,42.5));
#9741=CARTESIAN_POINT('',(42.8482587064677,-295.,37.9970314431901));
#9742=CARTESIAN_POINT('Origin',(27.5124378109453,-295.,54.4610102290262));
#9743=CARTESIAN_POINT('',(32.5,-295.,14.2157287525381));
#9744=CARTESIAN_POINT('Origin',(65.,-295.,14.2157287525381));
#9745=CARTESIAN_POINT('',(32.5,-295.,0.));
#9746=CARTESIAN_POINT('',(32.5,-295.,36.875));
#9747=CARTESIAN_POINT('Origin',(0.,-295.,0.));
#9748=CARTESIAN_POINT('Origin',(0.,-291.5,64.5));
#9749=CARTESIAN_POINT('',(-2.87791997799628E-15,-290.,41.));
#9750=CARTESIAN_POINT('Origin',(0.,-290.,64.5));
#9751=CARTESIAN_POINT('Origin',(-2.87791997799628E-15,-291.5,41.));
#9752=CARTESIAN_POINT('Origin',(0.,-290.,64.5));
#9753=CARTESIAN_POINT('',(-2.63299061816681E-15,-290.,43.));
#9754=CARTESIAN_POINT('Origin',(0.,-290.,64.5));
#9755=CARTESIAN_POINT('Origin',(0.,-288.5,64.5));
#9756=CARTESIAN_POINT('',(-2.44929359829471E-15,-288.5,44.5));
#9757=CARTESIAN_POINT('Origin',(-2.63299061816681E-15,-288.5,43.));
#9758=CARTESIAN_POINT('',(20.,-288.5,64.5));
#9759=CARTESIAN_POINT('Origin',(0.,-288.5,64.5));
#9760=CARTESIAN_POINT('Origin',(0.,-288.5,64.5));
#9761=CARTESIAN_POINT('Origin',(65.,-312.5,14.2157287525381));
#9762=CARTESIAN_POINT('',(32.5,-315.,14.2157287525381));
#9763=CARTESIAN_POINT('',(35.,-312.5,14.2157287525381));
#9764=CARTESIAN_POINT('Origin',(32.5,-312.5,14.2157287525381));
#9765=CARTESIAN_POINT('',(44.5522388059701,-312.5,36.1677004669861));
#9766=CARTESIAN_POINT('Origin',(65.,-312.5,14.2157287525381));
#9767=CARTESIAN_POINT('',(42.8482587064677,-315.,37.9970314431901));
#9768=CARTESIAN_POINT('Origin',(42.8482587064677,-312.5,37.9970314431901));
#9769=CARTESIAN_POINT('Origin',(65.,-315.,14.2157287525381));
#9770=CARTESIAN_POINT('Origin',(27.5124378109453,-312.5,54.4610102290262));
#9771=CARTESIAN_POINT('',(50.4394693200663,-312.5,64.4285187532146));
#9772=CARTESIAN_POINT('',(48.1467661691542,-315.,63.4317679007958));
#9773=CARTESIAN_POINT('Origin',(48.1467661691542,-312.5,63.4317679007958));
#9774=CARTESIAN_POINT('Origin',(27.5124378109453,-315.,54.4610102290262));
#9775=CARTESIAN_POINT('Origin',(27.5124378109453,-312.5,54.4610102290262));
#9776=CARTESIAN_POINT('Origin',(0.,-312.5,42.5));
#9777=CARTESIAN_POINT('',(-50.4394693200663,-312.5,64.4285187532146));
#9778=CARTESIAN_POINT('',(-48.1467661691542,-315.,63.4317679007958));
#9779=CARTESIAN_POINT('Origin',(-48.1467661691542,-312.5,63.4317679007958));
#9780=CARTESIAN_POINT('Origin',(0.,-315.,42.5));
#9781=CARTESIAN_POINT('Origin',(0.,-312.5,42.5));
#9782=CARTESIAN_POINT('Origin',(-27.5124378109453,-312.5,54.4610102290262));
#9783=CARTESIAN_POINT('',(-44.5522388059701,-312.5,36.1677004669861));
#9784=CARTESIAN_POINT('',(-42.8482587064677,-315.,37.9970314431901));
#9785=CARTESIAN_POINT('Origin',(-42.8482587064677,-312.5,37.9970314431901));
#9786=CARTESIAN_POINT('Origin',(-27.5124378109453,-315.,54.4610102290262));
#9787=CARTESIAN_POINT('Origin',(-27.5124378109453,-312.5,54.4610102290262));
#9788=CARTESIAN_POINT('Origin',(-65.,-312.5,14.2157287525381));
#9789=CARTESIAN_POINT('',(-35.,-312.5,14.2157287525381));
#9790=CARTESIAN_POINT('',(-32.5,-315.,14.2157287525381));
#9791=CARTESIAN_POINT('Origin',(-32.5,-312.5,14.2157287525381));
#9792=CARTESIAN_POINT('Origin',(-65.,-315.,14.2157287525381));
#9793=CARTESIAN_POINT('Origin',(-65.,-312.5,14.2157287525381));
#9794=CARTESIAN_POINT('Origin',(-32.5,-312.5,15.625));
#9795=CARTESIAN_POINT('',(-35.,-312.5,0.));
#9796=CARTESIAN_POINT('',(-32.5,-315.,0.));
#9797=CARTESIAN_POINT('Origin',(-32.5,-312.5,0.));
#9798=CARTESIAN_POINT('',(-32.5,-315.,15.625));
#9799=CARTESIAN_POINT('',(-35.,-312.5,15.625));
#9800=CARTESIAN_POINT('Origin',(0.,-312.5,0.));
#9801=CARTESIAN_POINT('',(35.,-312.5,0.));
#9802=CARTESIAN_POINT('',(32.5,-315.,0.));
#9803=CARTESIAN_POINT('Origin',(32.5,-312.5,0.));
#9804=CARTESIAN_POINT('Origin',(0.,-315.,0.));
#9805=CARTESIAN_POINT('Origin',(0.,-312.5,0.));
#9806=CARTESIAN_POINT('Origin',(32.5,-312.5,36.875));
#9807=CARTESIAN_POINT('',(35.,-312.5,36.875));
#9808=CARTESIAN_POINT('',(32.5,-315.,36.875));
#9809=CARTESIAN_POINT('Origin',(-27.5124378109453,-315.,54.4610102290262));
#9810=CARTESIAN_POINT('',(-50.4394693200663,-297.5,64.4285187532146));
#9811=CARTESIAN_POINT('',(-50.4394693200663,-315.,64.4285187532146));
#9812=CARTESIAN_POINT('',(-44.5522388059701,-297.5,36.1677004669861));
#9813=CARTESIAN_POINT('Origin',(-27.5124378109453,-297.5,54.4610102290262));
#9814=CARTESIAN_POINT('',(-44.5522388059701,-315.,36.1677004669861));
#9815=CARTESIAN_POINT('Origin',(0.,-315.,42.5));
#9816=CARTESIAN_POINT('',(50.4394693200663,-297.5,64.4285187532146));
#9817=CARTESIAN_POINT('',(50.4394693200663,-315.,64.4285187532146));
#9818=CARTESIAN_POINT('Origin',(0.,-297.5,42.5));
#9819=CARTESIAN_POINT('Origin',(27.5124378109453,-315.,54.4610102290262));
#9820=CARTESIAN_POINT('',(44.5522388059701,-297.5,36.1677004669861));
#9821=CARTESIAN_POINT('',(44.5522388059701,-315.,36.1677004669861));
#9822=CARTESIAN_POINT('Origin',(27.5124378109453,-297.5,54.4610102290262));
#9823=CARTESIAN_POINT('Origin',(65.,-315.,14.2157287525381));
#9824=CARTESIAN_POINT('',(35.,-297.5,14.2157287525381));
#9825=CARTESIAN_POINT('',(35.,-315.,14.2157287525381));
#9826=CARTESIAN_POINT('Origin',(65.,-297.5,14.2157287525381));
#9827=CARTESIAN_POINT('Origin',(8.88178419700125E-15,-315.,31.25));
#9828=CARTESIAN_POINT('Origin',(-32.5,-297.5,15.625));
#9829=CARTESIAN_POINT('',(-35.,-297.5,0.));
#9830=CARTESIAN_POINT('Origin',(-32.5,-297.5,0.));
#9831=CARTESIAN_POINT('',(-35.,-297.5,14.2157287525381));
#9832=CARTESIAN_POINT('',(-35.,-297.5,15.625));
#9833=CARTESIAN_POINT('Origin',(-32.5,-297.5,14.2157287525381));
#9834=CARTESIAN_POINT('Origin',(-65.,-297.5,14.2157287525381));
#9835=CARTESIAN_POINT('Origin',(-42.8482587064676,-297.5,37.9970314431901));
#9836=CARTESIAN_POINT('Origin',(-65.,-297.5,14.2157287525381));
#9837=CARTESIAN_POINT('Origin',(-27.5124378109453,-297.5,54.4610102290262));
#9838=CARTESIAN_POINT('Origin',(-48.1467661691542,-297.5,63.4317679007958));
#9839=CARTESIAN_POINT('Origin',(0.,-297.5,42.5));
#9840=CARTESIAN_POINT('Origin',(48.1467661691542,-297.5,63.4317679007958));
#9841=CARTESIAN_POINT('Origin',(27.5124378109453,-297.5,54.4610102290262));
#9842=CARTESIAN_POINT('Origin',(42.8482587064677,-297.5,37.9970314431901));
#9843=CARTESIAN_POINT('Origin',(65.,-297.5,14.2157287525381));
#9844=CARTESIAN_POINT('Origin',(32.5,-297.5,14.2157287525381));
#9845=CARTESIAN_POINT('Origin',(32.5,-297.5,36.875));
#9846=CARTESIAN_POINT('',(35.,-297.5,0.));
#9847=CARTESIAN_POINT('Origin',(32.5,-297.5,0.));
#9848=CARTESIAN_POINT('',(35.,-297.5,36.875));
#9849=CARTESIAN_POINT('Origin',(0.,-297.5,0.));
#9850=CARTESIAN_POINT('Origin',(0.,-297.5,0.));
#9851=CARTESIAN_POINT('Origin',(-65.,-315.,14.2157287525381));
#9852=CARTESIAN_POINT('',(-35.,-315.,14.2157287525381));
#9853=CARTESIAN_POINT('Origin',(-35.,-315.,0.));
#9854=CARTESIAN_POINT('',(-35.,-315.,0.));
#9855=CARTESIAN_POINT('Origin',(35.,-315.,42.5));
#9856=CARTESIAN_POINT('',(35.,-315.,0.));
#9857=CARTESIAN_POINT('Origin',(0.,-315.,0.));
#9858=CARTESIAN_POINT('Origin',(-7.89897185450043E-15,-220.,129.));
#9859=CARTESIAN_POINT('',(22.5,-205.,129.));
#9860=CARTESIAN_POINT('Origin',(-7.89897185450043E-15,-205.,129.));
#9861=CARTESIAN_POINT('',(22.5,-235.,129.));
#9862=CARTESIAN_POINT('',(22.5,-220.,129.));
#9863=CARTESIAN_POINT('Origin',(-7.89897185450043E-15,-235.,129.));
#9864=CARTESIAN_POINT('Origin',(0.,-256.5,64.5));
#9865=CARTESIAN_POINT('',(25.,-256.5,64.5));
#9866=CARTESIAN_POINT('',(6.12323399573677E-15,-256.5,39.5));
#9867=CARTESIAN_POINT('Origin',(0.,-256.5,64.5));
#9868=CARTESIAN_POINT('Origin',(0.,-256.5,64.5));
#9869=CARTESIAN_POINT('',(6.49062803548097E-15,-255.,38.));
#9870=CARTESIAN_POINT('Origin',(6.49062803548097E-15,-256.5,38.));
#9871=CARTESIAN_POINT('Origin',(0.,-255.,64.5));
#9872=CARTESIAN_POINT('Origin',(0.,-255.,64.5));
#9873=CARTESIAN_POINT('',(25.,-258.5,64.5));
#9874=CARTESIAN_POINT('',(0.,-258.5,89.5));
#9875=CARTESIAN_POINT('Origin',(0.,-258.5,64.5));
#9876=CARTESIAN_POINT('Origin',(0.,-258.5,64.5));
#9877=CARTESIAN_POINT('',(25.,-255.,64.5));
#9878=CARTESIAN_POINT('Origin',(-1.29537348041662E-14,-255.,97.75));
#9879=CARTESIAN_POINT('',(32.5,-255.,114.784271247462));
#9880=CARTESIAN_POINT('',(32.5,-255.,129.));
#9881=CARTESIAN_POINT('',(32.5,-255.,113.375));
#9882=CARTESIAN_POINT('',(-32.5,-255.,129.));
#9883=CARTESIAN_POINT('Origin',(-7.89897185450043E-15,-255.,129.));
#9884=CARTESIAN_POINT('',(-32.5,-255.,114.784271247462));
#9885=CARTESIAN_POINT('',(-32.5,-255.,92.125));
#9886=CARTESIAN_POINT('',(-42.8482587064677,-255.,91.0029685568099));
#9887=CARTESIAN_POINT('Origin',(-65.,-255.,114.784271247462));
#9888=CARTESIAN_POINT('',(-48.1467661691542,-255.,65.5682320992042));
#9889=CARTESIAN_POINT('Origin',(-27.5124378109453,-255.,74.5389897709738));
#9890=CARTESIAN_POINT('',(48.1467661691542,-255.,65.5682320992042));
#9891=CARTESIAN_POINT('Origin',(-2.69422295812418E-15,-255.,86.5));
#9892=CARTESIAN_POINT('',(42.8482587064676,-255.,91.0029685568099));
#9893=CARTESIAN_POINT('Origin',(27.5124378109453,-255.,74.5389897709738));
#9894=CARTESIAN_POINT('Origin',(65.,-255.,114.784271247462));
#9895=CARTESIAN_POINT('Origin',(0.,-258.5,64.5));
#9896=CARTESIAN_POINT('',(0.,-260.,88.));
#9897=CARTESIAN_POINT('Origin',(0.,-260.,64.5));
#9898=CARTESIAN_POINT('Origin',(0.,-258.5,88.));
#9899=CARTESIAN_POINT('Origin',(0.,-260.,64.5));
#9900=CARTESIAN_POINT('',(0.,-260.,86.));
#9901=CARTESIAN_POINT('Origin',(0.,-260.,64.5));
#9902=CARTESIAN_POINT('Origin',(0.,-261.5,64.5));
#9903=CARTESIAN_POINT('',(0.,-261.5,84.5));
#9904=CARTESIAN_POINT('Origin',(0.,-261.5,86.));
#9905=CARTESIAN_POINT('',(20.,-261.5,64.5));
#9906=CARTESIAN_POINT('Origin',(0.,-261.5,64.5));
#9907=CARTESIAN_POINT('Origin',(0.,-261.5,64.5));
#9908=CARTESIAN_POINT('Origin',(0.,-255.,64.5));
#9909=CARTESIAN_POINT('',(20.,-255.,64.5));
#9910=CARTESIAN_POINT('Origin',(-65.,-237.5,114.784271247462));
#9911=CARTESIAN_POINT('',(-32.5,-235.,114.784271247462));
#9912=CARTESIAN_POINT('',(-35.,-237.5,114.784271247462));
#9913=CARTESIAN_POINT('Origin',(-32.5,-237.5,114.784271247462));
#9914=CARTESIAN_POINT('',(-42.8482587064677,-235.,91.0029685568098));
#9915=CARTESIAN_POINT('Origin',(-65.,-235.,114.784271247462));
#9916=CARTESIAN_POINT('',(-44.5522388059701,-237.5,92.8322995330139));
#9917=CARTESIAN_POINT('Origin',(-42.8482587064677,-237.5,91.0029685568098));
#9918=CARTESIAN_POINT('Origin',(-65.,-237.5,114.784271247462));
#9919=CARTESIAN_POINT('Origin',(-27.5124378109453,-237.5,74.5389897709738));
#9920=CARTESIAN_POINT('',(-50.4394693200663,-237.5,64.5714812467854));
#9921=CARTESIAN_POINT('',(-48.1467661691542,-235.,65.5682320992042));
#9922=CARTESIAN_POINT('Origin',(-48.1467661691542,-237.5,65.5682320992042));
#9923=CARTESIAN_POINT('Origin',(-27.5124378109453,-237.5,74.5389897709738));
#9924=CARTESIAN_POINT('Origin',(-27.5124378109453,-235.,74.5389897709738));
#9925=CARTESIAN_POINT('Origin',(-2.69422295812418E-15,-237.5,86.5));
#9926=CARTESIAN_POINT('',(50.4394693200663,-237.5,64.5714812467853));
#9927=CARTESIAN_POINT('',(48.1467661691542,-235.,65.5682320992042));
#9928=CARTESIAN_POINT('Origin',(48.1467661691542,-237.5,65.5682320992042));
#9929=CARTESIAN_POINT('Origin',(-2.69422295812418E-15,-237.5,86.5));
#9930=CARTESIAN_POINT('Origin',(-2.69422295812418E-15,-235.,86.5));
#9931=CARTESIAN_POINT('Origin',(27.5124378109453,-237.5,74.5389897709738));
#9932=CARTESIAN_POINT('',(44.5522388059701,-237.5,92.8322995330139));
#9933=CARTESIAN_POINT('',(42.8482587064677,-235.,91.0029685568098));
#9934=CARTESIAN_POINT('Origin',(42.8482587064677,-237.5,91.0029685568098));
#9935=CARTESIAN_POINT('Origin',(27.5124378109453,-237.5,74.5389897709738));
#9936=CARTESIAN_POINT('Origin',(27.5124378109453,-235.,74.5389897709738));
#9937=CARTESIAN_POINT('Origin',(65.,-237.5,114.784271247462));
#9938=CARTESIAN_POINT('',(35.,-237.5,114.784271247462));
#9939=CARTESIAN_POINT('',(32.5,-235.,114.784271247462));
#9940=CARTESIAN_POINT('Origin',(32.5,-237.5,114.784271247462));
#9941=CARTESIAN_POINT('Origin',(65.,-237.5,114.784271247462));
#9942=CARTESIAN_POINT('Origin',(65.,-235.,114.784271247462));
#9943=CARTESIAN_POINT('Origin',(32.5,-237.5,113.375));
#9944=CARTESIAN_POINT('',(35.,-237.5,129.));
#9945=CARTESIAN_POINT('',(32.5,-235.,129.));
#9946=CARTESIAN_POINT('Origin',(32.5,-237.5,129.));
#9947=CARTESIAN_POINT('',(35.,-237.5,113.375));
#9948=CARTESIAN_POINT('',(32.5,-235.,113.375));
#9949=CARTESIAN_POINT('Origin',(-7.89897185450043E-15,-237.5,129.));
#9950=CARTESIAN_POINT('',(-35.,-237.5,129.));
#9951=CARTESIAN_POINT('',(-32.5,-235.,129.));
#9952=CARTESIAN_POINT('Origin',(-32.5,-237.5,129.));
#9953=CARTESIAN_POINT('Origin',(-7.89897185450043E-15,-237.5,129.));
#9954=CARTESIAN_POINT('Origin',(-7.89897185450043E-15,-235.,129.));
#9955=CARTESIAN_POINT('Origin',(-32.5,-237.5,92.125));
#9956=CARTESIAN_POINT('',(-32.5,-235.,92.125));
#9957=CARTESIAN_POINT('',(-35.,-237.5,92.125));
#9958=CARTESIAN_POINT('Origin',(27.5124378109453,-235.,74.5389897709738));
#9959=CARTESIAN_POINT('',(44.5522388059701,-252.5,92.8322995330139));
#9960=CARTESIAN_POINT('',(44.5522388059701,-235.,92.8322995330139));
#9961=CARTESIAN_POINT('',(50.4394693200663,-252.5,64.5714812467853));
#9962=CARTESIAN_POINT('Origin',(27.5124378109453,-252.5,74.5389897709738));
#9963=CARTESIAN_POINT('',(50.4394693200663,-235.,64.5714812467853));
#9964=CARTESIAN_POINT('Origin',(-2.69422295812418E-15,-235.,86.5));
#9965=CARTESIAN_POINT('',(-50.4394693200663,-252.5,64.5714812467854));
#9966=CARTESIAN_POINT('Origin',(-2.69422295812418E-15,-252.5,86.5));
#9967=CARTESIAN_POINT('',(-50.4394693200663,-235.,64.5714812467854));
#9968=CARTESIAN_POINT('Origin',(-27.5124378109453,-235.,74.5389897709738));
#9969=CARTESIAN_POINT('',(-44.5522388059701,-252.5,92.8322995330139));
#9970=CARTESIAN_POINT('Origin',(-27.5124378109453,-252.5,74.5389897709738));
#9971=CARTESIAN_POINT('',(-44.5522388059701,-235.,92.8322995330139));
#9972=CARTESIAN_POINT('Origin',(-65.,-235.,114.784271247462));
#9973=CARTESIAN_POINT('',(-35.,-252.5,114.784271247462));
#9974=CARTESIAN_POINT('Origin',(-65.,-252.5,114.784271247462));
#9975=CARTESIAN_POINT('',(-35.,-235.,114.784271247462));
#9976=CARTESIAN_POINT('Origin',(-1.29537348041662E-14,-235.,97.75));
#9977=CARTESIAN_POINT('Origin',(32.5,-252.5,113.375));
#9978=CARTESIAN_POINT('',(35.,-252.5,129.));
#9979=CARTESIAN_POINT('Origin',(32.5,-252.5,129.));
#9980=CARTESIAN_POINT('',(35.,-252.5,114.784271247462));
#9981=CARTESIAN_POINT('Origin',(32.5,-252.5,114.784271247462));
#9982=CARTESIAN_POINT('',(35.,-252.5,113.375));
#9983=CARTESIAN_POINT('Origin',(65.,-252.5,114.784271247462));
#9984=CARTESIAN_POINT('Origin',(42.8482587064676,-252.5,91.0029685568099));
#9985=CARTESIAN_POINT('Origin',(65.,-252.5,114.784271247462));
#9986=CARTESIAN_POINT('Origin',(27.5124378109453,-252.5,74.5389897709738));
#9987=CARTESIAN_POINT('Origin',(48.1467661691542,-252.5,65.5682320992042));
#9988=CARTESIAN_POINT('Origin',(-2.69422295812418E-15,-252.5,86.5));
#9989=CARTESIAN_POINT('Origin',(-48.1467661691542,-252.5,65.5682320992042));
#9990=CARTESIAN_POINT('Origin',(-27.5124378109453,-252.5,74.5389897709738));
#9991=CARTESIAN_POINT('Origin',(-42.8482587064677,-252.5,91.0029685568099));
#9992=CARTESIAN_POINT('Origin',(-65.,-252.5,114.784271247462));
#9993=CARTESIAN_POINT('Origin',(-32.5,-252.5,114.784271247462));
#9994=CARTESIAN_POINT('Origin',(-32.5,-252.5,92.125));
#9995=CARTESIAN_POINT('',(-35.,-252.5,129.));
#9996=CARTESIAN_POINT('Origin',(-32.5,-252.5,129.));
#9997=CARTESIAN_POINT('',(-35.,-252.5,92.125));
#9998=CARTESIAN_POINT('Origin',(-7.89897185450043E-15,-252.5,129.));
#9999=CARTESIAN_POINT('Origin',(-7.89897185450043E-15,-252.5,129.));
#10000=CARTESIAN_POINT('Origin',(65.,-235.,114.784271247462));
#10001=CARTESIAN_POINT('',(35.,-235.,114.784271247462));
#10002=CARTESIAN_POINT('Origin',(35.,-235.,129.));
#10003=CARTESIAN_POINT('',(35.,-235.,129.));
#10004=CARTESIAN_POINT('Origin',(-35.,-235.,86.5));
#10005=CARTESIAN_POINT('',(-35.,-235.,129.));
#10006=CARTESIAN_POINT('Origin',(-7.89897185450043E-15,-235.,129.));
#10007=CARTESIAN_POINT('Origin',(0.,-183.5,64.5));
#10008=CARTESIAN_POINT('',(25.,-183.5,64.5));
#10009=CARTESIAN_POINT('',(6.12323399573677E-15,-183.5,39.5));
#10010=CARTESIAN_POINT('Origin',(0.,-183.5,64.5));
#10011=CARTESIAN_POINT('',(6.49062803548097E-15,-185.,38.));
#10012=CARTESIAN_POINT('Origin',(6.49062803548097E-15,-183.5,38.));
#10013=CARTESIAN_POINT('Origin',(0.,-185.,64.5));
#10014=CARTESIAN_POINT('Origin',(0.,-183.5,64.5));
#10015=CARTESIAN_POINT('Origin',(0.,-185.,64.5));
#10016=CARTESIAN_POINT('',(25.,-181.5,64.5));
#10017=CARTESIAN_POINT('',(0.,-181.5,89.5));
#10018=CARTESIAN_POINT('Origin',(0.,-181.5,64.5));
#10019=CARTESIAN_POINT('',(25.,-185.,64.5));
#10020=CARTESIAN_POINT('Origin',(0.,-181.5,64.5));
#10021=CARTESIAN_POINT('Origin',(-1.29537348041662E-14,-185.,97.75));
#10022=CARTESIAN_POINT('',(32.5,-185.,114.784271247462));
#10023=CARTESIAN_POINT('',(32.5,-185.,129.));
#10024=CARTESIAN_POINT('',(32.5,-185.,113.375));
#10025=CARTESIAN_POINT('',(42.8482587064676,-185.,91.0029685568099));
#10026=CARTESIAN_POINT('Origin',(65.,-185.,114.784271247462));
#10027=CARTESIAN_POINT('',(48.1467661691542,-185.,65.5682320992042));
#10028=CARTESIAN_POINT('Origin',(27.5124378109453,-185.,74.5389897709738));
#10029=CARTESIAN_POINT('',(-48.1467661691542,-185.,65.5682320992042));
#10030=CARTESIAN_POINT('Origin',(-2.69422295812418E-15,-185.,86.5));
#10031=CARTESIAN_POINT('',(-42.8482587064677,-185.,91.0029685568099));
#10032=CARTESIAN_POINT('Origin',(-27.5124378109453,-185.,74.5389897709738));
#10033=CARTESIAN_POINT('',(-32.5,-185.,114.784271247462));
#10034=CARTESIAN_POINT('Origin',(-65.,-185.,114.784271247462));
#10035=CARTESIAN_POINT('',(-32.5,-185.,129.));
#10036=CARTESIAN_POINT('',(-32.5,-185.,92.125));
#10037=CARTESIAN_POINT('Origin',(-7.89897185450043E-15,-185.,129.));
#10038=CARTESIAN_POINT('Origin',(0.,-181.5,64.5));
#10039=CARTESIAN_POINT('',(0.,-180.,88.));
#10040=CARTESIAN_POINT('Origin',(0.,-180.,64.5));
#10041=CARTESIAN_POINT('Origin',(0.,-181.5,88.));
#10042=CARTESIAN_POINT('Origin',(0.,-180.,64.5));
#10043=CARTESIAN_POINT('',(0.,-180.,86.));
#10044=CARTESIAN_POINT('Origin',(0.,-180.,64.5));
#10045=CARTESIAN_POINT('Origin',(0.,-178.5,64.5));
#10046=CARTESIAN_POINT('',(0.,-178.5,84.5));
#10047=CARTESIAN_POINT('Origin',(0.,-178.5,86.));
#10048=CARTESIAN_POINT('',(20.,-178.5,64.5));
#10049=CARTESIAN_POINT('Origin',(0.,-178.5,64.5));
#10050=CARTESIAN_POINT('Origin',(0.,-178.5,64.5));
#10051=CARTESIAN_POINT('Origin',(0.,-185.,64.5));
#10052=CARTESIAN_POINT('',(20.,-185.,64.5));
#10053=CARTESIAN_POINT('Origin',(-65.,-202.5,114.784271247462));
#10054=CARTESIAN_POINT('',(-32.5,-205.,114.784271247462));
#10055=CARTESIAN_POINT('',(-35.,-202.5,114.784271247462));
#10056=CARTESIAN_POINT('Origin',(-32.5,-202.5,114.784271247462));
#10057=CARTESIAN_POINT('',(-44.5522388059701,-202.5,92.8322995330139));
#10058=CARTESIAN_POINT('Origin',(-65.,-202.5,114.784271247462));
#10059=CARTESIAN_POINT('',(-42.8482587064677,-205.,91.0029685568098));
#10060=CARTESIAN_POINT('Origin',(-42.8482587064677,-202.5,91.0029685568098));
#10061=CARTESIAN_POINT('Origin',(-65.,-205.,114.784271247462));
#10062=CARTESIAN_POINT('Origin',(-27.5124378109453,-202.5,74.5389897709738));
#10063=CARTESIAN_POINT('',(-50.4394693200663,-202.5,64.5714812467854));
#10064=CARTESIAN_POINT('',(-48.1467661691542,-205.,65.5682320992042));
#10065=CARTESIAN_POINT('Origin',(-48.1467661691542,-202.5,65.5682320992042));
#10066=CARTESIAN_POINT('Origin',(-27.5124378109453,-205.,74.5389897709738));
#10067=CARTESIAN_POINT('Origin',(-27.5124378109453,-202.5,74.5389897709738));
#10068=CARTESIAN_POINT('Origin',(-2.69422295812418E-15,-202.5,86.5));
#10069=CARTESIAN_POINT('',(50.4394693200663,-202.5,64.5714812467853));
#10070=CARTESIAN_POINT('',(48.1467661691542,-205.,65.5682320992042));
#10071=CARTESIAN_POINT('Origin',(48.1467661691542,-202.5,65.5682320992042));
#10072=CARTESIAN_POINT('Origin',(-2.69422295812418E-15,-205.,86.5));
#10073=CARTESIAN_POINT('Origin',(-2.69422295812418E-15,-202.5,86.5));
#10074=CARTESIAN_POINT('Origin',(27.5124378109453,-202.5,74.5389897709738));
#10075=CARTESIAN_POINT('',(44.5522388059701,-202.5,92.8322995330139));
#10076=CARTESIAN_POINT('',(42.8482587064677,-205.,91.0029685568098));
#10077=CARTESIAN_POINT('Origin',(42.8482587064677,-202.5,91.0029685568098));
#10078=CARTESIAN_POINT('Origin',(27.5124378109453,-205.,74.5389897709738));
#10079=CARTESIAN_POINT('Origin',(27.5124378109453,-202.5,74.5389897709738));
#10080=CARTESIAN_POINT('Origin',(65.,-202.5,114.784271247462));
#10081=CARTESIAN_POINT('',(35.,-202.5,114.784271247462));
#10082=CARTESIAN_POINT('',(32.5,-205.,114.784271247462));
#10083=CARTESIAN_POINT('Origin',(32.5,-202.5,114.784271247462));
#10084=CARTESIAN_POINT('Origin',(65.,-205.,114.784271247462));
#10085=CARTESIAN_POINT('Origin',(65.,-202.5,114.784271247462));
#10086=CARTESIAN_POINT('Origin',(32.5,-202.5,113.375));
#10087=CARTESIAN_POINT('',(35.,-202.5,129.));
#10088=CARTESIAN_POINT('',(32.5,-205.,129.));
#10089=CARTESIAN_POINT('Origin',(32.5,-202.5,129.));
#10090=CARTESIAN_POINT('',(32.5,-205.,113.375));
#10091=CARTESIAN_POINT('',(35.,-202.5,113.375));
#10092=CARTESIAN_POINT('Origin',(-7.89897185450043E-15,-202.5,129.));
#10093=CARTESIAN_POINT('',(-35.,-202.5,129.));
#10094=CARTESIAN_POINT('',(-32.5,-205.,129.));
#10095=CARTESIAN_POINT('Origin',(-32.5,-202.5,129.));
#10096=CARTESIAN_POINT('Origin',(-7.89897185450043E-15,-205.,129.));
#10097=CARTESIAN_POINT('Origin',(-7.89897185450043E-15,-202.5,129.));
#10098=CARTESIAN_POINT('Origin',(-32.5,-202.5,92.125));
#10099=CARTESIAN_POINT('',(-35.,-202.5,92.125));
#10100=CARTESIAN_POINT('',(-32.5,-205.,92.125));
#10101=CARTESIAN_POINT('Origin',(27.5124378109453,-205.,74.5389897709738));
#10102=CARTESIAN_POINT('',(50.4394693200663,-187.5,64.5714812467853));
#10103=CARTESIAN_POINT('',(50.4394693200663,-205.,64.5714812467853));
#10104=CARTESIAN_POINT('',(44.5522388059701,-187.5,92.8322995330139));
#10105=CARTESIAN_POINT('Origin',(27.5124378109453,-187.5,74.5389897709738));
#10106=CARTESIAN_POINT('',(44.5522388059701,-205.,92.8322995330139));
#10107=CARTESIAN_POINT('Origin',(-2.69422295812418E-15,-205.,86.5));
#10108=CARTESIAN_POINT('',(-50.4394693200663,-187.5,64.5714812467854));
#10109=CARTESIAN_POINT('',(-50.4394693200663,-205.,64.5714812467854));
#10110=CARTESIAN_POINT('Origin',(-2.69422295812418E-15,-187.5,86.5));
#10111=CARTESIAN_POINT('Origin',(-27.5124378109453,-205.,74.5389897709738));
#10112=CARTESIAN_POINT('',(-44.5522388059701,-187.5,92.8322995330139));
#10113=CARTESIAN_POINT('',(-44.5522388059701,-205.,92.8322995330139));
#10114=CARTESIAN_POINT('Origin',(-27.5124378109453,-187.5,74.5389897709738));
#10115=CARTESIAN_POINT('Origin',(-65.,-205.,114.784271247462));
#10116=CARTESIAN_POINT('',(-35.,-187.5,114.784271247462));
#10117=CARTESIAN_POINT('',(-35.,-205.,114.784271247462));
#10118=CARTESIAN_POINT('Origin',(-65.,-187.5,114.784271247462));
#10119=CARTESIAN_POINT('Origin',(-1.29537348041662E-14,-205.,97.75));
#10120=CARTESIAN_POINT('Origin',(32.5,-187.5,113.375));
#10121=CARTESIAN_POINT('',(35.,-187.5,129.));
#10122=CARTESIAN_POINT('Origin',(32.5,-187.5,129.));
#10123=CARTESIAN_POINT('',(35.,-187.5,114.784271247462));
#10124=CARTESIAN_POINT('',(35.,-187.5,113.375));
#10125=CARTESIAN_POINT('Origin',(32.5,-187.5,114.784271247462));
#10126=CARTESIAN_POINT('Origin',(65.,-187.5,114.784271247462));
#10127=CARTESIAN_POINT('Origin',(42.8482587064676,-187.5,91.0029685568099));
#10128=CARTESIAN_POINT('Origin',(65.,-187.5,114.784271247462));
#10129=CARTESIAN_POINT('Origin',(27.5124378109453,-187.5,74.5389897709738));
#10130=CARTESIAN_POINT('Origin',(48.1467661691542,-187.5,65.5682320992042));
#10131=CARTESIAN_POINT('Origin',(-2.69422295812418E-15,-187.5,86.5));
#10132=CARTESIAN_POINT('Origin',(-48.1467661691542,-187.5,65.5682320992042));
#10133=CARTESIAN_POINT('Origin',(-27.5124378109453,-187.5,74.5389897709738));
#10134=CARTESIAN_POINT('Origin',(-42.8482587064677,-187.5,91.0029685568099));
#10135=CARTESIAN_POINT('Origin',(-65.,-187.5,114.784271247462));
#10136=CARTESIAN_POINT('Origin',(-32.5,-187.5,114.784271247462));
#10137=CARTESIAN_POINT('Origin',(-32.5,-187.5,92.125));
#10138=CARTESIAN_POINT('',(-35.,-187.5,129.));
#10139=CARTESIAN_POINT('Origin',(-32.5,-187.5,129.));
#10140=CARTESIAN_POINT('',(-35.,-187.5,92.125));
#10141=CARTESIAN_POINT('Origin',(-7.89897185450043E-15,-187.5,129.));
#10142=CARTESIAN_POINT('Origin',(-7.89897185450043E-15,-187.5,129.));
#10143=CARTESIAN_POINT('Origin',(65.,-205.,114.784271247462));
#10144=CARTESIAN_POINT('',(35.,-205.,114.784271247462));
#10145=CARTESIAN_POINT('Origin',(35.,-205.,129.));
#10146=CARTESIAN_POINT('',(35.,-205.,129.));
#10147=CARTESIAN_POINT('Origin',(-35.,-205.,86.5));
#10148=CARTESIAN_POINT('',(-35.,-205.,129.));
#10149=CARTESIAN_POINT('Origin',(-7.89897185450043E-15,-205.,129.));
#10150=CARTESIAN_POINT('Origin',(0.,0.,0.));
#10151=CARTESIAN_POINT('',(-22.5,15.,2.75545529808154E-15));
#10152=CARTESIAN_POINT('Origin',(0.,15.,0.));
#10153=CARTESIAN_POINT('',(-22.5,-15.,2.75545529808154E-15));
#10154=CARTESIAN_POINT('',(-22.5,0.,2.75545529808154E-15));
#10155=CARTESIAN_POINT('Origin',(0.,-15.,0.));
#10156=CARTESIAN_POINT('Origin',(0.,-36.5,64.5));
#10157=CARTESIAN_POINT('',(-25.,-36.5,64.5));
#10158=CARTESIAN_POINT('',(-3.06161699786838E-15,-36.5,89.5));
#10159=CARTESIAN_POINT('Origin',(0.,-36.5,64.5));
#10160=CARTESIAN_POINT('Origin',(0.,-36.5,64.5));
#10161=CARTESIAN_POINT('',(-3.24531401774049E-15,-35.,91.));
#10162=CARTESIAN_POINT('Origin',(-3.24531401774049E-15,-36.5,91.));
#10163=CARTESIAN_POINT('Origin',(0.,-35.,64.5));
#10164=CARTESIAN_POINT('Origin',(0.,-35.,64.5));
#10165=CARTESIAN_POINT('',(-25.,-38.5,64.5));
#10166=CARTESIAN_POINT('',(-3.06161699786838E-15,-38.5,39.5));
#10167=CARTESIAN_POINT('Origin',(0.,-38.5,64.5));
#10168=CARTESIAN_POINT('Origin',(0.,-38.5,64.5));
#10169=CARTESIAN_POINT('',(-25.,-35.,64.5));
#10170=CARTESIAN_POINT('Origin',(8.88178419700125E-15,-35.,31.25));
#10171=CARTESIAN_POINT('',(-32.5,-35.,14.2157287525381));
#10172=CARTESIAN_POINT('',(-32.5,-35.,0.));
#10173=CARTESIAN_POINT('',(-32.5,-35.,15.625));
#10174=CARTESIAN_POINT('',(32.5,-35.,0.));
#10175=CARTESIAN_POINT('Origin',(0.,-35.,0.));
#10176=CARTESIAN_POINT('',(32.5,-35.,14.2157287525381));
#10177=CARTESIAN_POINT('',(32.5,-35.,36.875));
#10178=CARTESIAN_POINT('',(42.8482587064677,-35.,37.9970314431901));
#10179=CARTESIAN_POINT('Origin',(65.,-35.,14.2157287525381));
#10180=CARTESIAN_POINT('',(48.1467661691542,-35.,63.4317679007958));
#10181=CARTESIAN_POINT('Origin',(27.5124378109453,-35.,54.4610102290262));
#10182=CARTESIAN_POINT('',(-48.1467661691542,-35.,63.4317679007958));
#10183=CARTESIAN_POINT('Origin',(0.,-35.,42.5));
#10184=CARTESIAN_POINT('',(-42.8482587064676,-35.,37.9970314431901));
#10185=CARTESIAN_POINT('Origin',(-27.5124378109453,-35.,54.4610102290262));
#10186=CARTESIAN_POINT('Origin',(-65.,-35.,14.2157287525381));
#10187=CARTESIAN_POINT('Origin',(0.,-38.5,64.5));
#10188=CARTESIAN_POINT('',(-2.87791997799628E-15,-40.,41.));
#10189=CARTESIAN_POINT('Origin',(0.,-40.,64.5));
#10190=CARTESIAN_POINT('Origin',(-2.87791997799628E-15,-38.5,41.));
#10191=CARTESIAN_POINT('Origin',(0.,-40.,64.5));
#10192=CARTESIAN_POINT('',(-2.63299061816681E-15,-40.,43.));
#10193=CARTESIAN_POINT('Origin',(0.,-40.,64.5));
#10194=CARTESIAN_POINT('Origin',(0.,-41.5,64.5));
#10195=CARTESIAN_POINT('',(-2.44929359829471E-15,-41.5,44.5));
#10196=CARTESIAN_POINT('Origin',(-2.63299061816681E-15,-41.5,43.));
#10197=CARTESIAN_POINT('',(-20.,-41.5,64.5));
#10198=CARTESIAN_POINT('Origin',(0.,-41.5,64.5));
#10199=CARTESIAN_POINT('Origin',(0.,-41.5,64.5));
#10200=CARTESIAN_POINT('Origin',(0.,-35.,64.5));
#10201=CARTESIAN_POINT('',(-20.,-35.,64.5));
#10202=CARTESIAN_POINT('Origin',(65.,-17.5,14.2157287525381));
#10203=CARTESIAN_POINT('',(32.5,-15.,14.2157287525381));
#10204=CARTESIAN_POINT('',(35.,-17.5,14.2157287525381));
#10205=CARTESIAN_POINT('Origin',(32.5,-17.5,14.2157287525381));
#10206=CARTESIAN_POINT('',(42.8482587064677,-15.,37.9970314431901));
#10207=CARTESIAN_POINT('Origin',(65.,-15.,14.2157287525381));
#10208=CARTESIAN_POINT('',(44.5522388059701,-17.5,36.1677004669861));
#10209=CARTESIAN_POINT('Origin',(42.8482587064677,-17.5,37.9970314431901));
#10210=CARTESIAN_POINT('Origin',(65.,-17.5,14.2157287525381));
#10211=CARTESIAN_POINT('Origin',(27.5124378109453,-17.5,54.4610102290262));
#10212=CARTESIAN_POINT('',(50.4394693200663,-17.5,64.4285187532146));
#10213=CARTESIAN_POINT('',(48.1467661691542,-15.,63.4317679007958));
#10214=CARTESIAN_POINT('Origin',(48.1467661691542,-17.5,63.4317679007958));
#10215=CARTESIAN_POINT('Origin',(27.5124378109453,-17.5,54.4610102290262));
#10216=CARTESIAN_POINT('Origin',(27.5124378109453,-15.,54.4610102290262));
#10217=CARTESIAN_POINT('Origin',(0.,-17.5,42.5));
#10218=CARTESIAN_POINT('',(-50.4394693200663,-17.5,64.4285187532146));
#10219=CARTESIAN_POINT('',(-48.1467661691542,-15.,63.4317679007958));
#10220=CARTESIAN_POINT('Origin',(-48.1467661691542,-17.5,63.4317679007958));
#10221=CARTESIAN_POINT('Origin',(0.,-17.5,42.5));
#10222=CARTESIAN_POINT('Origin',(0.,-15.,42.5));
#10223=CARTESIAN_POINT('Origin',(-27.5124378109453,-17.5,54.4610102290262));
#10224=CARTESIAN_POINT('',(-44.5522388059701,-17.5,36.1677004669861));
#10225=CARTESIAN_POINT('',(-42.8482587064677,-15.,37.9970314431901));
#10226=CARTESIAN_POINT('Origin',(-42.8482587064677,-17.5,37.9970314431901));
#10227=CARTESIAN_POINT('Origin',(-27.5124378109453,-17.5,54.4610102290262));
#10228=CARTESIAN_POINT('Origin',(-27.5124378109453,-15.,54.4610102290262));
#10229=CARTESIAN_POINT('Origin',(-65.,-17.5,14.2157287525381));
#10230=CARTESIAN_POINT('',(-35.,-17.5,14.2157287525381));
#10231=CARTESIAN_POINT('',(-32.5,-15.,14.2157287525381));
#10232=CARTESIAN_POINT('Origin',(-32.5,-17.5,14.2157287525381));
#10233=CARTESIAN_POINT('Origin',(-65.,-17.5,14.2157287525381));
#10234=CARTESIAN_POINT('Origin',(-65.,-15.,14.2157287525381));
#10235=CARTESIAN_POINT('Origin',(-32.5,-17.5,15.625));
#10236=CARTESIAN_POINT('',(-35.,-17.5,0.));
#10237=CARTESIAN_POINT('',(-32.5,-15.,0.));
#10238=CARTESIAN_POINT('Origin',(-32.5,-17.5,0.));
#10239=CARTESIAN_POINT('',(-35.,-17.5,15.625));
#10240=CARTESIAN_POINT('',(-32.5,-15.,15.625));
#10241=CARTESIAN_POINT('Origin',(0.,-17.5,0.));
#10242=CARTESIAN_POINT('',(35.,-17.5,0.));
#10243=CARTESIAN_POINT('',(32.5,-15.,0.));
#10244=CARTESIAN_POINT('Origin',(32.5,-17.5,0.));
#10245=CARTESIAN_POINT('Origin',(0.,-17.5,0.));
#10246=CARTESIAN_POINT('Origin',(0.,-15.,0.));
#10247=CARTESIAN_POINT('Origin',(32.5,-17.5,36.875));
#10248=CARTESIAN_POINT('',(32.5,-15.,36.875));
#10249=CARTESIAN_POINT('',(35.,-17.5,36.875));
#10250=CARTESIAN_POINT('Origin',(-27.5124378109453,-15.,54.4610102290262));
#10251=CARTESIAN_POINT('',(-44.5522388059701,-32.5,36.1677004669861));
#10252=CARTESIAN_POINT('',(-44.5522388059701,-15.,36.1677004669861));
#10253=CARTESIAN_POINT('',(-50.4394693200663,-32.5,64.4285187532146));
#10254=CARTESIAN_POINT('Origin',(-27.5124378109453,-32.5,54.4610102290262));
#10255=CARTESIAN_POINT('',(-50.4394693200663,-15.,64.4285187532146));
#10256=CARTESIAN_POINT('Origin',(0.,-15.,42.5));
#10257=CARTESIAN_POINT('',(50.4394693200663,-32.5,64.4285187532146));
#10258=CARTESIAN_POINT('Origin',(0.,-32.5,42.5));
#10259=CARTESIAN_POINT('',(50.4394693200663,-15.,64.4285187532146));
#10260=CARTESIAN_POINT('Origin',(27.5124378109453,-15.,54.4610102290262));
#10261=CARTESIAN_POINT('',(44.5522388059701,-32.5,36.1677004669861));
#10262=CARTESIAN_POINT('Origin',(27.5124378109453,-32.5,54.4610102290262));
#10263=CARTESIAN_POINT('',(44.5522388059701,-15.,36.1677004669861));
#10264=CARTESIAN_POINT('Origin',(65.,-15.,14.2157287525381));
#10265=CARTESIAN_POINT('',(35.,-32.5,14.2157287525381));
#10266=CARTESIAN_POINT('Origin',(65.,-32.5,14.2157287525381));
#10267=CARTESIAN_POINT('',(35.,-15.,14.2157287525381));
#10268=CARTESIAN_POINT('Origin',(8.88178419700125E-15,-15.,31.25));
#10269=CARTESIAN_POINT('Origin',(-32.5,-32.5,15.625));
#10270=CARTESIAN_POINT('',(-35.,-32.5,0.));
#10271=CARTESIAN_POINT('Origin',(-32.5,-32.5,0.));
#10272=CARTESIAN_POINT('',(-35.,-32.5,14.2157287525381));
#10273=CARTESIAN_POINT('Origin',(-32.5,-32.5,14.2157287525381));
#10274=CARTESIAN_POINT('',(-35.,-32.5,15.625));
#10275=CARTESIAN_POINT('Origin',(-65.,-32.5,14.2157287525381));
#10276=CARTESIAN_POINT('Origin',(-42.8482587064676,-32.5,37.9970314431901));
#10277=CARTESIAN_POINT('Origin',(-65.,-32.5,14.2157287525381));
#10278=CARTESIAN_POINT('Origin',(-27.5124378109453,-32.5,54.4610102290262));
#10279=CARTESIAN_POINT('Origin',(-48.1467661691542,-32.5,63.4317679007958));
#10280=CARTESIAN_POINT('Origin',(0.,-32.5,42.5));
#10281=CARTESIAN_POINT('Origin',(48.1467661691542,-32.5,63.4317679007958));
#10282=CARTESIAN_POINT('Origin',(27.5124378109453,-32.5,54.4610102290262));
#10283=CARTESIAN_POINT('Origin',(42.8482587064677,-32.5,37.9970314431901));
#10284=CARTESIAN_POINT('Origin',(65.,-32.5,14.2157287525381));
#10285=CARTESIAN_POINT('Origin',(32.5,-32.5,14.2157287525381));
#10286=CARTESIAN_POINT('Origin',(32.5,-32.5,36.875));
#10287=CARTESIAN_POINT('',(35.,-32.5,0.));
#10288=CARTESIAN_POINT('Origin',(32.5,-32.5,0.));
#10289=CARTESIAN_POINT('',(35.,-32.5,36.875));
#10290=CARTESIAN_POINT('Origin',(0.,-32.5,0.));
#10291=CARTESIAN_POINT('Origin',(0.,-32.5,0.));
#10292=CARTESIAN_POINT('Origin',(-65.,-15.,14.2157287525381));
#10293=CARTESIAN_POINT('',(-35.,-15.,14.2157287525381));
#10294=CARTESIAN_POINT('Origin',(-35.,-15.,0.));
#10295=CARTESIAN_POINT('',(-35.,-15.,0.));
#10296=CARTESIAN_POINT('Origin',(35.,-15.,42.5));
#10297=CARTESIAN_POINT('',(35.,-15.,0.));
#10298=CARTESIAN_POINT('Origin',(0.,-15.,0.));
#10299=CARTESIAN_POINT('Origin',(0.,36.5,64.5));
#10300=CARTESIAN_POINT('',(-25.,36.5,64.5));
#10301=CARTESIAN_POINT('',(-3.06161699786838E-15,36.5,89.5));
#10302=CARTESIAN_POINT('Origin',(0.,36.5,64.5));
#10303=CARTESIAN_POINT('',(-3.24531401774049E-15,35.,91.));
#10304=CARTESIAN_POINT('Origin',(-3.24531401774049E-15,36.5,91.));
#10305=CARTESIAN_POINT('Origin',(0.,35.,64.5));
#10306=CARTESIAN_POINT('Origin',(0.,36.5,64.5));
#10307=CARTESIAN_POINT('Origin',(0.,35.,64.5));
#10308=CARTESIAN_POINT('',(-25.,38.5,64.5));
#10309=CARTESIAN_POINT('',(-3.06161699786838E-15,38.5,39.5));
#10310=CARTESIAN_POINT('Origin',(0.,38.5,64.5));
#10311=CARTESIAN_POINT('',(-25.,35.,64.5));
#10312=CARTESIAN_POINT('Origin',(0.,38.5,64.5));
#10313=CARTESIAN_POINT('Origin',(8.88178419700125E-15,35.,31.25));
#10314=CARTESIAN_POINT('',(-32.5,35.,14.2157287525381));
#10315=CARTESIAN_POINT('',(-32.5,35.,0.));
#10316=CARTESIAN_POINT('',(-32.5,35.,15.625));
#10317=CARTESIAN_POINT('',(-42.8482587064676,35.,37.9970314431901));
#10318=CARTESIAN_POINT('Origin',(-65.,35.,14.2157287525381));
#10319=CARTESIAN_POINT('',(-48.1467661691542,35.,63.4317679007958));
#10320=CARTESIAN_POINT('Origin',(-27.5124378109453,35.,54.4610102290262));
#10321=CARTESIAN_POINT('',(48.1467661691542,35.,63.4317679007958));
#10322=CARTESIAN_POINT('Origin',(0.,35.,42.5));
#10323=CARTESIAN_POINT('',(42.8482587064677,35.,37.9970314431901));
#10324=CARTESIAN_POINT('Origin',(27.5124378109453,35.,54.4610102290262));
#10325=CARTESIAN_POINT('',(32.5,35.,14.2157287525381));
#10326=CARTESIAN_POINT('Origin',(65.,35.,14.2157287525381));
#10327=CARTESIAN_POINT('',(32.5,35.,0.));
#10328=CARTESIAN_POINT('',(32.5,35.,36.875));
#10329=CARTESIAN_POINT('Origin',(0.,35.,0.));
#10330=CARTESIAN_POINT('Origin',(0.,38.5,64.5));
#10331=CARTESIAN_POINT('',(-2.87791997799628E-15,40.,41.));
#10332=CARTESIAN_POINT('Origin',(0.,40.,64.5));
#10333=CARTESIAN_POINT('Origin',(-2.87791997799628E-15,38.5,41.));
#10334=CARTESIAN_POINT('Origin',(0.,40.,64.5));
#10335=CARTESIAN_POINT('',(-2.63299061816681E-15,40.,43.));
#10336=CARTESIAN_POINT('Origin',(0.,40.,64.5));
#10337=CARTESIAN_POINT('Origin',(0.,41.5,64.5));
#10338=CARTESIAN_POINT('',(-2.44929359829471E-15,41.5,44.5));
#10339=CARTESIAN_POINT('Origin',(-2.63299061816681E-15,41.5,43.));
#10340=CARTESIAN_POINT('',(-20.,41.5,64.5));
#10341=CARTESIAN_POINT('Origin',(0.,41.5,64.5));
#10342=CARTESIAN_POINT('Origin',(0.,41.5,64.5));
#10343=CARTESIAN_POINT('Origin',(0.,35.,64.5));
#10344=CARTESIAN_POINT('',(-20.,55.,64.5));
#10345=CARTESIAN_POINT('Origin',(0.,55.,64.5));
#10346=CARTESIAN_POINT('',(-20.,35.,64.5));
#10347=CARTESIAN_POINT('Origin',(65.,17.5,14.2157287525381));
#10348=CARTESIAN_POINT('',(32.5,15.,14.2157287525381));
#10349=CARTESIAN_POINT('',(35.,17.5,14.2157287525381));
#10350=CARTESIAN_POINT('Origin',(32.5,17.5,14.2157287525381));
#10351=CARTESIAN_POINT('',(44.5522388059701,17.5,36.1677004669861));
#10352=CARTESIAN_POINT('Origin',(65.,17.5,14.2157287525381));
#10353=CARTESIAN_POINT('',(42.8482587064677,15.,37.9970314431901));
#10354=CARTESIAN_POINT('Origin',(42.8482587064677,17.5,37.9970314431901));
#10355=CARTESIAN_POINT('Origin',(65.,15.,14.2157287525381));
#10356=CARTESIAN_POINT('Origin',(27.5124378109453,17.5,54.4610102290262));
#10357=CARTESIAN_POINT('',(50.4394693200663,17.5,64.4285187532146));
#10358=CARTESIAN_POINT('',(48.1467661691542,15.,63.4317679007958));
#10359=CARTESIAN_POINT('Origin',(48.1467661691542,17.5,63.4317679007958));
#10360=CARTESIAN_POINT('Origin',(27.5124378109453,15.,54.4610102290262));
#10361=CARTESIAN_POINT('Origin',(27.5124378109453,17.5,54.4610102290262));
#10362=CARTESIAN_POINT('Origin',(0.,17.5,42.5));
#10363=CARTESIAN_POINT('',(-50.4394693200663,17.5,64.4285187532146));
#10364=CARTESIAN_POINT('',(-48.1467661691542,15.,63.4317679007958));
#10365=CARTESIAN_POINT('Origin',(-48.1467661691542,17.5,63.4317679007958));
#10366=CARTESIAN_POINT('Origin',(0.,15.,42.5));
#10367=CARTESIAN_POINT('Origin',(0.,17.5,42.5));
#10368=CARTESIAN_POINT('Origin',(-27.5124378109453,17.5,54.4610102290262));
#10369=CARTESIAN_POINT('',(-44.5522388059701,17.5,36.1677004669861));
#10370=CARTESIAN_POINT('',(-42.8482587064677,15.,37.9970314431901));
#10371=CARTESIAN_POINT('Origin',(-42.8482587064677,17.5,37.9970314431901));
#10372=CARTESIAN_POINT('Origin',(-27.5124378109453,15.,54.4610102290262));
#10373=CARTESIAN_POINT('Origin',(-27.5124378109453,17.5,54.4610102290262));
#10374=CARTESIAN_POINT('Origin',(-65.,17.5,14.2157287525381));
#10375=CARTESIAN_POINT('',(-35.,17.5,14.2157287525381));
#10376=CARTESIAN_POINT('',(-32.5,15.,14.2157287525381));
#10377=CARTESIAN_POINT('Origin',(-32.5,17.5,14.2157287525381));
#10378=CARTESIAN_POINT('Origin',(-65.,15.,14.2157287525381));
#10379=CARTESIAN_POINT('Origin',(-65.,17.5,14.2157287525381));
#10380=CARTESIAN_POINT('Origin',(-32.5,17.5,15.625));
#10381=CARTESIAN_POINT('',(-35.,17.5,0.));
#10382=CARTESIAN_POINT('',(-32.5,15.,0.));
#10383=CARTESIAN_POINT('Origin',(-32.5,17.5,0.));
#10384=CARTESIAN_POINT('',(-32.5,15.,15.625));
#10385=CARTESIAN_POINT('',(-35.,17.5,15.625));
#10386=CARTESIAN_POINT('Origin',(0.,17.5,0.));
#10387=CARTESIAN_POINT('',(35.,17.5,0.));
#10388=CARTESIAN_POINT('',(32.5,15.,0.));
#10389=CARTESIAN_POINT('Origin',(32.5,17.5,0.));
#10390=CARTESIAN_POINT('Origin',(0.,15.,0.));
#10391=CARTESIAN_POINT('Origin',(0.,17.5,0.));
#10392=CARTESIAN_POINT('Origin',(32.5,17.5,36.875));
#10393=CARTESIAN_POINT('',(35.,17.5,36.875));
#10394=CARTESIAN_POINT('',(32.5,15.,36.875));
#10395=CARTESIAN_POINT('Origin',(-27.5124378109453,15.,54.4610102290262));
#10396=CARTESIAN_POINT('',(-50.4394693200663,32.5,64.4285187532146));
#10397=CARTESIAN_POINT('',(-50.4394693200663,15.,64.4285187532146));
#10398=CARTESIAN_POINT('',(-44.5522388059701,32.5,36.1677004669861));
#10399=CARTESIAN_POINT('Origin',(-27.5124378109453,32.5,54.4610102290262));
#10400=CARTESIAN_POINT('',(-44.5522388059701,15.,36.1677004669861));
#10401=CARTESIAN_POINT('Origin',(0.,15.,42.5));
#10402=CARTESIAN_POINT('',(50.4394693200663,32.5,64.4285187532146));
#10403=CARTESIAN_POINT('',(50.4394693200663,15.,64.4285187532146));
#10404=CARTESIAN_POINT('Origin',(0.,32.5,42.5));
#10405=CARTESIAN_POINT('Origin',(27.5124378109453,15.,54.4610102290262));
#10406=CARTESIAN_POINT('',(44.5522388059701,32.5,36.1677004669861));
#10407=CARTESIAN_POINT('',(44.5522388059701,15.,36.1677004669861));
#10408=CARTESIAN_POINT('Origin',(27.5124378109453,32.5,54.4610102290262));
#10409=CARTESIAN_POINT('Origin',(65.,15.,14.2157287525381));
#10410=CARTESIAN_POINT('',(35.,32.5,14.2157287525381));
#10411=CARTESIAN_POINT('',(35.,15.,14.2157287525381));
#10412=CARTESIAN_POINT('Origin',(65.,32.5,14.2157287525381));
#10413=CARTESIAN_POINT('Origin',(8.88178419700125E-15,15.,31.25));
#10414=CARTESIAN_POINT('Origin',(-32.5,32.5,15.625));
#10415=CARTESIAN_POINT('',(-35.,32.5,0.));
#10416=CARTESIAN_POINT('Origin',(-32.5,32.5,0.));
#10417=CARTESIAN_POINT('',(-35.,32.5,14.2157287525381));
#10418=CARTESIAN_POINT('',(-35.,32.5,15.625));
#10419=CARTESIAN_POINT('Origin',(-32.5,32.5,14.2157287525381));
#10420=CARTESIAN_POINT('Origin',(-65.,32.5,14.2157287525381));
#10421=CARTESIAN_POINT('Origin',(-42.8482587064676,32.5,37.9970314431901));
#10422=CARTESIAN_POINT('Origin',(-65.,32.5,14.2157287525381));
#10423=CARTESIAN_POINT('Origin',(-27.5124378109453,32.5,54.4610102290262));
#10424=CARTESIAN_POINT('Origin',(-48.1467661691542,32.5,63.4317679007958));
#10425=CARTESIAN_POINT('Origin',(0.,32.5,42.5));
#10426=CARTESIAN_POINT('Origin',(48.1467661691542,32.5,63.4317679007958));
#10427=CARTESIAN_POINT('Origin',(27.5124378109453,32.5,54.4610102290262));
#10428=CARTESIAN_POINT('Origin',(42.8482587064677,32.5,37.9970314431901));
#10429=CARTESIAN_POINT('Origin',(65.,32.5,14.2157287525381));
#10430=CARTESIAN_POINT('Origin',(32.5,32.5,14.2157287525381));
#10431=CARTESIAN_POINT('Origin',(32.5,32.5,36.875));
#10432=CARTESIAN_POINT('',(35.,32.5,0.));
#10433=CARTESIAN_POINT('Origin',(32.5,32.5,0.));
#10434=CARTESIAN_POINT('',(35.,32.5,36.875));
#10435=CARTESIAN_POINT('Origin',(0.,32.5,0.));
#10436=CARTESIAN_POINT('Origin',(0.,32.5,0.));
#10437=CARTESIAN_POINT('Origin',(-65.,15.,14.2157287525381));
#10438=CARTESIAN_POINT('',(-35.,15.,14.2157287525381));
#10439=CARTESIAN_POINT('Origin',(-35.,15.,0.));
#10440=CARTESIAN_POINT('',(-35.,15.,0.));
#10441=CARTESIAN_POINT('Origin',(0.,55.,64.5));
#10442=CARTESIAN_POINT('Origin',(35.,15.,42.5));
#10443=CARTESIAN_POINT('',(35.,15.,0.));
#10444=CARTESIAN_POINT('Origin',(0.,15.,0.));
#10445=CARTESIAN_POINT('',(0.,0.,0.));
#10446=CARTESIAN_POINT('',(0.,0.,0.));
#10447=CARTESIAN_POINT('Origin',(1.11022302462516E-15,0.,-58.0125));
#10448=CARTESIAN_POINT('',(35.5,18.4323085911667,0.));
#10449=CARTESIAN_POINT('',(-35.5,18.4323085911668,8.88178419700125E-15));
#10450=CARTESIAN_POINT('Ctrl Pts',(35.5,18.4323085911667,-8.18789480661053E-15));
#10451=CARTESIAN_POINT('Ctrl Pts',(34.7818703840603,19.81540182877,0.439450142053165));
#10452=CARTESIAN_POINT('Ctrl Pts',(33.9869078783524,21.1480967349544,0.907435378336738));
#10453=CARTESIAN_POINT('Ctrl Pts',(31.6721908884074,24.5685575092024,2.19836922563114));
#10454=CARTESIAN_POINT('Ctrl Pts',(30.0298422901001,26.5387002048237,3.04151636895392));
#10455=CARTESIAN_POINT('Ctrl Pts',(26.5489143198278,30.019628175096,4.63330194788499));
#10456=CARTESIAN_POINT('Ctrl Pts',(24.5840270600931,31.660322956161,5.44234931521401));
#10457=CARTESIAN_POINT('Ctrl Pts',(20.2818075344126,34.5745386058477,6.94549081823392));
#10458=CARTESIAN_POINT('Ctrl Pts',(17.9442684983147,35.8482706244572,7.63858359796795));
#10459=CARTESIAN_POINT('Ctrl Pts',(13.0324467118689,37.9110888818946,8.78732708137463));
#10460=CARTESIAN_POINT('Ctrl Pts',(10.45320426351,38.7018408841425,9.24336802818371));
#10461=CARTESIAN_POINT('Ctrl Pts',(5.22667879707988,39.7464941345577,9.84988348583725));
#10462=CARTESIAN_POINT('Ctrl Pts',(2.57927522212664,40.,10.));
#10463=CARTESIAN_POINT('Ctrl Pts',(-2.57927522212664,40.,10.));
#10464=CARTESIAN_POINT('Ctrl Pts',(-5.22667879707988,39.7464941345577,9.84988348583725));
#10465=CARTESIAN_POINT('Ctrl Pts',(-10.45320426351,38.7018408841425,9.24336802818371));
#10466=CARTESIAN_POINT('Ctrl Pts',(-13.0324467118689,37.9110888818946,8.78732708137463));
#10467=CARTESIAN_POINT('Ctrl Pts',(-17.9442684983147,35.8482706244572,7.63858359796795));
#10468=CARTESIAN_POINT('Ctrl Pts',(-20.2818075344126,34.5745386058477,6.94549081823393));
#10469=CARTESIAN_POINT('Ctrl Pts',(-24.5840270600931,31.660322956161,5.44234931521402));
#10470=CARTESIAN_POINT('Ctrl Pts',(-26.5489143198278,30.019628175096,4.63330194788499));
#10471=CARTESIAN_POINT('Ctrl Pts',(-30.0298422901001,26.5387002048237,3.04151636895392));
#10472=CARTESIAN_POINT('Ctrl Pts',(-31.6721908884074,24.5685575092024,2.19836922563114));
#10473=CARTESIAN_POINT('Ctrl Pts',(-33.9869078783524,21.1480967349544,0.907435378336744));
#10474=CARTESIAN_POINT('Ctrl Pts',(-34.7818703840603,19.8154018287701,0.439450142053173));
#10475=CARTESIAN_POINT('Ctrl Pts',(-35.5,18.4323085911668,2.77555756156289E-15));
#10476=CARTESIAN_POINT('',(35.5,-18.4323085911667,0.));
#10477=CARTESIAN_POINT('',(35.5,0.,1.59116830314465E-31));
#10478=CARTESIAN_POINT('',(-35.5,-18.4323085911668,8.88178419700125E-15));
#10479=CARTESIAN_POINT('Ctrl Pts',(-35.5,-18.4323085911668,2.63677968348475E-15));
#10480=CARTESIAN_POINT('Ctrl Pts',(-34.7818703840603,-19.81540182877,0.439450142053172));
#10481=CARTESIAN_POINT('Ctrl Pts',(-33.9869078783524,-21.1480967349544,
0.907435378336744));
#10482=CARTESIAN_POINT('Ctrl Pts',(-31.6721908884074,-24.5685575092024,
2.19836922563114));
#10483=CARTESIAN_POINT('Ctrl Pts',(-30.0298422901001,-26.5387002048237,
3.04151636895393));
#10484=CARTESIAN_POINT('Ctrl Pts',(-26.5489143198278,-30.019628175096,4.63330194788499));
#10485=CARTESIAN_POINT('Ctrl Pts',(-24.5840270600931,-31.660322956161,5.44234931521402));
#10486=CARTESIAN_POINT('Ctrl Pts',(-20.2818075344126,-34.5745386058477,
6.94549081823392));
#10487=CARTESIAN_POINT('Ctrl Pts',(-17.9442684983147,-35.8482706244572,
7.63858359796795));
#10488=CARTESIAN_POINT('Ctrl Pts',(-13.032446711869,-37.9110888818946,8.78732708137462));
#10489=CARTESIAN_POINT('Ctrl Pts',(-10.45320426351,-38.7018408841425,9.2433680281837));
#10490=CARTESIAN_POINT('Ctrl Pts',(-5.22667879707991,-39.7464941345577,
9.84988348583725));
#10491=CARTESIAN_POINT('Ctrl Pts',(-2.57927522212665,-40.,10.));
#10492=CARTESIAN_POINT('Ctrl Pts',(2.57927522212664,-40.,10.));
#10493=CARTESIAN_POINT('Ctrl Pts',(5.22667879707989,-39.7464941345577,9.84988348583725));
#10494=CARTESIAN_POINT('Ctrl Pts',(10.45320426351,-38.7018408841425,9.24336802818371));
#10495=CARTESIAN_POINT('Ctrl Pts',(13.0324467118689,-37.9110888818946,8.78732708137462));
#10496=CARTESIAN_POINT('Ctrl Pts',(17.9442684983147,-35.8482706244572,7.63858359796795));
#10497=CARTESIAN_POINT('Ctrl Pts',(20.2818075344126,-34.5745386058477,6.94549081823393));
#10498=CARTESIAN_POINT('Ctrl Pts',(24.5840270600931,-31.6603229561611,5.44234931521402));
#10499=CARTESIAN_POINT('Ctrl Pts',(26.5489143198278,-30.019628175096,4.63330194788499));
#10500=CARTESIAN_POINT('Ctrl Pts',(30.0298422901001,-26.5387002048237,3.04151636895392));
#10501=CARTESIAN_POINT('Ctrl Pts',(31.6721908884074,-24.5685575092024,2.19836922563114));
#10502=CARTESIAN_POINT('Ctrl Pts',(33.9869078783524,-21.1480967349544,0.90743537833674));
#10503=CARTESIAN_POINT('Ctrl Pts',(34.7818703840603,-19.81540182877,0.439450142053165));
#10504=CARTESIAN_POINT('Ctrl Pts',(35.5,-18.4323085911667,-9.57567358739198E-15));
#10505=CARTESIAN_POINT('',(-35.5,0.,-1.59116830314465E-31));
#10506=CARTESIAN_POINT('',(35.0000005215406,0.,0.303022116689949));
#10507=CARTESIAN_POINT('',(-35.0000005215406,-4.28626386088604E-15,0.303022116689949));
#10508=CARTESIAN_POINT('Ctrl Pts',(35.0000005215406,-1.11022302462516E-15,
0.30302211668995));
#10509=CARTESIAN_POINT('Ctrl Pts',(35.0000005215406,-2.2488800970798,0.30302211668995));
#10510=CARTESIAN_POINT('Ctrl Pts',(34.7798644233128,-4.55645111170184,0.436944505201177));
#10511=CARTESIAN_POINT('Ctrl Pts',(33.8721728420575,-9.11461049102665,0.967602050655953));
#10512=CARTESIAN_POINT('Ctrl Pts',(33.1850043392383,-11.3653845432476,1.36340365154262));
#10513=CARTESIAN_POINT('Ctrl Pts',(31.3879836947018,-15.659222066351,2.33264646655803));
#10514=CARTESIAN_POINT('Ctrl Pts',(30.2766980826658,-17.7064961095156,2.9055868630048));
#10515=CARTESIAN_POINT('Ctrl Pts',(27.7236607257879,-21.4848106321842,4.10907748589784));
#10516=CARTESIAN_POINT('Ctrl Pts',(26.2815270783732,-23.215948342255,4.73851201672323));
#10517=CARTESIAN_POINT('Ctrl Pts',(23.2207175750972,-26.276757845531,5.93427180558759));
#10518=CARTESIAN_POINT('Ctrl Pts',(21.4919565085282,-27.7181967960848,6.54514954565194));
#10519=CARTESIAN_POINT('Ctrl Pts',(17.7127130047582,-30.2731304381265,7.68266045610577));
#10520=CARTESIAN_POINT('Ctrl Pts',(15.6621072827015,-31.3868227115371,8.20844007170211));
#10521=CARTESIAN_POINT('Ctrl Pts',(11.3612496633572,-33.1866883080545,9.08024566373131));
#10522=CARTESIAN_POINT('Ctrl Pts',(9.10685928727598,-33.8743015137591,9.42647796379912));
#10523=CARTESIAN_POINT('Ctrl Pts',(4.54722118746956,-34.7811151146508,9.88649420731467));
#10524=CARTESIAN_POINT('Ctrl Pts',(2.2418827672178,-35.0000005215406,10.));
#10525=CARTESIAN_POINT('Ctrl Pts',(-2.2418827672178,-35.0000005215406,10.));
#10526=CARTESIAN_POINT('Ctrl Pts',(-4.54722118746956,-34.7811151146508,
9.88649420731467));
#10527=CARTESIAN_POINT('Ctrl Pts',(-9.10685928727599,-33.8743015137591,
9.42647796379912));
#10528=CARTESIAN_POINT('Ctrl Pts',(-11.3612496633572,-33.1866883080545,
9.08024566373131));
#10529=CARTESIAN_POINT('Ctrl Pts',(-15.6621072827015,-31.3868227115371,
8.20844007170211));
#10530=CARTESIAN_POINT('Ctrl Pts',(-17.7127130047582,-30.2731304381265,
7.68266045610577));
#10531=CARTESIAN_POINT('Ctrl Pts',(-21.4919565085282,-27.7181967960848,
6.54514954565194));
#10532=CARTESIAN_POINT('Ctrl Pts',(-23.2207175750972,-26.276757845531,5.93427180558759));
#10533=CARTESIAN_POINT('Ctrl Pts',(-26.2815270783732,-23.215948342255,4.73851201672323));
#10534=CARTESIAN_POINT('Ctrl Pts',(-27.7236607257879,-21.4848106321842,
4.10907748589783));
#10535=CARTESIAN_POINT('Ctrl Pts',(-30.2766980826658,-17.7064961095156,
2.9055868630048));
#10536=CARTESIAN_POINT('Ctrl Pts',(-31.3879836947018,-15.659222066351,2.33264646655803));
#10537=CARTESIAN_POINT('Ctrl Pts',(-33.1850043392383,-11.3653845432476,
1.36340365154263));
#10538=CARTESIAN_POINT('Ctrl Pts',(-33.8721728420575,-9.11461049102666,
0.967602050655956));
#10539=CARTESIAN_POINT('Ctrl Pts',(-34.7798644233128,-4.55645111170185,
0.436944505201178));
#10540=CARTESIAN_POINT('Ctrl Pts',(-35.0000005215406,-2.2488800970798,0.303022116689952));
#10541=CARTESIAN_POINT('Ctrl Pts',(-35.0000005215406,0.,0.303022116689951));
#10542=CARTESIAN_POINT('Ctrl Pts',(-35.0000005215406,5.55111512312578E-16,
0.303022116689951));
#10543=CARTESIAN_POINT('Ctrl Pts',(-35.0000005215406,2.2488800970798,0.303022116689951));
#10544=CARTESIAN_POINT('Ctrl Pts',(-34.7798644233128,4.55645111170185,0.436944505201178));
#10545=CARTESIAN_POINT('Ctrl Pts',(-33.8721728420575,9.11461049102666,0.967602050655956));
#10546=CARTESIAN_POINT('Ctrl Pts',(-33.1850043392383,11.3653845432476,1.36340365154262));
#10547=CARTESIAN_POINT('Ctrl Pts',(-31.3879836947018,15.659222066351,2.33264646655803));
#10548=CARTESIAN_POINT('Ctrl Pts',(-30.2766980826658,17.7064961095156,2.9055868630048));
#10549=CARTESIAN_POINT('Ctrl Pts',(-27.7236607257879,21.4848106321842,4.10907748589783));
#10550=CARTESIAN_POINT('Ctrl Pts',(-26.2815270783732,23.215948342255,4.73851201672322));
#10551=CARTESIAN_POINT('Ctrl Pts',(-23.2207175750972,26.276757845531,5.93427180558758));
#10552=CARTESIAN_POINT('Ctrl Pts',(-21.4919565085282,27.7181967960848,6.54514954565194));
#10553=CARTESIAN_POINT('Ctrl Pts',(-17.7127130047582,30.2731304381265,7.68266045610577));
#10554=CARTESIAN_POINT('Ctrl Pts',(-15.6621072827015,31.3868227115371,8.20844007170211));
#10555=CARTESIAN_POINT('Ctrl Pts',(-11.3612496633572,33.1866883080545,9.08024566373131));
#10556=CARTESIAN_POINT('Ctrl Pts',(-9.106859287276,33.8743015137591,9.42647796379912));
#10557=CARTESIAN_POINT('Ctrl Pts',(-4.54722118746957,34.7811151146508,9.88649420731467));
#10558=CARTESIAN_POINT('Ctrl Pts',(-2.24188276721781,35.0000005215406,10.));
#10559=CARTESIAN_POINT('Ctrl Pts',(2.24188276721779,35.0000005215406,10.));
#10560=CARTESIAN_POINT('Ctrl Pts',(4.54722118746955,34.7811151146508,9.88649420731467));
#10561=CARTESIAN_POINT('Ctrl Pts',(9.10685928727598,33.8743015137592,9.42647796379912));
#10562=CARTESIAN_POINT('Ctrl Pts',(11.3612496633572,33.1866883080545,9.08024566373131));
#10563=CARTESIAN_POINT('Ctrl Pts',(15.6621072827015,31.3868227115371,8.20844007170211));
#10564=CARTESIAN_POINT('Ctrl Pts',(17.7127130047582,30.2731304381265,7.68266045610577));
#10565=CARTESIAN_POINT('Ctrl Pts',(21.4919565085282,27.7181967960848,6.54514954565194));
#10566=CARTESIAN_POINT('Ctrl Pts',(23.2207175750972,26.276757845531,5.93427180558759));
#10567=CARTESIAN_POINT('Ctrl Pts',(26.2815270783732,23.215948342255,4.73851201672322));
#10568=CARTESIAN_POINT('Ctrl Pts',(27.7236607257879,21.4848106321842,4.10907748589783));
#10569=CARTESIAN_POINT('Ctrl Pts',(30.2766980826658,17.7064961095156,2.9055868630048));
#10570=CARTESIAN_POINT('Ctrl Pts',(31.3879836947018,15.659222066351,2.33264646655803));
#10571=CARTESIAN_POINT('Ctrl Pts',(33.1850043392383,11.3653845432476,1.36340365154263));
#10572=CARTESIAN_POINT('Ctrl Pts',(33.8721728420575,9.11461049102665,0.967602050655958));
#10573=CARTESIAN_POINT('Ctrl Pts',(34.7798644233128,4.55645111170184,0.436944505201182));
#10574=CARTESIAN_POINT('Ctrl Pts',(35.0000005215406,2.2488800970798,0.303022116689951));
#10575=CARTESIAN_POINT('Ctrl Pts',(35.0000005215406,5.55111512312578E-16,
0.303022116689951));
#10576=CARTESIAN_POINT('Origin',(1.42795225357335E-15,0.,24.));
#10577=CARTESIAN_POINT('',(-5.0000000745058,-39.686269656582,24.));
#10578=CARTESIAN_POINT('Ctrl Pts',(-5.0000000745058,-39.686269656582,24.));
#10579=CARTESIAN_POINT('Ctrl Pts',(-5.0000000745058,-39.686269656582,24.6285201058125));
#10580=CARTESIAN_POINT('Ctrl Pts',(-4.8742554215349,-39.7027412158616,25.2984801422807));
#10581=CARTESIAN_POINT('Ctrl Pts',(-4.36378380379726,-39.7620851620474,
26.5301794471131));
#10582=CARTESIAN_POINT('Ctrl Pts',(-3.97909249849902,-39.8040841652398,
27.0919754187336));
#10583=CARTESIAN_POINT('Ctrl Pts',(-3.09197912425992,-39.8828027491442,
27.9790887929727));
#10584=CARTESIAN_POINT('Ctrl Pts',(-2.53018154169286,-39.9246581226805,
28.3637830013409));
#10585=CARTESIAN_POINT('Ctrl Pts',(-1.2984767821721,-39.9836729538668,28.8742567484833));
#10586=CARTESIAN_POINT('Ctrl Pts',(-0.6285148551013,-40.,29.0000000745058));
#10587=CARTESIAN_POINT('Ctrl Pts',(0.628514855101301,-40.,29.0000000745058));
#10588=CARTESIAN_POINT('Ctrl Pts',(1.2984767821721,-39.9836729538668,28.8742567484833));
#10589=CARTESIAN_POINT('Ctrl Pts',(2.53018154169286,-39.9246581226805,28.3637830013409));
#10590=CARTESIAN_POINT('Ctrl Pts',(3.09197912425992,-39.8828027491442,27.9790887929727));
#10591=CARTESIAN_POINT('Ctrl Pts',(3.97909249849902,-39.8040841652398,27.0919754187336));
#10592=CARTESIAN_POINT('Ctrl Pts',(4.36378380379727,-39.7620851620474,26.5301794471131));
#10593=CARTESIAN_POINT('Ctrl Pts',(4.8742554215349,-39.7027412158616,25.2984801422807));
#10594=CARTESIAN_POINT('Ctrl Pts',(5.00000007450581,-39.686269656582,24.6285201058125));
#10595=CARTESIAN_POINT('Ctrl Pts',(5.00000007450581,-39.686269656582,23.3714798941875));
#10596=CARTESIAN_POINT('Ctrl Pts',(4.8742554215349,-39.7027412158616,22.7015198577194));
#10597=CARTESIAN_POINT('Ctrl Pts',(4.36378380379726,-39.7620851620474,21.4698205528869));
#10598=CARTESIAN_POINT('Ctrl Pts',(3.97909249849902,-39.8040841652398,20.9080245812664));
#10599=CARTESIAN_POINT('Ctrl Pts',(3.09197912425992,-39.8828027491442,20.0209112070273));
#10600=CARTESIAN_POINT('Ctrl Pts',(2.53018154169286,-39.9246581226805,19.6362169986592));
#10601=CARTESIAN_POINT('Ctrl Pts',(1.2984767821721,-39.9836729538668,19.1257432515167));
#10602=CARTESIAN_POINT('Ctrl Pts',(0.628514855101303,-40.,18.9999999254942));
#10603=CARTESIAN_POINT('Ctrl Pts',(-0.628514855101296,-40.,18.9999999254942));
#10604=CARTESIAN_POINT('Ctrl Pts',(-1.29847678217209,-39.9836729538668,
19.1257432515167));
#10605=CARTESIAN_POINT('Ctrl Pts',(-2.53018154169286,-39.9246581226805,
19.6362169986592));
#10606=CARTESIAN_POINT('Ctrl Pts',(-3.09197912425992,-39.8828027491442,
20.0209112070273));
#10607=CARTESIAN_POINT('Ctrl Pts',(-3.97909249849901,-39.8040841652398,
20.9080245812664));
#10608=CARTESIAN_POINT('Ctrl Pts',(-4.36378380379726,-39.7620851620474,
21.4698205528869));
#10609=CARTESIAN_POINT('Ctrl Pts',(-4.8742554215349,-39.7027412158616,22.7015198577193));
#10610=CARTESIAN_POINT('Ctrl Pts',(-5.0000000745058,-39.686269656582,23.3714798941875));
#10611=CARTESIAN_POINT('Ctrl Pts',(-5.0000000745058,-39.686269656582,24.));
#10612=CARTESIAN_POINT('',(-5.00000007450581,-34.6410166675689,24.));
#10613=CARTESIAN_POINT('',(-5.00000007450581,0.,24.));
#10614=CARTESIAN_POINT('Ctrl Pts',(-5.00000007450581,-34.6410166675689,
24.));
#10615=CARTESIAN_POINT('Ctrl Pts',(-5.00000007450581,-34.6410166675689,
23.3712596480249));
#10616=CARTESIAN_POINT('Ctrl Pts',(-4.87416979211775,-34.6599022177372,
22.7012071902853));
#10617=CARTESIAN_POINT('Ctrl Pts',(-4.3636361080279,-34.7278711157732,21.4695702866081));
#10618=CARTESIAN_POINT('Ctrl Pts',(-3.97897909429467,-34.7759461800374,
20.9079111770621));
#10619=CARTESIAN_POINT('Ctrl Pts',(-3.09209517142198,-34.8659955990381,
20.0210272541894));
#10620=CARTESIAN_POINT('Ctrl Pts',(-2.53043331674194,-34.9138557040344,
19.6363652614653));
#10621=CARTESIAN_POINT('Ctrl Pts',(-1.29878705835386,-34.981331664985,19.1258279480035));
#10622=CARTESIAN_POINT('Ctrl Pts',(-0.628731350753171,-35.0000005215406,
18.9999999254942));
#10623=CARTESIAN_POINT('Ctrl Pts',(0.628731350753174,-35.0000005215406,
18.9999999254942));
#10624=CARTESIAN_POINT('Ctrl Pts',(1.29878705835386,-34.981331664985,19.1258279480035));
#10625=CARTESIAN_POINT('Ctrl Pts',(2.53043331674194,-34.9138557040344,19.6363652614653));
#10626=CARTESIAN_POINT('Ctrl Pts',(3.09209517142199,-34.8659955990381,20.0210272541894));
#10627=CARTESIAN_POINT('Ctrl Pts',(3.97897909429468,-34.7759461800374,20.9079111770621));
#10628=CARTESIAN_POINT('Ctrl Pts',(4.36363610802791,-34.7278711157732,21.4695702866081));
#10629=CARTESIAN_POINT('Ctrl Pts',(4.87416979211775,-34.6599022177372,22.7012071902853));
#10630=CARTESIAN_POINT('Ctrl Pts',(5.00000007450581,-34.6410166675689,23.3712596480249));
#10631=CARTESIAN_POINT('Ctrl Pts',(5.00000007450581,-34.6410166675689,24.6287403519752));
#10632=CARTESIAN_POINT('Ctrl Pts',(4.87416979211775,-34.6599022177372,25.2987928097147));
#10633=CARTESIAN_POINT('Ctrl Pts',(4.36363610802791,-34.7278711157732,26.5304297133919));
#10634=CARTESIAN_POINT('Ctrl Pts',(3.97897909429468,-34.7759461800374,27.0920888229379));
#10635=CARTESIAN_POINT('Ctrl Pts',(3.09209517142199,-34.8659955990381,27.9789727458106));
#10636=CARTESIAN_POINT('Ctrl Pts',(2.53043331674194,-34.9138557040344,28.3636347385347));
#10637=CARTESIAN_POINT('Ctrl Pts',(1.29878705835386,-34.981331664985,28.8741720519965));
#10638=CARTESIAN_POINT('Ctrl Pts',(0.628731350753174,-35.0000005215406,
29.0000000745058));
#10639=CARTESIAN_POINT('Ctrl Pts',(-0.62873135075317,-35.0000005215406,
29.0000000745058));
#10640=CARTESIAN_POINT('Ctrl Pts',(-1.29878705835386,-34.981331664985,28.8741720519965));
#10641=CARTESIAN_POINT('Ctrl Pts',(-2.53043331674193,-34.9138557040344,
28.3636347385347));
#10642=CARTESIAN_POINT('Ctrl Pts',(-3.09209517142198,-34.8659955990381,
27.9789727458106));
#10643=CARTESIAN_POINT('Ctrl Pts',(-3.97897909429467,-34.7759461800374,
27.0920888229379));
#10644=CARTESIAN_POINT('Ctrl Pts',(-4.3636361080279,-34.7278711157732,26.5304297133919));
#10645=CARTESIAN_POINT('Ctrl Pts',(-4.87416979211775,-34.6599022177372,
25.2987928097147));
#10646=CARTESIAN_POINT('Ctrl Pts',(-5.0000000745058,-34.6410166675689,24.6287403519752));
#10647=CARTESIAN_POINT('Ctrl Pts',(-5.0000000745058,-34.6410166675689,24.));
#10648=CARTESIAN_POINT('Origin',(1.42795225357335E-15,0.,24.));
#10649=CARTESIAN_POINT('',(-5.0000000745058,34.6410166675689,24.));
#10650=CARTESIAN_POINT('Ctrl Pts',(-5.0000000745058,34.6410166675689,24.));
#10651=CARTESIAN_POINT('Ctrl Pts',(-5.0000000745058,34.6410166675689,24.6287403519752));
#10652=CARTESIAN_POINT('Ctrl Pts',(-4.87416979211775,34.6599022177372,25.2987928097147));
#10653=CARTESIAN_POINT('Ctrl Pts',(-4.3636361080279,34.7278711157732,26.5304297133919));
#10654=CARTESIAN_POINT('Ctrl Pts',(-3.97897909429467,34.7759461800374,27.0920888229379));
#10655=CARTESIAN_POINT('Ctrl Pts',(-3.09209517142198,34.8659955990381,27.9789727458106));
#10656=CARTESIAN_POINT('Ctrl Pts',(-2.53043331674194,34.9138557040344,28.3636347385347));
#10657=CARTESIAN_POINT('Ctrl Pts',(-1.29878705835386,34.981331664985,28.8741720519965));
#10658=CARTESIAN_POINT('Ctrl Pts',(-0.628731350753171,35.0000005215406,
29.0000000745058));
#10659=CARTESIAN_POINT('Ctrl Pts',(0.628731350753174,35.0000005215406,29.0000000745058));
#10660=CARTESIAN_POINT('Ctrl Pts',(1.29878705835386,34.981331664985,28.8741720519965));
#10661=CARTESIAN_POINT('Ctrl Pts',(2.53043331674194,34.9138557040344,28.3636347385347));
#10662=CARTESIAN_POINT('Ctrl Pts',(3.09209517142199,34.8659955990381,27.9789727458106));
#10663=CARTESIAN_POINT('Ctrl Pts',(3.97897909429468,34.7759461800374,27.0920888229379));
#10664=CARTESIAN_POINT('Ctrl Pts',(4.36363610802791,34.7278711157732,26.5304297133919));
#10665=CARTESIAN_POINT('Ctrl Pts',(4.87416979211775,34.6599022177372,25.2987928097147));
#10666=CARTESIAN_POINT('Ctrl Pts',(5.00000007450581,34.6410166675689,24.6287403519752));
#10667=CARTESIAN_POINT('Ctrl Pts',(5.00000007450581,34.6410166675689,23.3712596480249));
#10668=CARTESIAN_POINT('Ctrl Pts',(4.87416979211775,34.6599022177372,22.7012071902853));
#10669=CARTESIAN_POINT('Ctrl Pts',(4.36363610802791,34.7278711157732,21.4695702866081));
#10670=CARTESIAN_POINT('Ctrl Pts',(3.97897909429468,34.7759461800374,20.9079111770621));
#10671=CARTESIAN_POINT('Ctrl Pts',(3.09209517142199,34.8659955990381,20.0210272541894));
#10672=CARTESIAN_POINT('Ctrl Pts',(2.53043331674194,34.9138557040344,19.6363652614653));
#10673=CARTESIAN_POINT('Ctrl Pts',(1.29878705835386,34.981331664985,19.1258279480035));
#10674=CARTESIAN_POINT('Ctrl Pts',(0.628731350753174,35.0000005215406,18.9999999254942));
#10675=CARTESIAN_POINT('Ctrl Pts',(-0.62873135075317,35.0000005215406,18.9999999254942));
#10676=CARTESIAN_POINT('Ctrl Pts',(-1.29878705835386,34.981331664985,19.1258279480035));
#10677=CARTESIAN_POINT('Ctrl Pts',(-2.53043331674194,34.9138557040344,19.6363652614653));
#10678=CARTESIAN_POINT('Ctrl Pts',(-3.09209517142198,34.8659955990381,20.0210272541894));
#10679=CARTESIAN_POINT('Ctrl Pts',(-3.97897909429467,34.7759461800374,20.9079111770621));
#10680=CARTESIAN_POINT('Ctrl Pts',(-4.3636361080279,34.7278711157732,21.4695702866081));
#10681=CARTESIAN_POINT('Ctrl Pts',(-4.87416979211775,34.6599022177372,22.7012071902853));
#10682=CARTESIAN_POINT('Ctrl Pts',(-5.0000000745058,34.6410166675689,23.3712596480248));
#10683=CARTESIAN_POINT('Ctrl Pts',(-5.0000000745058,34.6410166675689,24.));
#10684=CARTESIAN_POINT('',(-5.00000007450581,39.686269656582,24.));
#10685=CARTESIAN_POINT('',(-5.00000007450581,0.,24.));
#10686=CARTESIAN_POINT('Ctrl Pts',(-5.00000007450581,39.686269656582,24.));
#10687=CARTESIAN_POINT('Ctrl Pts',(-5.00000007450581,39.686269656582,23.3714798941875));
#10688=CARTESIAN_POINT('Ctrl Pts',(-4.8742554215349,39.7027412158616,22.7015198577193));
#10689=CARTESIAN_POINT('Ctrl Pts',(-4.36378380379726,39.7620851620474,21.4698205528869));
#10690=CARTESIAN_POINT('Ctrl Pts',(-3.97909249849901,39.8040841652398,20.9080245812664));
#10691=CARTESIAN_POINT('Ctrl Pts',(-3.09197912425992,39.8828027491442,20.0209112070273));
#10692=CARTESIAN_POINT('Ctrl Pts',(-2.53018154169286,39.9246581226805,19.6362169986592));
#10693=CARTESIAN_POINT('Ctrl Pts',(-1.29847678217209,39.9836729538668,19.1257432515167));
#10694=CARTESIAN_POINT('Ctrl Pts',(-0.628514855101296,40.,18.9999999254942));
#10695=CARTESIAN_POINT('Ctrl Pts',(0.628514855101303,40.,18.9999999254942));
#10696=CARTESIAN_POINT('Ctrl Pts',(1.2984767821721,39.9836729538668,19.1257432515167));
#10697=CARTESIAN_POINT('Ctrl Pts',(2.53018154169286,39.9246581226805,19.6362169986592));
#10698=CARTESIAN_POINT('Ctrl Pts',(3.09197912425992,39.8828027491442,20.0209112070273));
#10699=CARTESIAN_POINT('Ctrl Pts',(3.97909249849902,39.8040841652398,20.9080245812664));
#10700=CARTESIAN_POINT('Ctrl Pts',(4.36378380379726,39.7620851620474,21.4698205528869));
#10701=CARTESIAN_POINT('Ctrl Pts',(4.8742554215349,39.7027412158616,22.7015198577193));
#10702=CARTESIAN_POINT('Ctrl Pts',(5.00000007450581,39.686269656582,23.3714798941875));
#10703=CARTESIAN_POINT('Ctrl Pts',(5.00000007450581,39.686269656582,24.6285201058125));
#10704=CARTESIAN_POINT('Ctrl Pts',(4.8742554215349,39.7027412158616,25.2984801422807));
#10705=CARTESIAN_POINT('Ctrl Pts',(4.36378380379727,39.7620851620474,26.5301794471131));
#10706=CARTESIAN_POINT('Ctrl Pts',(3.97909249849902,39.8040841652398,27.0919754187336));
#10707=CARTESIAN_POINT('Ctrl Pts',(3.09197912425992,39.8828027491442,27.9790887929727));
#10708=CARTESIAN_POINT('Ctrl Pts',(2.53018154169286,39.9246581226805,28.3637830013409));
#10709=CARTESIAN_POINT('Ctrl Pts',(1.29847678217209,39.9836729538668,28.8742567484833));
#10710=CARTESIAN_POINT('Ctrl Pts',(0.6285148551013,40.,29.0000000745058));
#10711=CARTESIAN_POINT('Ctrl Pts',(-0.628514855101299,40.,29.0000000745058));
#10712=CARTESIAN_POINT('Ctrl Pts',(-1.29847678217209,39.9836729538668,28.8742567484833));
#10713=CARTESIAN_POINT('Ctrl Pts',(-2.53018154169286,39.9246581226805,28.3637830013409));
#10714=CARTESIAN_POINT('Ctrl Pts',(-3.09197912425992,39.8828027491442,27.9790887929727));
#10715=CARTESIAN_POINT('Ctrl Pts',(-3.97909249849902,39.8040841652398,27.0919754187336));
#10716=CARTESIAN_POINT('Ctrl Pts',(-4.36378380379726,39.7620851620474,26.5301794471131));
#10717=CARTESIAN_POINT('Ctrl Pts',(-4.8742554215349,39.7027412158616,25.2984801422807));
#10718=CARTESIAN_POINT('Ctrl Pts',(-5.0000000745058,39.686269656582,24.6285201058125));
#10719=CARTESIAN_POINT('Ctrl Pts',(-5.0000000745058,39.686269656582,24.));
#10720=CARTESIAN_POINT('Origin',(40.,0.,9.24446373305873E-32));
#10721=CARTESIAN_POINT('',(-40.,-4.89858719658941E-15,-8.88178419700125E-15));
#10722=CARTESIAN_POINT('Origin',(0.,0.,0.));
#10723=CARTESIAN_POINT('Origin',(0.,0.,0.));
#10724=CARTESIAN_POINT('Origin',(-8.06789562157853E-32,0.,18.));
#10725=CARTESIAN_POINT('',(-40.,-4.89858719658941E-15,36.));
#10726=CARTESIAN_POINT('Origin',(-1.61357912431571E-31,0.,36.));
#10727=CARTESIAN_POINT('',(-40.,-4.89858719658941E-15,18.));
#10728=CARTESIAN_POINT('Origin',(0.,0.,0.));
#10729=CARTESIAN_POINT('Origin',(0.,0.,-8.68419320378245E-32));
#10730=CARTESIAN_POINT('',(-35.0000005215406,4.28626386088604E-15,50.));
#10731=CARTESIAN_POINT('',(-35.0000005215406,-4.28626386088604E-15,-8.68419320378245E-32));
#10732=CARTESIAN_POINT('Origin',(0.,0.,50.));
#10733=CARTESIAN_POINT('Origin',(0.,0.,50.));
#10734=CARTESIAN_POINT('Origin',(-2.24108211710515E-31,0.,50.));
#10735=CARTESIAN_POINT('',(-35.,-4.28626379701574E-15,55.));
#10736=CARTESIAN_POINT('Origin',(-2.46519032881566E-31,0.,55.));
#10737=CARTESIAN_POINT('',(-40.,-4.89858719658941E-15,50.));
#10738=CARTESIAN_POINT('Origin',(-35.,-4.28626379701574E-15,50.));
#10739=CARTESIAN_POINT('Origin',(-2.24108211710515E-31,0.,50.));
#10740=CARTESIAN_POINT('Origin',(-2.3083145806183E-31,0.,51.5));
#10741=CARTESIAN_POINT('',(-40.,-4.89858719658941E-15,48.));
#10742=CARTESIAN_POINT('',(-40.,-4.89858719658941E-15,51.5));
#10743=CARTESIAN_POINT('Origin',(-2.15143883242094E-31,0.,48.));
#10744=CARTESIAN_POINT('Origin',(0.,0.,55.));
#10745=CARTESIAN_POINT('Origin',(-1.79286569368412E-31,0.,40.));
#10746=CARTESIAN_POINT('',(-40.,-4.89858719658941E-15,42.));
#10747=CARTESIAN_POINT('Origin',(-1.88250897836832E-31,0.,42.));
#10748=CARTESIAN_POINT('',(-40.,-4.89858719658941E-15,38.));
#10749=CARTESIAN_POINT('',(-40.,-4.89858719658941E-15,40.));
#10750=CARTESIAN_POINT('Origin',(-1.70322240899991E-31,0.,38.));
#10751=CARTESIAN_POINT('Origin',(36.,0.,42.));
#10752=CARTESIAN_POINT('',(-36.,-4.40872847693047E-15,42.));
#10753=CARTESIAN_POINT('Origin',(-1.88250897836832E-31,0.,42.));
#10754=CARTESIAN_POINT('Origin',(-1.92733062071043E-31,0.,43.));
#10755=CARTESIAN_POINT('',(-36.,-4.40872847693047E-15,44.));
#10756=CARTESIAN_POINT('Origin',(-1.97215226305253E-31,0.,44.));
#10757=CARTESIAN_POINT('',(-36.,-4.40872847693047E-15,43.));
#10758=CARTESIAN_POINT('Origin',(40.,0.,44.));
#10759=CARTESIAN_POINT('',(-40.,-4.89858719658941E-15,44.));
#10760=CARTESIAN_POINT('Origin',(-1.97215226305253E-31,0.,44.));
#10761=CARTESIAN_POINT('Origin',(-2.01697390539463E-31,0.,45.));
#10762=CARTESIAN_POINT('',(-40.,-4.89858719658941E-15,46.));
#10763=CARTESIAN_POINT('Origin',(-2.06179554773674E-31,0.,46.));
#10764=CARTESIAN_POINT('',(-40.,-4.89858719658941E-15,45.));
#10765=CARTESIAN_POINT('Origin',(36.,0.,46.));
#10766=CARTESIAN_POINT('',(-36.,-4.40872847693047E-15,46.));
#10767=CARTESIAN_POINT('Origin',(-2.06179554773674E-31,0.,46.));
#10768=CARTESIAN_POINT('Origin',(-2.10661719007884E-31,0.,47.));
#10769=CARTESIAN_POINT('',(-36.,-4.40872847693047E-15,48.));
#10770=CARTESIAN_POINT('Origin',(-2.15143883242094E-31,0.,48.));
#10771=CARTESIAN_POINT('',(-36.,-4.40872847693047E-15,47.));
#10772=CARTESIAN_POINT('Origin',(40.,0.,48.));
#10773=CARTESIAN_POINT('Origin',(40.,0.,9.24446373305873E-32));
#10774=CARTESIAN_POINT('Origin',(36.,0.,36.));
#10775=CARTESIAN_POINT('',(-36.,-4.40872847693047E-15,36.));
#10776=CARTESIAN_POINT('Origin',(-1.61357912431571E-31,0.,36.));
#10777=CARTESIAN_POINT('Origin',(-1.65840076665781E-31,0.,37.));
#10778=CARTESIAN_POINT('',(-36.,-4.40872847693047E-15,38.));
#10779=CARTESIAN_POINT('Origin',(-1.70322240899991E-31,0.,38.));
#10780=CARTESIAN_POINT('',(-36.,-4.40872847693047E-15,37.));
#10781=CARTESIAN_POINT('Origin',(40.,0.,38.));
#10782=CARTESIAN_POINT('',(-1.77635683940025E-14,-21.7524010480072,107.119993167751));
#10783=CARTESIAN_POINT('',(-2.22044604925031E-14,-131.752401048007,212.591731848887));
#10784=CARTESIAN_POINT('',(-2.66453525910038E-14,-241.752401048007,212.591731848887));
#10785=CARTESIAN_POINT('',(-1.42795225357335E-15,-351.747598951993,107.119993167752));
#10786=CARTESIAN_POINT('',(0.,0.,0.));
#10787=CARTESIAN_POINT('',(0.,0.,0.));
#10788=CARTESIAN_POINT('',(-37.1372869888801,-21.7499999999999,11.7641306594317));
#10789=CARTESIAN_POINT('',(0.,0.,0.));
#10790=UNCERTAINTY_MEASURE_WITH_UNIT(LENGTH_MEASURE(0.01),#10808,
'DISTANCE_ACCURACY_VALUE',
'Maximum model space distance between geometric entities at asserted c
onnectivities');
#10791=UNCERTAINTY_MEASURE_WITH_UNIT(LENGTH_MEASURE(0.01),#10808,
'DISTANCE_ACCURACY_VALUE',
'Maximum model space distance between geometric entities at asserted c
onnectivities');
#10792=UNCERTAINTY_MEASURE_WITH_UNIT(LENGTH_MEASURE(0.01),#10808,
'DISTANCE_ACCURACY_VALUE',
'Maximum model space distance between geometric entities at asserted c
onnectivities');
#10793=UNCERTAINTY_MEASURE_WITH_UNIT(LENGTH_MEASURE(0.01),#10808,
'DISTANCE_ACCURACY_VALUE',
'Maximum model space distance between geometric entities at asserted c
onnectivities');
#10794=UNCERTAINTY_MEASURE_WITH_UNIT(LENGTH_MEASURE(0.01),#10808,
'DISTANCE_ACCURACY_VALUE',
'Maximum model space distance between geometric entities at asserted c
onnectivities');
#10795=UNCERTAINTY_MEASURE_WITH_UNIT(LENGTH_MEASURE(0.01),#10808,
'DISTANCE_ACCURACY_VALUE',
'Maximum model space distance between geometric entities at asserted c
onnectivities');
#10796=UNCERTAINTY_MEASURE_WITH_UNIT(LENGTH_MEASURE(0.01),#10808,
'DISTANCE_ACCURACY_VALUE',
'Maximum model space distance between geometric entities at asserted c
onnectivities');
#10797=UNCERTAINTY_MEASURE_WITH_UNIT(LENGTH_MEASURE(0.01),#10808,
'DISTANCE_ACCURACY_VALUE',
'Maximum model space distance between geometric entities at asserted c
onnectivities');
#10798=UNCERTAINTY_MEASURE_WITH_UNIT(LENGTH_MEASURE(0.01),#10808,
'DISTANCE_ACCURACY_VALUE',
'Maximum model space distance between geometric entities at asserted c
onnectivities');
#10799=(
GEOMETRIC_REPRESENTATION_CONTEXT(3)
GLOBAL_UNCERTAINTY_ASSIGNED_CONTEXT((#10790))
GLOBAL_UNIT_ASSIGNED_CONTEXT((#10808,#10810,#10811))
REPRESENTATION_CONTEXT('','3D')
);
#10800=(
GEOMETRIC_REPRESENTATION_CONTEXT(3)
GLOBAL_UNCERTAINTY_ASSIGNED_CONTEXT((#10791))
GLOBAL_UNIT_ASSIGNED_CONTEXT((#10808,#10810,#10811))
REPRESENTATION_CONTEXT('','3D')
);
#10801=(
GEOMETRIC_REPRESENTATION_CONTEXT(3)
GLOBAL_UNCERTAINTY_ASSIGNED_CONTEXT((#10792))
GLOBAL_UNIT_ASSIGNED_CONTEXT((#10808,#10810,#10811))
REPRESENTATION_CONTEXT('','3D')
);
#10802=(
GEOMETRIC_REPRESENTATION_CONTEXT(3)
GLOBAL_UNCERTAINTY_ASSIGNED_CONTEXT((#10793))
GLOBAL_UNIT_ASSIGNED_CONTEXT((#10808,#10810,#10811))
REPRESENTATION_CONTEXT('','3D')
);
#10803=(
GEOMETRIC_REPRESENTATION_CONTEXT(3)
GLOBAL_UNCERTAINTY_ASSIGNED_CONTEXT((#10794))
GLOBAL_UNIT_ASSIGNED_CONTEXT((#10808,#10810,#10811))
REPRESENTATION_CONTEXT('','3D')
);
#10804=(
GEOMETRIC_REPRESENTATION_CONTEXT(3)
GLOBAL_UNCERTAINTY_ASSIGNED_CONTEXT((#10795))
GLOBAL_UNIT_ASSIGNED_CONTEXT((#10808,#10810,#10811))
REPRESENTATION_CONTEXT('','3D')
);
#10805=(
GEOMETRIC_REPRESENTATION_CONTEXT(3)
GLOBAL_UNCERTAINTY_ASSIGNED_CONTEXT((#10796))
GLOBAL_UNIT_ASSIGNED_CONTEXT((#10808,#10810,#10811))
REPRESENTATION_CONTEXT('','3D')
);
#10806=(
GEOMETRIC_REPRESENTATION_CONTEXT(3)
GLOBAL_UNCERTAINTY_ASSIGNED_CONTEXT((#10797))
GLOBAL_UNIT_ASSIGNED_CONTEXT((#10808,#10810,#10811))
REPRESENTATION_CONTEXT('','3D')
);
#10807=(
GEOMETRIC_REPRESENTATION_CONTEXT(3)
GLOBAL_UNCERTAINTY_ASSIGNED_CONTEXT((#10798))
GLOBAL_UNIT_ASSIGNED_CONTEXT((#10808,#10810,#10811))
REPRESENTATION_CONTEXT('','3D')
);
#10808=(
LENGTH_UNIT()
NAMED_UNIT(*)
SI_UNIT(.MILLI.,.METRE.)
);
#10809=(
LENGTH_UNIT()
NAMED_UNIT(*)
SI_UNIT($,.METRE.)
);
#10810=(
NAMED_UNIT(*)
PLANE_ANGLE_UNIT()
SI_UNIT($,.RADIAN.)
);
#10811=(
NAMED_UNIT(*)
SI_UNIT($,.STERADIAN.)
SOLID_ANGLE_UNIT()
);
#10812=SHAPE_DEFINITION_REPRESENTATION(#10820,#10844);
#10813=SHAPE_DEFINITION_REPRESENTATION(#10821,#10845);
#10814=SHAPE_DEFINITION_REPRESENTATION(#10822,#10846);
#10815=SHAPE_DEFINITION_REPRESENTATION(#10827,#10847);
#10816=SHAPE_DEFINITION_REPRESENTATION(#10828,#10848);
#10817=SHAPE_DEFINITION_REPRESENTATION(#10833,#10849);
#10818=SHAPE_DEFINITION_REPRESENTATION(#10834,#10850);
#10819=SHAPE_DEFINITION_REPRESENTATION(#10835,#10851);
#10820=PRODUCT_DEFINITION_SHAPE('',$,#10853);
#10821=PRODUCT_DEFINITION_SHAPE('',$,#10854);
#10822=PRODUCT_DEFINITION_SHAPE('',$,#10855);
#10823=PRODUCT_DEFINITION_SHAPE($,$,#59);
#10824=PRODUCT_DEFINITION_SHAPE($,$,#60);
#10825=PRODUCT_DEFINITION_SHAPE($,$,#61);
#10826=PRODUCT_DEFINITION_SHAPE($,$,#62);
#10827=PRODUCT_DEFINITION_SHAPE('',$,#10856);
#10828=PRODUCT_DEFINITION_SHAPE('',$,#10857);
#10829=PRODUCT_DEFINITION_SHAPE($,$,#63);
#10830=PRODUCT_DEFINITION_SHAPE($,$,#64);
#10831=PRODUCT_DEFINITION_SHAPE($,$,#65);
#10832=PRODUCT_DEFINITION_SHAPE($,$,#66);
#10833=PRODUCT_DEFINITION_SHAPE('',$,#10858);
#10834=PRODUCT_DEFINITION_SHAPE('',$,#10859);
#10835=PRODUCT_DEFINITION_SHAPE('',$,#10860);
#10836=PRODUCT_DEFINITION_SHAPE($,$,#67);
#10837=PRODUCT_DEFINITION_SHAPE($,$,#68);
#10838=PRODUCT_DEFINITION_SHAPE($,$,#69);
#10839=PRODUCT_DEFINITION_SHAPE($,$,#70);
#10840=PRODUCT_DEFINITION_SHAPE($,$,#71);
#10841=PRODUCT_DEFINITION_SHAPE($,$,#72);
#10842=PRODUCT_DEFINITION_SHAPE($,$,#73);
#10843=PRODUCT_DEFINITION_SHAPE($,$,#74);
#10844=SHAPE_REPRESENTATION('',(#5584,#6515,#6516,#6517,#6518),#10799);
#10845=SHAPE_REPRESENTATION('',(#5585,#5759,#5760,#5761,#5762),#10800);
#10846=SHAPE_REPRESENTATION('',(#5586),#10801);
#10847=SHAPE_REPRESENTATION('',(#5763,#5778,#5779,#5780,#5781),#10802);
#10848=SHAPE_REPRESENTATION('',(#5764),#10803);
#10849=SHAPE_REPRESENTATION('',(#5782),#10804);
#10850=SHAPE_REPRESENTATION('',(#6468,#6511,#6512,#6513,#6514),#10805);
#10851=SHAPE_REPRESENTATION('',(#6469),#10806);
#10852=PRODUCT_DEFINITION_CONTEXT('part definition',#10878,'design');
#10853=PRODUCT_DEFINITION('piston_crankshaft_assembly',
'piston_crankshaft_assembly v7',#10861,#10852);
#10854=PRODUCT_DEFINITION('Connecting Rods','Connecting Rods',#10862,#10852);
#10855=PRODUCT_DEFINITION('Connecting Rod','Connecting Rod',#10863,#10852);
#10856=PRODUCT_DEFINITION('Pins','Pins',#10864,#10852);
#10857=PRODUCT_DEFINITION('Pin','Pin',#10865,#10852);
#10858=PRODUCT_DEFINITION('Crank Shaft','Crank Shaft',#10866,#10852);
#10859=PRODUCT_DEFINITION('pistons','pistons',#10867,#10852);
#10860=PRODUCT_DEFINITION('Piston','Piston',#10868,#10852);
#10861=PRODUCT_DEFINITION_FORMATION('',$,#10880);
#10862=PRODUCT_DEFINITION_FORMATION('',$,#10881);
#10863=PRODUCT_DEFINITION_FORMATION('',$,#10882);
#10864=PRODUCT_DEFINITION_FORMATION('',$,#10883);
#10865=PRODUCT_DEFINITION_FORMATION('',$,#10884);
#10866=PRODUCT_DEFINITION_FORMATION('',$,#10885);
#10867=PRODUCT_DEFINITION_FORMATION('',$,#10886);
#10868=PRODUCT_DEFINITION_FORMATION('',$,#10887);
#10869=PRODUCT_RELATED_PRODUCT_CATEGORY('piston_crankshaft_assembly v7',
'piston_crankshaft_assembly v7',(#10880));
#10870=PRODUCT_RELATED_PRODUCT_CATEGORY('Connecting Rods',
'Connecting Rods',(#10881));
#10871=PRODUCT_RELATED_PRODUCT_CATEGORY('Connecting Rod',
'Connecting Rod',(#10882));
#10872=PRODUCT_RELATED_PRODUCT_CATEGORY('Pins','Pins',(#10883));
#10873=PRODUCT_RELATED_PRODUCT_CATEGORY('Pin','Pin',(#10884));
#10874=PRODUCT_RELATED_PRODUCT_CATEGORY('Crank Shaft','Crank Shaft',(#10885));
#10875=PRODUCT_RELATED_PRODUCT_CATEGORY('pistons','pistons',(#10886));
#10876=PRODUCT_RELATED_PRODUCT_CATEGORY('Piston','Piston',(#10887));
#10877=APPLICATION_PROTOCOL_DEFINITION('international standard',
'automotive_design',2009,#10878);
#10878=APPLICATION_CONTEXT(
'Core Data for Automotive Mechanical Design Process');
#10879=PRODUCT_CONTEXT('part definition',#10878,'mechanical');
#10880=PRODUCT('piston_crankshaft_assembly',
'piston_crankshaft_assembly v7',$,(#10879));
#10881=PRODUCT('Connecting Rods','Connecting Rods',$,(#10879));
#10882=PRODUCT('Connecting Rod','Connecting Rod',$,(#10879));
#10883=PRODUCT('Pins','Pins',$,(#10879));
#10884=PRODUCT('Pin','Pin',$,(#10879));
#10885=PRODUCT('Crank Shaft','Crank Shaft',$,(#10879));
#10886=PRODUCT('pistons','pistons',$,(#10879));
#10887=PRODUCT('Piston','Piston',$,(#10879));
#10888=PRESENTATION_STYLE_ASSIGNMENT((#10889));
#10889=SURFACE_STYLE_USAGE(.BOTH.,#10890);
#10890=SURFACE_SIDE_STYLE('',(#10891));
#10891=SURFACE_STYLE_FILL_AREA(#10892);
#10892=FILL_AREA_STYLE('Aluminum - Anodized Glossy (Red)',(#10893));
#10893=FILL_AREA_STYLE_COLOUR('Aluminum - Anodized Glossy (Red)',#10894);
#10894=COLOUR_RGB('Aluminum - Anodized Glossy (Red)',0.854901960784314,
0.349019607843137,0.349019607843137);
ENDSEC;
END-ISO-10303-21;
